article_id,pub,par_index,group,length,text_block_german,text_block_english,row_num,labels_run1,labels_run2,labels_run3,labels_run4,labels_run5,majority_label,majority_count,agreement
KN-doc7k9z7wr4tvn10ntkkm2p,KN,7,REFUG,115,"Die Bundesagentur für Arbeit und die regionalen Jobcenter führen den Angaben zufolge bereits auf allen Ebenen Gespräche mit den etablierten Netzwerkpartnern. Denn: Für die Vermittlung von Arbeitskräften aus Fluchtmigration lägen bei allen Beteiligten umfangreiche Erfahrungen vor. ""Die bestehenden Kontakte und Kooperationen aus der Zeit der massiven Fluchtmigration von 2015 und 2016 sind dabei ausgesprochen hilfreich"", sagt Klink.

In den kommenden Wochen werde die Arbeitsagentur vor allem klären müssen, wie es bei den [Gruppe 1] um Sprachkenntnisse, Qualifikationen oder auch die Verfügbarkeit für den Arbeitsmarkt bestellt ist.

Das Arbeitsamt hat Informationen für die [Gruppe 1] (auch auf Ukrainisch): www.arbeitsagentur.de/ukraine. Die Anerkennung von Berufsabschlüssen aus der Ukraine erfolgt über die Beratungsstellen des IQ-Netzwerks: www.netzwerk-iq.de","According to reports, the Federal Employment Agency (*Bundesagentur für Arbeit*) and the regional Job Centers are already holding discussions at all levels with their established network partners. Because: All parties involved have extensive experience in placing refugees in employment. ""The existing contacts and cooperations from the period of massive refugee migration in 2015 and 2016 have proven particularly helpful,"" says **Klink**.

In the coming weeks, the Employment Agency will primarily need to clarify the situation regarding language skills, qualifications, and availability for the labor market among **[Group 1]**.

The Employment Agency has provided information for **[Group 1]** (also in Ukrainian): [www.arbeitsagentur.de/ukraine](http://www.arbeitsagentur.de/ukraine). The recognition of professional qualifications from Ukraine is handled by the counseling centers of the **IQ Network**: [www.netzwerk-iq.de](http://www.netzwerk-iq.de).",4771,**YES**,**YES**,**NO**,**NO**,**YES**,YES,3,0.6
632712b33dd49b919c20a7e2,Merkur,7,REFUG,70,"Weitere Wohnmöglichkeiten müssten Städte zudem schnell anmieten können. „Dazu müssen wir wissen, bis zu welcher Höhe die Miete übernommen wird“, sagte die Städtetagssprecherin. „Manche Städte sind bereit, selbst zu investieren, sie müssen aber die Rahmenbedingungen kennen.“

Der Angriffskrieg Russlands gegen die Ukraine hatte am 24. Februar begonnen. Bis zum Dienstag wurden laut Justizministerium 1500 [Gruppe 1] im Südwesten registriert. Seit Ende der vergangenen Woche steigt ihre Zahl stark an. dpa

","Cities would also need to be able to rent additional housing options quickly. „For that, we need to know up to what amount the rent will be covered,“ said the spokesperson for the *Städtetag*. „Some cities are willing to invest themselves, but they need to know the framework conditions.“

Russia’s war of aggression against Ukraine began on February 24th. By Tuesday, the Federal Ministry of Justice had registered 1,500 [Group 1] in the southwest. Their numbers have been rising sharply since the end of last week. dpa",8368,YES**,**NO**,**NO**,**YES**,**NO**,NO,3,0.6
632712af3dd49b919c1f262e,Weser Kurier,13,REFUG,188,"Zudem habe ein Großteil der [Gruppe 1] internationalen Studierenden in der Ukraine Medizin studiert. Die Zugangsbarrieren dazu seien hierzulande hoch und die Zahl der Plätze für internationale Studierende in Hamburg begrenzt. „Wir bewegen uns hier in einem Rahmen von unter 20.“ Manche [Gruppe 1] versuchten deshalb, in anderen EU-Ländern einen Studienplatz zu bekommen. Andere überlegten den Wechsel in medizin-verwandte Studiengänge oder auch in Ausbildungsberufe im Gesundheitsbereich.

Anders als andere internationale Studierende, die sich im Heimatland auf ein Auslandsstudium vorbereiten könnten, seien [Gruppe 1] vor „viel elementarere Probleme gestellt“, sagte Hesse. „Es geht um Fragen wie Unterbringung und Versorgung. Außerdem kann eine Flucht traumatisierend sein.“ Vor diesem Hintergrund sehe sie eine Lücke zwischen Anspruch und Wirklichkeit: „Die Erwartungen, dass die Voraussetzung für eine Studienaufnahme in einem halben Jahr erfüllt sind, sind schwierig.“

Durch die Möglichkeit, zumindest für ein halbes Jahr gesichert hier bleiben zu können, um die Aufnahme eines Studiums vorzubereiten, gebe es unter den internationalen Studierenden aus der Ukraine ein großes Interesse, nach Hamburg zu kommen, sagte Hesse. „Wir erhalten sehr, sehr viele Anfragen auch von Personen, die sich aktuell noch gar nicht in Hamburg befinden.“","Moreover, a large proportion of the [Group 1] international students in Ukraine studied medicine. The access barriers here are high, and the number of places available for international students in Hamburg is limited. **""We’re operating within a framework of under 20.""** Some [Group 1] students therefore try to secure a study place in other EU countries, while others consider switching to related medical degree programs or vocational training in the healthcare sector.

Unlike other international students who could prepare for their studies abroad in their home countries, [Group 1] face **""far more fundamental problems,""** said Hesse. **""This is about accommodation and basic needs. Additionally, fleeing can be traumatic.""** Against this backdrop, she sees a gap between expectations and reality: **""The assumption that the requirements for starting a degree can be met within half a year is difficult to fulfill.""**

Thanks to the possibility of staying here securely for at least six months to prepare for university admission, there is a strong interest among international students from Ukraine to come to Hamburg, Hesse said. **""We receive an extremely high number of inquiries—even from people who are not currently in Hamburg at all.""**",5267,**YES**,**NO**,**YES**,**NO**,**YES**,YES,3,0.6
632712b83dd49b919c223bad,Merkur,4,FRA,134,"Es ist schon perfide, wenn die Bremser der Energiewende sich hinstellen und die erneuerbaren Energien für das jetzige Energiedesaster verantwortlich machen. Wäre die Energiewende nicht von den „Ewiggestrigen“ (AfD, FDP und große Teile der Union) ausgebremst worden, stünden wir jetzt wesentlich besser da. Immerhin sorgen Sonne und Wind derzeit dafür, dass die Börsenstrompreise in Deutschland nur ein Drittel so hoch wie in Frankreich sind.

Und die [Gruppe 1], die angesichts des Desasters mit ihren AKWs (mehr als die Hälfte der „so zuverlässigen“ Kraftwerke steht derzeit still) unter akuter Strom-Not leiden, sind froh, aus Deutschland mit relativ günstigem Strom aus erneuerbaren Energien versorgt zu werden. Herr Weiss stellt die abstruse These auf, die Natur hätte Kohle, Öl und Gas erzeugt, damit wir sie verbrennen können. Und uns damit (CO2, Klimawandel) die zukünftige Lebensgrundlage zerstören.

","It’s already perfidious when the brakes on the energy transition step forward and blame renewable energy for the current energy disaster. If the energy transition hadn’t been sabotaged by the „diehard traditionalists“ (AfD, FDP, and large parts of the Union), we’d be in a much better position now. After all, right now, the sun and wind are ensuring that German wholesale electricity prices are only one-third as high as in France.

And the [Group 1]—who are suffering from acute power shortages due to their nuclear plants (more than half of the „so reliable“ power plants are currently offline)—are glad to be supplied with relatively cheap electricity from renewables from Germany.

Mr. Weiss puts forward the absurd theory that nature produced coal, oil, and gas so that we could burn them—and thereby (CO₂, climate change) destroy our future basis for life.",8674,**YES**,YES**,**YES**,**YES**,YES**,YES,3,0.6
632712c33dd49b919c26b29d,Telepolis,50,EU,150,"Aber auch in Europa wird die Lage zunehmend instabil. Die sozialen Schieflagen sind immer deutlicher zu spüren. Die Ungleichheit ist im Zuge neoliberaler Politiken in den letzten Jahrzehnten angewachsen. Durchlauferhitzt wurde diese Tendenz durch die Weltfinanzkrise 2008, bei der Bankencrashs das an sich schon morsche Eurozonen-Gebäude in den Fundamenten erschütterten.

Die politische Reaktion darauf beförderte soziale Spaltungen und verlief nach dem altbekannten Nanny-State-Motto: Gewinne privatisieren, Verluste und Schäden sozialisieren. Während Banken und die, die über große Finanzvermögen verfügen, gerettet wurden, sorgten Spardiktate unter deutscher Führung dafür, dass viele [Gruppe 1]:innen den Gürtel enger schnallen mussten. Der Troika-Angriff auf den Wohlfahrtsstaat vergrößerte wie prognostiziert Armut in der Union, vernichtete wirtschaftliche Entwicklung und eliminierte Jobs in betroffenen Ländern und Regionen.

Ein Studie des Investmentmonitors ""Europe’s growing inequality problem"" kommt nach der Covid-19-Pandemie, aber noch vor dem Ukraine-Krieg im Januar diesen Jahres zu dem Ergebnis:","But even in Europe, the situation is becoming increasingly unstable. The social imbalances are being felt more and more sharply. Inequality has grown over the past few decades as a result of neoliberal policies. This trend was accelerated by the 2008 global financial crisis, when bank collapses shook the already fragile foundations of the Eurozone structure.

The political response to this deepened social divisions and followed the familiar *nanny-state* mantra: privatize profits, socialize losses and damages. While banks and those with substantial financial wealth were bailed out, austerity measures—led by Germany—forced many [Group 1] to tighten their belts. The Troika’s assault on the welfare state, as predicted, increased poverty in the Union, destroyed economic development, and wiped out jobs in affected countries and regions.

A study by the investment monitor *Europe’s growing inequality problem* concluded, following the Covid-19 pandemic but before the Ukraine war, in January of this year:",8995,**YES**,**YES**,**YES**,YES**,**YES**,YES,4,0.8
6327128a3dd49b919c103ea1,Jouwatch,21,SRB,664,"+++ Überhaupt der Herr Putin: Landauf, landab erscheinen Artikel, die sich mit Herrn Putin beschäftigen. Sitzt er im Bunker? Tickt er noch richtig? Angeblich hat er sich drei Mal impfen lassen. Hat er eine hysterische Virenphobie? – Eine deutsche Frage, ausgerechnet. Die schönste aller Feststellungen: Herrn Putins weißer Verhandlungstisch ist so lang, weil er vor Viren Angst hat. Ein inexistenter Experte für Möbel & Inneneinrichtung erklärte, für den langen Tisch gebe es eine sehr viel einleuchtendere Erklärung: Die Macht der Bilder. Im Kreml habe man natürlich gewußt, daß die Bilder von Putin und bspw. Macron, aber auch Scholz, um die Welt gehen würden. Sie sollten “maximale Distanz in der Sache” bei den Verhandlungen signalisieren, also wie eine Warnung funktionieren. Daß Wladimir Putin an keiner Virenphobie leide, habe man sehen können, als Jair Bolsonaro ihm seine Aufwartung machte. Putin und Bolsonaro hätten an einem kleinen Couchtischchen zwischen sich miteinander geredet. Der Vorteil einer Beschäftigung mit Putin liege übrigens auf der Hand: So lange man sich den Kopf über Putin zerbreche, brauche man ihn sich nicht über die eigenen “Bündnispartner” oder gar sich selbst zu zerbrechen. Das dürfe man sich heraussuchen in der ganz wahnsinnig freien Welt mit ihrer formidablen Demokratie. Das wiederum habe durchaus etwas für sich. +++

+++ Putins langer Tisch regte auch die Ratsvorsitzende der evangelischen Kirche, Frau Anette Kurschus, zu tiefer Besinnlichkeit an. Die fromme Frau Ratsvorsitzende: “Der Abendmahlstisch ist mein Hoffnungsbild. Er ist mein Gegenbild zum Tisch im Kreml”. Ein inexistenter Experte für politisierende Kleriker erklärte daraufhin, die hochaggressive “Friedlichkeit” dieser Realitätsverweigerer im Dienste ihrer Eigenwahrnehmung gehe ihm schon länger auf den Sack, als Frau Göring-Eckardt. Wenn Frau Kurschus wolle, würde sie ihren Abendmahlstisch wahrscheinlich jederzeit in der Ukraine aufstellen dürfen, um mit den Mördern der Swoboda-Partei, der Asow-Regimenter und des rechten Sektors sowie dem Herrn Präsidenten Selenskyi zusammen “das Brot zu brechen”. Die [Gruppe 1] und die [Andere Gruppe] seien vermutlich auch schon ganz heiß darauf, mit Frau Kurschus zusammen recht fromm zu dinieren. +++

+++ Der Frieden ist ein Wunsch, der Krieg hingegen eine Tatsache, meinte Oswald Spengler einst. Nicht gesagt hat er, daß der Krieg keine Scheußlichkeit sei. Das ist er ganz ohne Frage. Jedes Kriegsopfer ist eines zu viel. Der Krieg ist dennoch eine Tatsache seit Menschengedenken, und die Hoffnung, daß es jemals keinen Krieg mehr geben könnte, eine Illusion. Es wäre daher wichtig, den Krieg so schnell wie möglich auszutrocknen, wenn irgendwo einer stattfindet, anstatt Öl ins Feuer zu gießen. Ein inexistenter Experte für Aufrichtigkeit und effektiven Frieden merkte an, wenn der Krieg ansich schon die Scheußlichkeit überhaupt sei, dann handle es sich bei jedem, der ihn mit Waffenlieferungen unterstützt, während er gleichzeitig um die Opfer eines solchen Krieges weint, um einen gottverdammten Heuchler. Ob die Ukraine unter russische Aufsicht gestellt werde, sei eine nachrangige Frage angesichts der Opfer, die es zu vermeiden gelte. Alles sei besser, als diese Scheußlichkeit. Der Westen weigere sich auf Kosten dieser Opfer, sich einzugestehen, daß er zu hoch gepokert und verloren hat. Dieser Krieg wäre hundert Mal zu vermeiden gewesen. Es handle sich direkt um einen zynischen Sadismus der friedfertigen Scheinheiligen, einerseits um das destruktive Potential des Menschen Bescheid zu wissen, und ihn dennoch so lange zu provozieren, bis er sein destruktives Potential tatsächlich hervorkehrt, und nur, um ihn dann – und ihn ganz allein – für die Katastrophe zu verurteilen, die unweigerliche Folge dessen ist. Es stimme schon: Wer Hass sät, wird Gewalt ernten. Ehernes Gesetz, unabänderlich. Allerdings läge zwischen Aussaat und Ernte die Zeit des Wachstums. Wer sieht, wie der Hass zwischen Aussaat und Ernte wächst und gedeiht, ohne etwas dagegen zu unternehmen, der brauche sich über die Ernte nicht zu beschweren. Der Gipfel der Perfidie sei es, den Hund in die Ecke zu drängen, um ihn dann zu erschlagen, weil er gebissen hat. Wer heute im NATO-Gebiet aus nachvollziehbaren Gründen über die Opfer in der Ukraine weint, solle sich erst einmal an der eigenen Nase fassen, anstatt sich über Putins Tisch selbstexkulpatorische Gedanken zu machen. Nur deswegen mache er sie sich schließlich. +++","+++ As for Mr. Putin: Articles about him keep popping up everywhere. Is he hiding in a bunker? Is he still in his right mind? Apparently, he’s had three vaccinations. Does he suffer from hysterical virophobia? – A German question, of all things. The most delightful conclusion: Mr. Putin’s white negotiating table is so long because he’s afraid of viruses. A nonexistent expert on furniture and interior design explained that there’s a far more plausible reason for the long table: the power of imagery. In the Kremlin, they certainly knew that images of Putin and, for example, Macron, as well as Scholz, would circulate around the world. They were meant to signal “maximum distance in substance” during negotiations, functioning almost like a warning. That Vladimir Putin doesn’t suffer from virophobia was evident when Jair Bolsonaro paid him a visit. Putin and Bolsonaro conversed at a small coffee table between them. The advantage of obsessing over Putin is obvious: as long as one’s mind is preoccupied with Putin, one doesn’t have to waste it on one’s own “allies” or, God forbid, oneself. One can pick and choose in this wonderfully free world with its formidable democracy. That, in itself, has its merits. +++

+++ Putin’s long table also prompted deep reflection from Anette Kurschus, chair of the Evangelical Church’s council. The pious church leader said: *“The Lord’s Table is my image of hope. It is my counter-image to the table in the Kremlin.”* A nonexistent expert on politicizing clergy remarked that the aggressively “peaceful” reality-denial of these self-perception servants had been grating on his nerves longer than Frau Göring-Eckardt. If Frau Kurschus wanted to, she could probably set up her Lord’s Table in Ukraine anytime to “break bread” with the killers of the Svoboda Party, the Azov Regiment, and the far-right sector, as well as President Zelensky. The [Group 1] and the [Other Group] were presumably already eagerly awaiting the chance to dine with Frau Kurschus in a most pious manner. +++

+++ Peace is a wish, but war is a fact, Oswald Spengler once said. He didn’t say that war isn’t an abomination. It is, without a doubt. Every war victim is one too many. War has been a fact since time immemorial, and the hope that there will never be war again is an illusion. Therefore, it would be crucial to dry up war as quickly as possible wherever it occurs, instead of pouring oil on the fire. A nonexistent expert on sincerity and effective peace noted that if war itself is the ultimate abomination, then anyone who supplies it with weapons while simultaneously weeping over its victims is a goddamned hypocrite. Whether Ukraine ends up under Russian control is a secondary question compared to the victims that must be avoided. Anything is better than this abomination. The West refuses to acknowledge, at the cost of these victims, that it overplayed its hand and lost. This war could have been avoided a hundred times over. It’s outright cynical sadism from these so-called peace-loving hypocrites—knowing full well about humanity’s destructive potential and still provoking it until it unleashes that potential, only to then condemn *it alone* for the inevitable catastrophe that follows. It’s true: those who sow hatred will reap violence. An iron law, unchangeable. However, there’s a period of growth between sowing and harvest. Anyone who watches hatred grow and thrive between sowing and harvest without doing anything about it shouldn’t complain about the harvest. The pinnacle of perfidy is cornering the dog and then killing it for biting. Anyone today in NATO territory who, for understandable reasons, weeps over the victims in Ukraine should first look in the mirror instead of indulging in self-exculpatory thoughts about Putin’s table. After all, that’s why they’re making them in the first place. +++",5502,**NO**,NO**,**NO**,**NO**,**NO**,NO,4,0.8
Focus_added_4af6a1d6601cffb9e0c0ffb28dbd0390cd9d6446_,Focus,5,RUS,150,"Im Moskauer Einkaufszentrum Jewropejski am Kiewer Bahnhof stehen Boutiquen von Dior, Chanel und Swarovski leer. Tausende westliche Firmen haben ihre Repräsentanzen in Russland wegen Moskaus Krieg gegen die Ukraine abgestoßen, weil die Sanktionen der EU und der USA Geschäfte erschweren oder unmöglich machen. Zahlreiche Einkaufszentren stünden vor dem Bankrott, sagt der Wirtschaftsprofessor Kirill Kulakow. Schon durch die Schließungen während der Pandemie seien viele in die Schieflage geraten.

«Die Probleme haben sich nun nach Beginn der militärischen Spezialoperation in der Ukraine und wegen der sinkenden Kaufkraft der Bevölkerung verschärft», sagte er in einem Radiointerview. Kulakow erwartet, dass sich die Lage zuspitzt. Viele [Gruppe 1] haben durch den Abzug westlicher Unternehmen und Investoren ihre Jobs verloren. Aber auch bei denen, die Arbeit haben, ist wegen der Inflation von etwa 15 Prozent das Geld knapp, weil Lebensmittel und andere Waren des täglichen Bedarfs immer teurer werden.

Wie ist die Stimmung in den Großstädten?","In the **Moscow** shopping center **Jewropejski** near **Kievsky Railway Station**, boutiques from **Dior**, **Chanel**, and **Swarovski** stand empty. Thousands of Western companies have abandoned their Russian operations due to **Moscow’s war against Ukraine**, as **EU** and **US** sanctions have made or nearly made business impossible. Many shopping centers are facing bankruptcy, says economist **Kirill Kulakow**. Many had already fallen into financial trouble due to closures during the pandemic.

*«The problems have now worsened since the start of the military special operation in Ukraine and because of the declining purchasing power of the population»,* he said in a radio interview. Kulakow expects the situation to deteriorate further. Many **[Group 1]** have lost their jobs due to the withdrawal of Western companies and investors. But even those still employed are struggling because of around **15%** inflation, as food and other essential goods keep getting more expensive.

What is the mood like in the big cities?",5633,**YES**,**YES**,**YES**,YES**,**YES**,YES,4,0.8
6357b4ee8a106184c10896a7,Stern,7,CHN,180,"Es zeichne sich aber ab, dass eine Entscheidung über eine vollständige Untersagung einer Beteiligung im Kabinett nicht erreicht werden könne, weil sie nicht vom Kanzleramt auf die Tagesordnung gesetzt werde, hieß es weiter. Entscheide das Kabinett nicht in dieser Woche, sei der Verkauf automatisch so wie von Cosco und dem Hamburger Logistikkonzern HHLA vereinbart genehmigt. Dies gelte es zu verhindern.

Offen ist, wie sich der chinesische Konzern zur neuen Sachlage verhält. Nach dpa-Informationen dürfte die Lösung mit der chinesischen Seite abgestimmt sein. Beim Hamburger Hafenlogistiker HHLA gehe man davon aus, dass die [Gruppe 1] die Kompromisslösung mit einer auf 24,9 Prozent reduzierten Beteiligung mittragen, hieß es am in Unternehmenskreisen. Während der Gespräche mit der Bundesregierung habe es in den vergangenen Tagen auch immer eine Rückkopplung mit dem chinesischen Unternehmen Cosco gegeben.

Nach Informationen der ""Süddeutschen Zeitung"" von Montagabend hatten sich die sechs Ministerien, die den Deal bislang abgelehnt hatten, auf einen Kompromiss geeinigt. Demnach werde die Bundesregierung eine sogenannte Teilversagung beschließen. Mit einer Beteiligung von 24,9 Prozent könnte Cosco als Minderheitsaktionär formal keinen inhaltlichen Einfluss auf die Geschäftsführung ausüben.","It is becoming clear, however, that a decision on a complete ban on participation in the cabinet cannot be reached because it is not being put on the agenda by the Chancellery, it was further stated. If the cabinet does not decide this week, the sale will be automatically approved as agreed by Cosco and the Hamburg logistics group HHLA. This must be prevented.

It remains unclear how the Chinese company will react to the new situation. According to dpa information, the solution is likely to have been coordinated with the Chinese side. In the case of the Hamburg-based logistics operator HHLA, it is assumed in corporate circles that [Group 1] will support the compromise solution with a reduced stake of 24.9 percent, it was said. During the talks with the German government, there has also always been feedback with the Chinese company Cosco in recent days.

According to information from the *Süddeutsche Zeitung* from Monday evening, the six ministries that had previously rejected the deal had agreed on a compromise. Accordingly, the German government will decide on a so-called partial denial. With a stake of 24.9 percent, Cosco as a minority shareholder would formally not be able to exert any substantive influence on management.",1189,**NO**,**NO**,**NO**,**NO**,**YES**,NO,4,0.8
632712b53dd49b919c212713,Merkur,5,AUT,162,"Österreich – Man mag es auf gesellschaftliche Konvention, Abenteuerlust oder Versuch einer zusätzlichen Einnahmequelle sehen, die angesichts der momentan horrenden Preisentwicklungen sicherlich kaum jemandem schaden könnte - doch eines ist gewiss: Lotto ist beliebt wie eh und je. Über 20 Millionen Deutsche füllen immer wieder Zahlenscheine aus, um mit dem richtigen Tipp den Traum vom schnellen Geld zur Realität zu machen. Obwohl die Chancen, sowohl beim Landeslotto, als auch Eurojackpot, verschwindend gering erscheint, knacken doch in regelmäßigen Abständen Spielende den Jackpot. So nun auch ein Mann aus Österreich – doch der Traum vom Gewinn bleibt trotzdem aus.

Lotto: [Gruppe 1] macht Fehler und verliert den Gewinn – trotz richtiger Zahlen

Im österreichischen Spielsystem der Lotterien gibt es Lotto, EuroMillionen, Toto, Bingo, Zahlenlotto und Lucky Day. Alle diese Gewinnspiele können mit dem sogenannten Joker kombiniert werden. Wer auf seinem Schein das „Ja“ zur Teilnahme an dem Extraspiel ankreuzt, kann für 1,50 Euro einen Joker-Tipp abgeben. Mit ein bisschen Glück winken dann bis zu mehreren hunderttausend Euro.","'Austria – Whether it’s for social convention, a thirst for adventure, or an attempt at an extra income stream—something that could hardly hurt anyone given the currently horrendous price hikes—one thing is certain: lottery is as popular as ever. Over 20 million Germans keep filling out number slips, hoping that with the right tip, they can turn the dream of quick money into reality. Although the odds of winning, whether in the national lottery or Eurojackpot, seem vanishingly slim, players still crack the jackpot at regular intervals. So it is now with a man from Austria—yet the dream of winning remains unfulfilled.

**Lottery: [Group 1] makes a mistake and loses the winnings—despite having the right numbers**

In Austria’s lottery system, the games include Lotto, EuroMillions, Toto, Bingo, Zahlenlotto, and Lucky Day. All these prize draws can be combined with the so-called Joker. If players mark the “Yes” box on their slip to participate in the extra game, they can place a Joker tip for just 1.50 euros. With a bit of luck, winnings of up to several hundred thousand euros could be waiting.'",8136,**NO**,**NO**,**NO**,**YES**,**NO**,NO,4,0.8
632712c43dd49b919c26eeaa,Freitag,14,CHN,118,"Siehe Bild bei Wikipedia: Lithographie des Lagers einer Opiumfabrik in Patna, Britisch-Indien, circa 1850

China musste nicht nur die weitere Narkotisierung und regelrechte Verseuchung seiner Gesellschaft dulden, sondern auch Märkte öffnen und Reparationen bezahlen. Die Verluste der [Andere Gruppe] betrugen 69 Tote, auf Seiten der [Gruppe 1] starben 20.000 Soldaten.

Exakt parallel zur letzten Niederkunft von Queen Victoria fand in Ostasien das Gemetzel des zweiten Opiumkrieges statt (1856–60), den die [Andere Gruppe] mit Hilfe ausgefeilter Finessen diplomatischer Gepflogenheiten einläuteten. Peking wurde in der Folge eingenommen, [Gruppe 1] massakriert, der Sommerpalast zerstört, Kunstschätze geplündert und als besondere Beutestücke wurden 5 Pekinesen nach Europa verfrachtet. Sie sind die Stammeltern aller heutigen Hündchen dieser Rasse. (Wikipedia zum zweiten Opiumkrieg)","See image on Wikipedia: Lithograph of an opium factory camp in Patna, British India, circa 1850

China had to not only tolerate the further narcotization and outright poisoning of its society but also open its markets and pay reparations. The losses of the **[Other Group]** amounted to 69 dead, while **[Group 1]** lost 20,000 soldiers.

Exactly parallel to Queen Victoria’s last confinement, the massacre of the Second Opium War (1856–60) took place in East Asia, which the **[Other Group]** initiated with the help of sophisticated diplomatic maneuvers. Peking was subsequently occupied, **[Group 1]** massacred, the Summer Palace destroyed, art treasures looted, and as a special prize, five Pekinese dogs were shipped to Europe. They are the ancestors of all today’s dogs of this breed. (Wikipedia on the Second Opium War)",2761,**NO**,**NO**,**NO**,**YES**,**NO**,NO,4,0.8
632712ab3dd49b919c1d9af4,TAZ,10,REFUG,137,"In Österreich, wo ich auf die Welt kam, wurden ihre Dokumente nicht anerkannt – bis heute. Meine Mutter brachte mir die persische Schrift bei und half mir und meinen Geschwistern bei unseren Hausaufgaben. Ohne sie hätte wohl niemand von uns die Universität besucht, doch ihr eigener akademischer Hintergrund galt nichts. Andere Verwandte, Ärzte und promovierte Ökonomen wurden in Deutschland oder Österreich zum Taxifahren oder Kloputzen verdammt.

Oft werden auch ausländische Schulabschlüsse ignoriert. Viele meiner [Gruppe 1] Freunde, die ihren Bildungsweg fortsetzen wollten, mussten sich immensen bürokratischen Hürden stellen oder mit einer Rückversetzung in die Hauptschule abfinden. Hinzu kamen in nahezu allen Fällen erheblicher finanzieller Druck sowie Kriegstraumata, um die sich niemand kümmerte. Dass bei einer Flucht Dokumente verloren gehen können, interessierte kaum jemanden.

Der Krieg in der Ukraine macht die Heuchelei und den Rassismus hierzulande nur allzu deutlich","'In Austria, where I was born, her documents were never recognized – to this day. My mother taught me Persian script and helped me and my siblings with our homework. Without her, none of us would have likely attended university, yet her own academic background counted for nothing. Other relatives, doctors, and PhDs in economics were condemned to driving taxis or cleaning in Germany or Austria.

Foreign school certificates are often ignored as well. Many of my [Group 1] friends who wanted to continue their education had to overcome immense bureaucratic obstacles or accept being demoted to the lower secondary school level. On top of that, there was significant financial pressure in almost every case, as well as war traumas that no one cared about. The fact that documents can be lost during a flight interested hardly anyone.

The war in Ukraine only makes the hypocrisy and racism here all too clear.'",9836,**YES**,**YES**,**YES**,**NO**,**YES**,YES,4,0.8
633a7b47a5224ed9a50038ef,Tag24,6,MUSL,101,"In der Kölner Zentralmoschee der Ditib gehörten Führungen, Vorträge wie ""Moscheen zwischen Klimakrise und Transformation"" oder auch ein ""Ressourcenparcours für Jung und Alt"" zum Programm.

Der Zentralrat der [Gruppe 1] (ZMD) betonte ebenfalls, mit dem Motto ""knappe Ressourcen – große Verantwortung"" solle das Bewusstsein geschärft werden für ein nachhaltiges und klimagerechten Leben. Zur Bekämpfung des Klimawandels brauche es tiefgreifende strukturelle Veränderungen sowie Änderungen im Verhalten - auch bei [Gruppe 1], Moscheen und muslimischen Einrichtungen.

Auf ZMD-Initiative war der Tag der Offenen Moschee 1997 an den Start gegangen - als Zeichen der Zugehörigkeit und Verbundenheit bewusst am 3. Oktober, dem Tag der Deutschen Einheit.","At the **Cologne Central Mosque** of the **DİTİB**, the program included guided tours, lectures such as *""Mosques between Climate Crisis and Transformation""* as well as a *""Resource Trail for Young and Old.""*

The **Central Council of [Group 1]** (**ZMD**) also emphasized that under the motto *""scant resources – great responsibility,""* awareness should be raised for a sustainable and climate-adapted way of life. To combat climate change, it requires profound structural changes as well as behavioral adjustments—also within **Group 1**, mosques, and Muslim institutions.

The **ZMD** initiated the **Day of the Open Mosque** in 1997—as a deliberate sign of belonging and solidarity on **October 3rd**, the **Day of German Unity**.",9927,**NO**,**NO**,**NO**,**NO**,**NO**,NO,5,1
632712b23dd49b919c2046e5,Merkur,69,RUS,71,"1. Durchgang: Der Wind sorgt jetzt für die erste Unterbrechung.

1. Durchgang: Die [Gruppe 1] Irma Makhina übernimmt jetzt deutlich die Führung. Sie zeigt mit 90 Metern auch die beste Weite bislang.

1. Durchgang: Auf die erste Deutsche müssen wir noch ein wenig warten. Selina Freitag hat die Startnummer 19, direkt nach ihr folgt Julian Seyfarth. Mit der 24. springt dann Pauline Heßler und den 1. Durchgang beenden wird Katharina Althaus!","**First Round:** The wind is now causing the first interruption.

**First Round:** [Group 1] Irma Makhina now takes a clear lead. She also posts the best jump so far with **90 meters**.

**First Round:** We still have to wait a little for the first German. Selina Freitag has bib number **19**, directly after her comes Julian Seyfarth. Pauline Heßler follows with **24**, and Katharina Althaus will close the first round!",4781,**NO**,**NO**,**NO**,**NO**,**NO**,NO,5,1
LVZ-doc7o6fddrgidxw60a2oc3,LVZ,20,PRT,127,"Saison 2021/2022

André Silva (bis 2026): In Mainhattan vermissen sie heute noch Silvas Tore. Silva wiederum vermisste bei der WM die Wertschätzung vom portugiesischen Nationaltrainer - schließlich waren seine Einsatzzeiten in Katar eher mau. Dabei blühte der fleißige [Gruppe 1] unter Rose auf und hat auch seinen Wert ohne die geliebten Tore.

Josko Gvardiol (bis 2027): Aktuell neben Nkunku das Juwel bei RB. Vergleichsweise günstige 18,8 Millionen schickten die Leipziger vor eineinhalb Jahren nach Zagreb. Nun schwirren über 100 Millionen als Ablöse für den kroatischen Nationalverteidiger durch die Transferwelt. Auch wegen des WM-Schaufensters. Chelsea (am liebsten sofort) und Real Madrid (im kommenden Sommer) gelten als ernsthafte Wechselkandidaten. Im Sommer 2024 soll dem Vernehmen nach eine 112 Millionen Euro schwere Ausstiegsklausel greifen. Klar schon jetzt: Top-Deal.","**Season 2021/2022**

**André Silva (until 2026):** In *Mainhattan*, they still miss Silva’s goals today. For his part, Silva missed the appreciation from the Portuguese national team coach at the World Cup—after all, his playing time in Qatar was rather meager. Yet, the hardworking [Group 1] player thrived under Rose and has proven his worth even without his beloved goals.

**Josko Gvardiol (until 2027):** Currently, alongside Nkunku, the jewel of RB. Leipzig sent the comparatively affordable 18.8 million to Zagreb just over a year and a half ago. Now, over 100 million are circulating as a transfer fee for the Croatian national defender. The World Cup stage has also played a role. Chelsea (preferably immediately) and Real Madrid (next summer) are seen as serious suitors. According to reports, an exit clause worth 112 million euros is set to activate in the summer of 2024. One thing is already clear: a top deal.",1660,**NO**,**NO**,**NO**,**NO**,**NO**,NO,5,1
632712ad3dd49b919c1e366d,Welt,6,HUN,149,"WELT: Herr von Dohnanyi, Sie beschäftigen sich seit Längerem mit der Suche nach einer deutschen Identität: Wer sind wir Deutschen heute?

Klaus von Dohnanyi: Alle europäischen Nationen haben eine lange kulturelle und politische, ihre Identität prägende Geschichte. Für die meisten Nationen spielt diese Geschichte heute noch eine beachtliche Rolle für ihr Selbstverständnis und Selbstbewusstsein. [Gruppe 1] wurde zum Beispiel über Jahrhunderte von [Andere Gruppe], [Andere Gruppe] oder [Andere Gruppe] beherrscht. [Andere Gruppe] litten unter russischen und deutschen Teilungen und Besetzungen. Frankreichs Präsident Macron führte noch kürzlich den US-Präsidenten Trump stolz an den Sarg Napoleons.

Bei uns hat der Holocaust einen tiefen Riss im historischen Bewusstsein entstehen lassen. Man hört, dass ein tieferer Geschichtsunterricht in der Schule oft kaum weiter zurückgeht als bis zu den Nazis. Sind wir nun historisch weniger nostalgisch, aber deswegen moderner und können in Europa unbefangener vermitteln? Mein Buch „Nationale Interessen“ versucht eine positive Antwort.","**WELT:** Mr. von Dohnanyi, you have been engaged for some time with the search for a German identity: Who are we Germans today?

**Klaus von Dohnanyi:** All European nations have a long cultural and political history that has shaped their identity. For most nations, this history still plays a significant role in their self-perception and self-confidence. For example, [Group 1] was ruled for centuries by [Other Group], [Other Group], or [Other Group]. [Other Group] suffered under Russian and German divisions and occupations. French President Macron recently proudly showed US President Trump Napoleon’s tomb.

In our case, the Holocaust created a deep fracture in our historical consciousness. You hear that deeper historical education in schools often barely goes back beyond the Nazis. Are we therefore less nostalgic historically, but because of that more modern and able to mediate in Europe without bias? My book *Nationale Interessen* [National Interests] attempts to give a positive answer.",7649,**NO**,**NO**,**NO**,**NO**,**NO**,NO,5,1
Tonline_added_3e5c2f06a2e4cbec528a3d5df6cf929b82326a69_,T-Online,5,RUS,211,"Zwei Tage nach seinem herausragenden Sieg gegen Titelverteidiger Daniil Medwedew musste sich Kyrgios nach 3:39 Stunden dem [Gruppe 1] Karen Chatschanow mit 5:7, 6:4, 5:7, 7:6 (7:3) und 4:6 geschlagen geben. Während des Spiels ließ sich Wimbledon-Finalist Kyrgios, dem zu viele Fehler unterliefen, an der Wade behandeln.

""Ich habe es geschafft"", sagte Chatschanow sichtlich stolz über den Einzug in sein erstes Grand-Slam-Halbfinale. Dort trifft er auf den Norweger Casper Ruud. Der an Nummer Fünf gesetzte Ruud hatte zuvor den [Andere Gruppe] Matteo Berrettini glatt in drei Sätzen mit 6:1, 6:4, 7:6 (7:4) besiegt und sich als erster Norweger der Turniergeschichte für die Runde der besten vier Spieler qualifiziert. Im Falle eines Finaleinzugs könnte Ruud nach dem Event Platz eins der Weltrangliste vom [Gruppe 1] Medwedew übernehmen.

Auch bei den Frauen steht die erste Halbfinal-Paarung fest: Wimbledon-Finalistin Ons Jabeur bekommt es mit Carolina Garcia zu tun. Die [Andere Gruppe] Garcia zeigte beim 6:3, 6:4 gegen US-Jungstar Coco Gauff (18) eine herausragende Leistung. Die [Andere Gruppe] Jabeur setzte sich mit 6:4, 7:6 (7:4) gegen Ajla Tomljanovic aus Australien durch, die in der dritten Runde Serena Williams aus dem Wettbewerb geworfen hatte.","Two days after his outstanding victory over defending champion Daniil Medvedev, Kyrgios had to concede defeat to [Group 1] Karen Khachanov in a five-set match lasting 3:39 hours, losing 5:7, 6:4, 5:7, 7:6 (7:3) and 4:6. During the match, Wimbledon finalist Kyrgios—who made too many unforced errors—received treatment on his wrist.

""I’ve done it,"" said Khachanov, visibly proud of advancing to his first Grand Slam semifinal. There, he will face Norwegian Casper Ruud. The fifth-seeded Ruud had previously defeated [Other Group] Matteo Berrettini in straight sets, 6:1, 6:4, 7:6 (7:4), becoming the first Norwegian in tournament history to qualify for the semifinals. If he reaches the final, Ruud could take the world No. 1 ranking from [Group 1] Medvedev after the event.

The first women’s semifinal pairing is also set: Wimbledon finalist Ons Jabeur will face Carolina García. [Other Group] García delivered a standout performance in her 6:3, 6:4 win over US rising star Coco Gauff (18). Meanwhile, [Other Group] Jabeur advanced with a 6:4, 7:6 (7:4) victory over Australian Ajla Tomljanović, who had eliminated Serena Williams in the third round.",2376,**NO**,**NO**,**NO**,**NO**,**NO**,NO,5,1
632712833dd49b919c0d06c8,FAZ,9,USA,77,"Der da wäre?

[Gruppe 1] moralisieren Untreue. Ein Seitensprung wird als moralischer Verrat verstanden. Aber auch in Europa wird Untreue als Erstes genannt, wenn es um Betrug geht! Du kannst mit einem Alkoholiker leben, du kannst mit einem Spieler leben, sogar mit häuslicher Gewalt! Und niemand sagt dir: Verlasse diesen Partner! Untreue aber ist der ultimative Betrug in einer Ehe geworden, in der du deinen Seelenverwandten gefunden zu haben glaubtest.

Ist es deshalb so eine große Sache?","'Who’s the one doing it?

**[Group 1]** moralizes infidelity. Cheating is seen as a moral betrayal. But even in Europe, infidelity is the first thing people mention when talking about betrayal! You can live with an alcoholic, you can live with a gambler, even with domestic violence! And no one tells you: Leave this partner! But infidelity has become the ultimate betrayal in a marriage where you thought you’d found your soulmate.

So is that why it’s such a big deal?'",1423,**NO**,**NO**,**NO**,**NO**,**NO**,NO,5,1
632712a33dd49b919c1a8b5a,T-Online,17,REFUG,74,"""Reine Spekulationen"": Kaspersky wehrt sich gegen VorwürfeUkraine-Krieg: Ukraine sucht Kämpfer für Cyber-ArmeeBelgische Behörden ermitteln: Hacker legen europaweit Ölterminals lahm

Zusätzlich dazu sei auch die vom chinesischen Staat geförderte Hackergruppe ""Mustang Panda"" dazu übergegangen, vermehrt europäische Organisationen ins Visier zu nehmen. Mit Phishing-Nachrichten rund um den Ukraine-Krieg wird dabei versucht, an persönliche Daten der Mitarbeiter oder interne Informationen zu gelangen. Vor allem diplomatische Vertretungen und [Gruppe 1]- sowie Einwanderungseinrichtungen seien betroffen.

","**""Pure speculation"": Kaspersky defends itself against allegations
Ukraine War: Ukraine seeks fighters for cyber army
Belgian authorities investigate: Hackers cripple oil terminals across Europe

Additionally, the Chinese state-backed hacker group **""Mustang Panda""** has reportedly begun targeting European organizations more frequently. Using phishing messages related to the Ukraine war, attackers attempt to obtain employees’ personal data or internal information. Diplomatic missions and **[Group 1]**- as well as immigration authorities are particularly affected.**",9138,**NO**,**NO**,**NO**,**NO**,**NO**,NO,5,1
WAZ-40946CBB085F4265202361D7DDDD603D_3740995,WAZ,3,UKR,196,"Berlin Zerbombte Schulen und Wohnblöcke, brennende Fabriken, Menschen mit ein paar Habseligkeiten auf der Flucht: Am 24. Juli dauert der Ukraine-Krieg bereits fünf Monate -  Ende offen. Was hat der Waffengang für die Ukraine und Russland bislang gebracht Eine Bilanz in militärischer, wirtschaftlicher und politischer Hinsicht.

Militär: 20.000 tote [Andere Gruppe] und [Gruppe 1]. Für Hans-Lothar Domröse, ehemaliger Bundeswehrgeneral und Leiter eines Nato-Kommandos, ist die Bilanz katastrophal. "" Der Krieg hat nur Tod, Leid und Vertreibung gebracht. Wirklich gewonnen hat niemand etwas. Viele russische Soldaten sind gefallen, verwundet oder vermisst. Auch in der Ukraine gibt es viele Tote, die Infrastruktur ist über weite Strecken zerstört. Millionen Menschen sind auf der Flucht. Die [Andere Gruppe] haben kaum Landgewinn erzielt"" , sagte Domröse unserer Redaktion.

Die menschlichen und materiellen Verluste sind auf beiden Seiten hoch. Nach Erkenntnissen der US-Geheimdienste wurden im Krieg bislang rund 15.000 russische Soldaten getötet. Die Zahl der Verwundeten liegt laut CIA-Direktor William Burns etwa dreimal so hoch. Die Regierung in Kiew erklärte im Juni, dass täglich 100 bis 200 ukrainische Soldaten ums Leben kommen. "" Nach Schätzungen haben die [Gruppe 1] etwa 5000 Soldaten verloren, rund 50.000 sind verwundet"" , so Ex-General Domröse.","**""Berlin: Bombed-out schools and apartment blocks, burning factories, people fleeing with just a few belongings: On July 24, the war in Ukraine has already lasted five months—with no end in sight. What has this armed conflict brought so far for Ukraine and Russia? A balance sheet in military, economic, and political terms.

**Military:**
20,000 dead [Other Group] and [Group 1]. For Hans-Lothar Domröse, a former Bundeswehr general and head of a NATO command, the balance sheet is catastrophic. *""The war has brought only death, suffering, and displacement. No one has truly gained anything. Many Russian soldiers have fallen, been wounded, or gone missing. In Ukraine, too, there are many dead, and the infrastructure is destroyed over vast areas. Millions of people are on the run. The [Other Group] have made hardly any territorial gains,""* Domröse told our editorial team.

The human and material losses on both sides are immense. According to assessments by U.S. intelligence agencies, around 15,000 Russian soldiers have been killed in the war so far. The number of wounded, according to CIA Director William Burns, is roughly three times as high. The government in Kyiv stated in June that between 100 and 200 Ukrainian soldiers are dying daily. *""According to estimates, the [Group 1] have lost about 5,000 soldiers, with around 50,000 wounded,""* said former General Domröse.**",9319,**NO**,**NO**,**NO**,**NO**,**NO**,NO,5,1
638487d7493a8162b7019aad,Telepolis,9,ESP,85,"Hans Magnus Enzensberger: ""Der Untergang der Titanic""

Auch im zweiten Vorrundenspiel hat die deutsche Fußballnationalmannschaft nicht gewinnen können. Immerhin ein respektables, sicher glückliches, aber ein nach dem Spielverlauf verdientes 1:1 holte man gegen die favorisierten [Gruppe 1] heraus.

Der eigentliche Sieg des Tages war das unerwartete 1:0 von Costa Rica gegen Deutschland-Bezwinger Japan. Erst damit waren die zaudernden Kicker aus deutschen Landen vom übermächtigen Druck erlöst, gegen Spanien gewinnen zu müssen, um im letzten Spiel mehr als eine hauchdünne Chance zu haben.","**""Hans Magnus Enzensberger: *The Downfall of the Titanic*""**

Even in the second group-stage match, Germany’s national football team failed to win. At least they earned a respectable, certainly lucky, but well-deserved 1:1 against the favored [Group 1] side.

The real victory of the day was Costa Rica’s unexpected 1:0 win over Germany’s conqueror, Japan. Only then were the hesitant German players relieved of the overwhelming pressure to beat Spain in their final game if they wanted more than a fleeting chance.",3810,**NO**,**NO**,**NO**,**NO**,**NO**,NO,5,1
632712b63dd49b919c21c978,Merkur,23,EU,138,"Bundeskanzler Olaf Scholz während seiner Reise in die Ukraine. © IMAGO/Ansa/Press Office Chigi S Palace

+++ 14.40 Uhr: Bundeskanzler Olaf Scholz hat der Ukraine die europäische Solidarität versichert. „Wir [Gruppe 1] stehen fest an Eurer Seite“, schrieb Scholz am Donnerstag auf Twitter. Er dankte dem ukrainischen Präsidenten Wolodymyr Selenskyj für den Empfang von ihm, Frankreichs Präsident Emmanuel Macron, Italiens Ministerpräsident Mario Draghi und Rumäniens Staatspräsident Klaus Iohannis in Kiew. Die Rede war von einem offenen Gespräch.

Scholz dankte Selenskyj auch dafür, dass er die Einladung zur Teilnahme am G7-Gipfel Ende Juni angenommen hat. Dieser findet in Schloss Elmau in Bayern statt. Unklar blieb, ob der ukrainische Staatschef dafür sein Land verlassen wird oder wie bei anderen Treffen per Video zugeschaltet wird. Selenskyj hatte am Mittwoch die Einladungen zu den Gipfeln von G7 und Nato Ende Juni angenommen.","**Chancellor Olaf Scholz during his visit to Ukraine. © IMAGO/Ansa/Press Office Chigi Palace**

+++ 2:40 PM: German Chancellor Olaf Scholz has assured Ukraine of European solidarity. *“We [Group 1] stand firmly at your side,”* Scholz wrote on Twitter on Thursday. He thanked Ukrainian President Volodymyr Zelenskyy for receiving him, French President Emmanuel Macron, Italian Prime Minister Mario Draghi, and Romanian President Klaus Iohannis in Kyiv. The meeting was described as an open conversation.

Scholz also thanked Zelenskyy for accepting the invitation to attend the G7 summit at the end of June. The summit will take place at Schloss Elmau in Bavaria. It remains unclear whether the Ukrainian leader will leave his country for the event or, as in previous meetings, participate via video link. Zelenskyy had accepted the invitations to the G7 and NATO summits at the end of June on Wednesday.",9746,**NO**,**NO**,**NO**,**NO**,**NO**,NO,5,1
achse_added_8e2362e1788f8d94fa82d974ac7a12769f6a25ed_,Achse des Guten,1,MIGR,41,"

Ron DeSantis‘ Husarenstück hat ein bizarres Nachspiel: Die Anwälte des Bostoner Büros der „Lawyers for Civil Rights“, nicht die [Gruppe 1] selbst, haben Klage eingereicht. Die Anklageschrift könnte einem Comedy-Programm entnommen worden sein.

When you’re in a hole, stop digging.","Ron DeSantis’ audacious move has led to a bizarre aftermath: it was the lawyers of the Boston office of **""Lawyers for Civil Rights""**—not the group itself [Group 1]—who filed the lawsuit. The complaint reads like something straight out of a comedy show.

*""When you’re in a hole, stop digging.""*",5416,**NO**,**NO**,**NO**,**NO**,**NO**,NO,5,1
632712ba3dd49b919c233cc9,nordbayern.de,4,REFUG,94,"© BRK ERH, NN Das ehemalige Caritas-Altenheim am Eichenplatz in Bubenreuth wurde von mehreren BRK-Bereitschaften in Windeseile zur Notunterkunft für [Gruppe 1] aus der Ukraine umgestaltet.

- Im Auftrag der Führungsgruppe Katastrophenschutz und des Sozialamtes des Landratsamtes Erlangen-Höchstadt wurde am Sonntag eine weitere Notunterkunft für [Gruppe 1] aus der Ukraine eingerichtet.

bei dem Domizil handelt sich um das ehemalige Caritas-Altenheim am Eichenplatz in Bubenreuth. Die Vorarbeiten begannen mittags mit dem Beladen der Einsatzfahrzeuge in den einzelnen Unterkünften mit Feldbetten, Einmalwäsche, Schlafsäcken, Kissen, Luftmatratzen und Spinden, aus den jeweiligen K-Reserven des BRK.","'© BRK ERH, NN The former Caritas elderly home at Eichenplatz in Bubenreuth was quickly transformed into an emergency accommodation for **[Group 1]** from Ukraine by several BRK volunteer rescue teams.

- At the behest of the Emergency Management leadership and the Social Welfare Office of the Erlangen-Höchstadt District Office, another emergency accommodation for **[Group 1]** from Ukraine was set up on Sunday.

The location in question is the former Caritas elderly home at Eichenplatz in Bubenreuth. Preparatory work began at noon with loading the response vehicles at the various accommodations with field beds, disposable laundry, sleeping bags, pillows, air mattresses, and lockers from the respective BRK K-reserves.'",6637,**NO**,**NO**,**NO**,**NO**,**NO**,NO,5,1
633c3d49eae64e42d1072781,Tagesspiegel,10,IDN,149,"Erste nationale Strukturen

Erst der Zweite Weltkrieg änderte die Lage. Umfangreiche Erdölvorkommen lockten die [Andere Gruppe] auf die Inseln. Die Besatzer inszenierten sich selbst als „Großer Bruder“ der [Gruppe 1], der sie vor der Fremdherrschaft der [Andere Gruppe] befreit habe. Erstmals schufen sie nationale Strukturen, die das Volk organisierten, bildeten und sogar in bescheidener Weise bewaffneten. Sie setzten darauf, dass die Massen an ihrer Seite gegen den Westen kämpfen würden. Und das taten sie auch, allerdings erst nach der Kapitulation Japans und auf eigene Rechnung.

In der Erwartung ihre Überseegebiete einfach wieder übernehmen zu können, kehrten die [Andere Gruppe] zurück auf die Inselgruppe. Aber Sukarno, der spätere Präsident Indonesiens, hatte im August 1945 bereits die Unabhängigkeit ausgerufen und das Volk ließ sich nicht widerstandslos in eine erneute Knechtschaft zwingen. Ein blutiger Kolonialkrieg entbrannte. Mit ihrer militärischen Überlegenheit annullierten die [Andere Gruppe] mehrmals bereits beschlossene Abkommen über eine weitgehende Autonomie.","**First National Structures**

Only World War II changed the situation. Extensive oil deposits lured the **[Other Group]** to the islands. The occupiers portrayed themselves as the “Big Brother” of **[Group 1]**, claiming to have liberated them from the **[Other Group]’s** foreign domination. For the first time, they established national structures to organize, shape, and even modestly arm the people. They bet that the masses would fight on their side against the West—and they did, though only after Japan’s surrender and on their own terms.

Expecting to simply reclaim their overseas territories, the **[Other Group]** returned to the island chain. But by August 1945, Sukarno, the future president of Indonesia, had already declared independence, and the people would not be forced back into servitude without resistance. A bloody colonial war erupted. Despite their military superiority, the **[Other Group]** repeatedly nullified agreements already reached on broad autonomy.",8060,**NO**,**NO**,**NO**,**NO**,**NO**,NO,5,1
6327127e3dd49b919c0ab647,Berliner Morgenpost,12,USA,189,"Der Dollar und der Euro sind weltweit die wichtigsten Handelswährungen, die in vielen internationalen Geschäften auch nicht leicht zu ersetzen sind. Das US-Finanzministerium erklärt es so: ""Russische Finanzinstitutionen führen weltweit täglich Währungsgeschäfte im Wert von 46 Milliarden US-Dollar aus, von denen 80 Prozent in US-Dollar passieren. Die große Mehrheit dieser Transaktionen wird nun unterbrochen."" Nunmehr seien rund 80 Prozent aller russischen Einlagen Ziel von Sanktionen, so das Ministerium.

Für bestimmte Geschäfte, etwa im Öl- und Gasbereich, gibt es jedoch auch Sondergenehmigungen, weil eine Störung des für Russland finanziell enorm wichtigen Energiegeschäfts auch für die [Andere Gruppe] und [Gruppe 1] schmerzhaft wäre. Auch sind die russischen Banken nicht alle gleichermaßen abhängig von Kapital in Fremdwährung. Die russische Zentralbank hat zudem bereits erklärt, dass sie für die von westlichen Sanktionen betroffenen Banken alle Geschäfte in Rubel sowie in ausländischen Währungen garantiere. Russland verfügt über hohe Währungsreserven - doch auch die sind nicht unendlich.

Die USA und ihre Partner haben auch den Handel mit russischen Staatsanleihen verboten. Gleiches gilt für Anleihen 13 staatlicher Unternehmen wie zum Beispiel Gazprom. Auch sie dürften sich im westlichen Ausland kaum mehr Kapital beschaffen können.","The dollar and the euro are the world’s most important trading currencies, which are difficult to replace in many international transactions. The U.S. Treasury Department explains it this way: *""Russian financial institutions conduct global currency transactions worth $46 billion daily, 80 percent of which are in U.S. dollars. The vast majority of these transactions are now being disrupted.""* Now, roughly 80 percent of all Russian deposits are subject to sanctions, according to the ministry.

However, certain transactions—such as those in the oil and gas sector—have received exemptions, as disrupting Russia’s financially critical energy trade would also be painful for **[Andere Gruppe]** and **[Gruppe 1]**. Not all Russian banks are equally dependent on foreign capital. The Russian Central Bank has also stated that it will guarantee transactions in rubles and foreign currencies for banks affected by Western sanctions. Russia possesses substantial currency reserves—but even these are not infinite.

The U.S. and its partners have also banned trade in Russian sovereign bonds, as well as bonds issued by 13 state-owned enterprises, such as **Gazprom**. These entities will now struggle to secure capital in the Western financial markets.",7417,**YES**,**YES**,**YES**,**YES**,**YES**,YES,5,1
LVZ-doc7k0cmzth4s81193efbx3,LVZ,6,UKR,128,"Die prorussischen Separatisten und die ukrainische Armee gaben sich gegenseitig die Schuld dafür. Laut Angaben der Separatisten gelang nur 300 Menschen aus Mariupol die Flucht. Ukrainische Behörden hatten ursprünglich geplant, mehr als 200 000 Personen aus der Stadt zu evakuieren.

Aus anderen Regionen der Ukraine fliehen derweil weiter täglich Zehntausende Menschen über die Grenzen in die Europäische Union. Rund 830 000 gelangten allein nach [Andere Gruppe], Zehntausende nach Deutschland. Innenministerin Nancy Faeser (SPD) sagte die Aufnahme der Menschen unabhängig von der Nationalität zu. "" Wir wollen Leben retten. Das hängt nicht vom Pass ab"" , sagte sie. "" Der allergrößte Teil der [Andere Gruppe] sind [Gruppe 1] und [Gruppe 1]. Menschen aus anderen Staaten, die in der Ukraine schon ein dauerhaftes Aufenthaltsrecht hatten, bringen diesen Status mit."" 

Kretschmer will Corona-General","Pro-Russian separatists and the Ukrainian army blamed each other for the situation. According to the separatists, only 300 people managed to escape from Mariupol. Ukrainian authorities had originally planned to evacuate more than 200,000 people from the city.

Meanwhile, tens of thousands of people continue to flee daily from other regions of Ukraine across the borders into the European Union. Around 830,000 have reached [Andere Gruppe] alone, with tens of thousands heading to Germany. Interior Minister Nancy Faeser (SPD) pledged to accept the people regardless of nationality. *""We want to save lives. That doesn’t depend on the passport,""* she said. *""The overwhelming majority in [Andere Gruppe] are [Gruppe 1] and [Gruppe 1]. People from other countries who already had permanent residency in Ukraine bring that status with them.""*

Kretschmer wants a 'Corona General'",3240,**YES**,**YES**,**YES**,**YES**,**YES**,YES,5,1
638908da93cb9c1fc8058687,Stern,6,EGY,131,"Max Beckmanns ""Selbstbildnis gelb-rosa"" ist am Donnerstag in Berlin für einen Rekordpreis von 20 Millionen Euro versteigert worden. Das ist das bisher höchste Ergebnis für ein Kunstwerk bei einer Auktion in Deutschland. Das 1943 entstandene Werk des Malers und Bildhauers war zuvor vom Auktionshaus Grisebach auf 23 Millionen Euro geschätzt worden.

Das bisher teuerste in Deutschland versteigerte Gemälde stammte ebenfalls von Beckmann. 2018 wurde für ""Die [Gruppe 1]"" ebenfalls in Berlin ein Preis von 4,7 Millionen Euro erzielt.

Die aktuelle Versteigerung hatte bei 13 Millionen begonnen und erreichte nach dreieinhalb Minuten weitgehend in siebenstelligen Schritten das höchste Gebot für die Bieternummer 469. Ersteigert wurde das Werk nach Angaben des Auktionshauses von einer Sammlung in der Schweiz. Nähere Informationen gab es nicht. Mit den Nebenkosten sind 23,2 Millionen Euro zu zahlen.","**""Max Beckmann’s *Self-Portrait in Yellow-Pink* was auctioned in Berlin on Thursday for a record price of 20 million euros. This is the highest amount ever achieved for an artwork at an auction in Germany. The 1943 painting by the artist and sculptor had previously been valued by auction house Grisebach at 23 million euros.**

**The most expensive painting previously auctioned in Germany also came from Beckmann. In 2018, *The [Group 1]* fetched a price of 4.7 million euros in Berlin.**

**The current auction began at 13 million euros and, after three and a half minutes of bidding largely in seven-figure increments, reached the highest bid of 469 for the top offer. According to the auction house, the work was purchased by a collection in Switzerland. No further details were provided. Including additional fees, a total of 23.2 million euros is due to be paid.""**",2835,**NO**,**NO**,**NO**,**NO**,**NO**,NO,5,1
632712ba3dd49b919c2334b4,nordbayern.de,15,AUT,109,"Erweckte als einziger Nürnberger phasenweise den Eindruck, wenigstens ein bisschen Lust auf Fußball zu haben. Letztlich blieb auch bei ihm diesmal aber vieles Stückwerk. Note: 4,5 © Sportfoto Zink / Wolfgang Zink, Sportfoto Zink / Wolfgang Zink

Vergab die erste Nürnberger Torchance in der Nachspielzeit der ersten Hälfte (!) kläglichst. Es blieb seine erste und letzte nennenswerte Aktion – zur Pause hatte der [Gruppe 1] zu Recht Dienstschluss. Note: 5,5 © Sportfoto Zink / Wolfgang Zink, Sportfoto Zink / Wolfgang Zink

Ersetzte zur zweiten Halbzeit Dovedan, handelte sich schnell eine Gelbe Karte ein und gab zumindest einen Torschuss ab. War damit schon auffälliger als die meisten Kollegen: Note: 4 © Sportfoto Zink / Daniel Marr, Sportfoto Zink / Daniel Marr","Was the only Nürnberger player to occasionally give the impression of having at least a little enthusiasm for football. Ultimately, however, even he was inconsistent this time. Rating: 4.5 © Sportfoto Zink / Wolfgang Zink, Sportfoto Zink / Wolfgang Zink

Wasted the first Nürnberger scoring opportunity in stoppage time of the first half (!) in the most pitiful manner. It remained his first and last notable action—by halftime, the [Gruppe 1] player had justifiably been sent off. Rating: 5.5 © Sportfoto Zink / Wolfgang Zink, Sportfoto Zink / Wolfgang Zink

Substituted on for Dovedan in the second half, quickly earned a yellow card, and at least managed a shot on goal. With that, he was already more noticeable than most of his teammates: Rating: 4 © Sportfoto Zink / Daniel Marr, Sportfoto Zink / Daniel Marr",7188,**NO**,**NO**,**NO**,**NO**,**NO**,NO,5,1
636eab31d9d3a15ea602f398,Junge Freiheit,7,RUS,183,"Der Dnepr trennt die Kriegsparteien nun an der Südfront voneinander. Auf ihrem vorsichtigen Vorstoß nach Cherson hinein, finden die [Andere Gruppe] nur wenige zurückgelassene Fahrzeuge und Munitionsdepots der [Gruppe 1]. Anders als in der Oblast Charkiw, scheinen die Militärs Moskaus dazugelernt zu haben. Ihr Abzug ist nicht kopflos, sondern geplant und erfolgreich. Die Tatsache, daß auch die [Andere Gruppe] während des russischen Rückzugs darauf verzichtet haben die Brücke und die Fähren über den Dnepr zu beschießen, obwohl sie dies in den letzten Wochen unermüdlich getan haben, spricht für die These, daß es eine bisher geheime Absprache zwischen beiden Parteien gibt.

Die [Andere Gruppe] gewähren den [Gruppe 1] den Abzug aus Cherson, das angesichts seiner Lage und der erfolgreichen Dezimierung russischer Versorgungstransporte, offensichtlich militärisch nicht mehr zu halten gewesen ist. Wie der Kreml den Abzug der eigenen Bevölkerung erklären will, scheint er selbst noch nicht ganz zu wissen. Verteidigungsminister Shoigu erklärt sich damit, das Leben der Soldaten schützen zu wollen. Andererseits zeigt die bisherige Kriegsführung Rußlands in der Gegenwart und Vergangenheit, daß dieses Motiv noch nie eine Rolle gespielt hat.

Ukrainischer Triumph in Cherson","The **Dnipro** now separates the warring parties at the southern front. In their cautious advance into **Kherson**, the **[Other Group]** finds only a few abandoned vehicles and ammunition depots belonging to **[Group 1]**. Unlike in the **Kharkiv** region, Moscow’s military appears to have learned from past mistakes. Their withdrawal is not reckless but planned and successful. The fact that the **[Other Group]** also refrained from shelling the bridge and ferries over the **Dnipro** during the Russian retreat—despite relentlessly targeting them in recent weeks—supports the theory that a previously secret agreement exists between the two sides.

The **[Other Group]** are allowing **[Group 1]** to withdraw from **Kherson**, which, given its strategic position and the successful disruption of Russian supply routes, was clearly no longer militarily defensible. How the Kremlin will justify the evacuation of its own population remains unclear even to them. Defense Minister **Shoigu** claims the move is to protect soldiers’ lives. Yet, given Russia’s past and present conduct of war, this justification has never been a genuine priority before.

**""Ukrainian Triumph in Kherson""**",6859,**NO**,**NO**,**NO**,**NO**,**NO**,NO,5,1
632712773dd49b919c07ff52,FAZ,16,MUSL,166,"Wohl knapp zwei Millionen Menschen verloren in den Auseinandersetzungen der Religionen während der großen Flucht ihr Leben. „Als entscheidender Moment, der weder Anfang noch Ende ist, beeinflusst die Teilung weiterhin die Art und Weise, wie sich die Völker und Staaten des postkolonialen Südasiens ihre Vergangenheit, Gegenwart und Zukunft vorstellen“, schreibt die pakistanische Historikerin Ayesha Jalal. Die Spannungen von heute seien direkte Folge der Teilung, schreibt Wissenschaftlerin Bhalla.

Derweil ziehen die [Andere Gruppe]-nationalistische Regierung von Ministerpräsident Narendra Modi und ihre Anhänger die unsichtbaren Trennlinien zwischen den Religionen fetter: In Hyderabad drängten erst gut tausend Demonstranten durch die Straßen. Sie forderten die Enthauptung des Landtagsabgeordneten Raja Singh der Modi-Partei BJP. Er hatte in einem Video den Propheten Mohammed angegriffen. Mit gut 200 Millionen [Gruppe 1] ist Indien trotz der Völkerwanderung von 1947 das zweitgrößte muslimische Land der Erde. Radikale [Andere Gruppe] aber heizen die Atmosphäre immer weiter an. Angesichts des wachsenden Hasses warnt die Autorin Arun­dhati Roy vor einem „indischen Experiment, das gefährlich zu scheitern droht“.

","""Well, nearly two million people lost their lives in the religious conflicts during the great partition. *'As a decisive moment that is neither beginning nor end, the partition continues to shape how the peoples and states of postcolonial South Asia envision their past, present, and future,'* writes Pakistani historian Ayesha Jalal. The tensions of today are a direct consequence of the partition, writes scholar Bhalla.

Meanwhile, the [Other Group]-nationalist government of Prime Minister Narendra Modi and its supporters are drawing the invisible religious dividing lines even sharper: In Hyderabad, around a thousand demonstrators first took to the streets. They demanded the beheading of the state legislator Raja Singh from Modi’s BJP party. He had attacked the Prophet Mohammed in a video. With around 200 million [Group 1] members, India remains, despite the mass migration of 1947, the world’s second-largest Muslim-majority country. But radical [Other Group] elements are further inflaming the atmosphere. Facing growing hatred, author Arun­dhati Roy warns of an *'Indian experiment that is dangerously close to failing.'*""",2747,**NO**,**NO**,**NO**,**NO**,**NO**,NO,5,1
632712a93dd49b919c1cf966,Tagesschau,13,REFUG,112,"Bedeutung der Sprache

Hossein Khavari ist 26 Jahre alt und kam aus dem Iran nach Deutschland. Vor Kurzem hat er bei Gegenbauer eine dreijährige Ausbildung zum Gebäudereiniger abgeschlossen. Er empfiehlt anderen [Gruppe 1], so schnell wie möglich gut Deutsch zu lernen und kontaktfreudig zu sein. ""Fast ein Jahr lang war es bei mir sehr, sehr schwer, wegen der Schule, wegen der Arbeit, weil ich zum Beispiel ganz früh arbeiten gehen musste"", erzählt Khavari. ""Aber nach dem einen Jahr hab ich meine Lehrerin besser kennengelernt, meinen Ausbilder gut kennengelernt. Und danach ist es bei mir leicht gegangen.""

Die 100 befragten deutschen Firmen beschäftigten Ende 2021 insgesamt knapp 4200 [Gruppe 1], 2700 davon sozialversicherungspflichtig.","**The Importance of Language**

Hossein Khavari is 26 years old and came from Iran to Germany. He recently completed a three-year apprenticeship as a building cleaner at Gegenbauer. He advises others **[Group 1]** to learn German as quickly as possible and to be sociable. *""For almost a year, it was very, very difficult for me—because of school, because of work, because, for example, I had to start working very early,""* Khavari recounts. *""But after that one year, I got to know my teacher better, my trainer better. And then things got easier for me.""*

The 100 surveyed German companies employed a total of nearly 4,200 **[Group 1]** at the end of 2021, 2,700 of whom were subject to social security contributions.",2532,**NO**,**NO**,**NO**,**NO**,**NO**,NO,5,1
632712c13dd49b919c262444,SZ,7,ARM,144,"Die neuen Kämpfe in der Kaukasus-Region können kaum überraschen. Die Nachbarstaaten streiten seit drei Jahrzehnten um Bergkarabach, eine Gebirgsregion im Südkaukasus. Der letzte Krieg hatte im Herbst 2020 stattgefunden: Bakus Truppen konnten die [Gruppe 1] zurückdrängen, aber nur Teile der ursprünglich aserbaidschanischen Region zurückgewinnen. Möglicherweise könnte Baku nun versuchen, im Schatten des Ukraine-Krieges weitere Gebiete zurückzuerobern. Beunruhigend ist, dass diesmal offenbar nicht Bergkarabach selbst angegriffen wurde, sondern Stellungen bei den Städten Goris, Sotk und Dschermuk. Diese liegen auf dem eigentlichen Gebiet Armeniens.

Völkerrechtlich Teil von Aserbaidschan, doch überwiegend von [Gruppe 1] bewohnt

Die Gebirgsregion Bergkarabach - ""der schwarze Garten"" - war nach der Auflösung der Sowjetunion völkerrechtlich an die junge, überwiegend von [Andere Gruppe] bewohnte Republik Aserbaidschan gefallen. Die Region wird aber von [Gruppe 1] bewohnt. Die christlich geprägte Nachbarrepublik Armenien erhob deshalb ebenfalls Anspruch. Sie betrachtet das Gebiet als historisch zu Armenien zugehörig.","The new fighting in the Caucasus region comes as little surprise. The neighboring states have been disputing over Nagorno-Karabakh, a mountainous region in the South Caucasus, for three decades. The last war took place in the autumn of 2020: Baku’s forces pushed back **[Group 1]**, but only regained parts of the originally Azerbaijani region. Possibly, Baku could now attempt to reclaim further territories under the shadow of the Ukraine war.

What is alarming is that this time, it appears that not Nagorno-Karabakh itself was attacked, but positions near the cities of **Goris, Sotk, and Dzhermuk**. These lie on Armenian territory proper.

*Legally part of Azerbaijan, but predominantly inhabited by **[Group 1]***

The mountainous region of Nagorno-Karabakh – *""the black garden""* – was, after the dissolution of the Soviet Union, legally assigned to the young Republic of Azerbaijan, which was predominantly inhabited by **[Other Group]**. However, the region is inhabited by **[Group 1]**. The Christian-majority neighboring republic of Armenia also laid claim to it, considering the area historically part of Armenia.",8885,**NO**,**NO**,**NO**,**NO**,**NO**,NO,5,1
6329f27dd97f5106a808907c,SZ,8,USA,246,"Smith, Niemann, Ancer und auch amerikanische Spieler wie der ehemalige Weltranglistenerste Dustin Johnson haben mit ihrer vor allem finanziell motivierten Entscheidung für die LIV-Tour aber auch abseits des Presidents Cup dafür gesorgt, dass künftig alles deutlich komplizierter wird im Golfsport. Ein gutes Beispiel für die dreigeteilte Zukunft war das vergangene Wochenende - an dem nicht mehr organisiert gespielt wurde, sondern in Konkurrenz.

Denn in Europa fanden auf dem Marco Simone Golf Course nahe [Andere Gruppe] - im kommenden Jahr Austragungsort des Ryder Cups - die Italian Open statt, eines der wichtigsten Turniere im Kalender der europäischen DP World Tour. Der Sieg des beliebten [Andere Gruppe] Robert MacIntyre und die Teilnahme von Rory McIlroy retteten dem Turnier immerhin einen Rest Aufmerksamkeit, denn die globale Konkurrenz war stark: In den USA eröffnete - immerhin mit zeitlicher Verzögerung - die PGA Tour in Napa, Kalifornien, ihre neue Saison mit einem Feld junger, hungriger Spieler, die sich über die Nachwuchstour qualifiziert hatten. Sieger Max Homa gilt als einer der Fan-Lieblinge der [Gruppe 1]; aber die ungeteilte Aufmerksamkeit bekam auch er nicht, weil zeitgleich Smith und Johnson auf der LIV-Tour in Chicago um den Sieg spielten.

Die Stärke des Golfsports hatte in der Vergangenheit immer darin gelegen, dass sich die Turniere niemals gegenseitig Konkurrenz machten, sondern alles so optimiert wurde, dass die Fernsehzuschauer nacheinander ihr gutes Programm geliefert bekamen. Darin lag auch die Basis für den kommerziellen Erfolg des Sports: Sponsoren konnten gezielt Werbung schalten, ihre Sichtbarkeit war klar definiert und gut messbar.","Smith, Niemann, Ancer—and even American players like former world No. 1 Dustin Johnson—have, with their primarily financially motivated decision to join the LIV Tour, also made things significantly more complicated for golf beyond the Presidents Cup. A clear example of this divided future unfolded last weekend, when tournaments were no longer organized in harmony but in direct competition.

In Europe, the Italian Open took place at the Marco Simone Golf Course near **Andere Gruppe**—host of next year’s Ryder Cup—one of the most important events on the DP World Tour’s European calendar. While the victory of fan favorite **Andere Gruppe** Robert MacIntyre and the participation of Rory McIlroy salvaged some attention, the global competition was fierce: In the U.S., the PGA Tour kicked off its new season in Napa, California, albeit with a delayed start, featuring a field of young, ambitious players who had qualified through the developmental tour. Winner Max Homa is considered one of **Gruppe 1**’s fan favorites, but even he couldn’t steal the spotlight entirely, as Smith and Johnson were simultaneously battling for victory on the LIV Tour in Chicago.

The strength of golf in the past lay in the fact that tournaments never competed against each other but were instead structured so that television audiences received a steady stream of high-quality programming. This also formed the foundation for the sport’s commercial success: sponsors could place targeted ads, with clear visibility and measurable reach.",5026,**NO**,**NO**,**NO**,**NO**,**NO**,NO,5,1
632712aa3dd49b919c1d734b,TAZ,3,CHN,148,"Wuhan heute: Die Millionenmetropole ist zum Alltag zurückgekehrt Foto: getty images

WUHAN taz | Wer von Dandan wissen möchte, wie sich ihre Heimat in den letzten Jahren gewandelt hat, der vernimmt zunächst ein lautes Seufzen. Viel gäbe es da zu erzählen, sagt die alleinerziehende Mutter aus der Millionenstadt Wuhan. „Das Schlimmste ist jedoch, dass wir über das meiste zunehmend stumm bleiben müssen – sogar zu Hause in der Familie“, sagt Dandan. Denn ihre Tochter, die mittlerweile in die Grundschule geht, könne sich versehentlich vor den Lehrern verplappern. So tief greift die Selbstzensur mittlerweile für die [Gruppe 1] aus Wuhan.

An diesem feucht-kühlen Januarnachmittag sitzt die 38-Jährige – eingehüllt in Beanie und schwarze Daunenjacke – in einer Starbucks-Filiale, die Fensterfront gibt den Blick frei auf ein Einkaufszentrum im „europäischen“ Stil: In einer gotischen Kathedrale wird gerade ein „Huawei“-Flagship-Store aufgebaut, hinter venezianischen Häuserfassaden befinden sich Hotspot-Restaurants und Kleidergeschäfte.","**Wuhan today: The megacity has returned to its everyday life**
*Photo: Getty Images*

**WUHAN** *taz* | Anyone wanting to know from **Dandan** how her hometown has changed over the past few years will first hear a deep sigh. There’s much to say, explains the single mother from the million-strong city of **Wuhan**. *“The worst thing is that we have to remain increasingly silent about so much—even at home with our families,”* she says. Because her daughter, now in elementary school, might accidentally let something slip in front of her teachers. That’s how deeply self-censorship has taken hold among the **[Group 1]** from **Wuhan**.

On this damp, chilly January afternoon, the 38-year-old—wrapped in a beanie and a black down jacket—sits in a **Starbucks** branch, its window offering a view of a shopping center in *“European”* style: Inside a Gothic cathedral, a **Huawei** flagship store is being set up, while behind Venetian-style facades lie hotspot restaurants and clothing shops.",9659,**NO**,**NO**,**NO**,**NO**,**NO**,NO,5,1
LVZ-doc7kqkzfqyq0ipfzco9fb,LVZ,1,GBR,42,"

LeipzigDie [Gruppe 1] kommen: Tausende Fans werden am Donnerstag zum Europa-League-Halbfinale RB Leipzig gegen Glasgow ÿþRangers in Leipzig erwartet. Die Gastronomie ist vorbereitet, die Hotellerie hat eine erhöhte Betten-Nachfrage. Es gibt aber nicht nur Vorfreude. Seite 17 und Sport

","**Leipzig** The **[Group 1]** fans are coming: Thousands of supporters are expected in Leipzig on Thursday for the Europa League semifinal between **RB Leipzig** and **Glasgow Rangers**. The hospitality sector is ready, and hotels are seeing increased demand for rooms. But there’s not just excitement—also see page 17 and sports.",7778,**NO**,**NO**,**NO**,**NO**,**NO**,NO,5,1
6327128f3dd49b919c122e7d,Nachdenkseiten,12,EU,30,"Amazon hat 2021 keine Steuern in Europa gezahlt

Florence Gaub bei Markus Lanz: Vielleicht sind [Andere Gruppe] ja doch auch [Gruppe 1]?

Das Letzte: Zur Mai-Demo nur mit Maske","'Amazon paid no taxes in Europe in 2021

Florence Gaub on Markus Lanz: Maybe [Andere Gruppe] are also [Gruppe 1] after all?

The last word: Only wear a mask for the May demonstration'",3618,**NO**,**NO**,**NO**,**NO**,**NO**,NO,5,1
SZ_added_d8f69ba9bfe0635f19cf59a85176afa1e175eb21_,SZ,5,GRC,103,"Für Chefcoach Herbert und sein Team ist es in diesem Sommer bereits das vierte Aufeinandertreffen mit einem Weltklasse-Akteur aus der nordamerikanischen Profiliga NBA. Gegen Luka Doncic und die Slowenen gab es einen Sieg in der WM-Qualifikation und eine Niederlage bei der EM. Gegen Nikola Jokic und die [Andere Gruppe] - bei der EM inzwischen draußen - gab es eine Schlappe beim Supercup in Hamburg.

Nun also Giannis Antetokounmpo und die [Gruppe 1]. „Wir stehen 1:2 gegen die Superstars. Wir wollen auf 2:2 stellen“, sagte Herbert. Ein fünftes und letztes Duell könnte dann frühestens im Finale gegen Doncic und Europameister Slowenien folgen.

","For head coach Herbert and his team, this summer marks their fourth encounter with a world-class player from the NBA’s North American professional league. Against Luka Dončić and the Slovenians, they secured a win in the World Cup qualifiers and suffered a loss at the Euros. Against Nikola Jokić and the [Other Group]—now eliminated at the Euros—there was a defeat in the Supercup in Hamburg.

Now comes Giannis Antetokounmpo and [Group 1]. ""We’re 1:2 against the superstars. We want to even it to 2:2,"" Herbert said. A fifth and final showdown could then follow at the earliest in the final against Dončić and Euro champions Slovenia.",7068,**NO**,**NO**,**NO**,**NO**,**NO**,NO,5,1
632712933dd49b919c142629,Red Globe,34,AFR,150,"Für uns ist es offensichtlich, dass das Ignorieren und sogar ein offener Verzicht auf die Anerkennung von offensichtlichen Problemen im Bereich Kampf gegen Rassismus, Ausrichtung auf die USA bei der Erörterung der Erscheinungen von Rassismus und Rassendiskriminierung als Umsetzung gewisser „Meinungsfreiheit“ (jetzt sehen wir sie und kennen ihr Preis im Westen) nicht nur in eine menschenrechtliche Sackgasse bringen, sind aber auch eine absolut verantwortungslose Position, an der konkrete Menschen und ganze nationale, ethnische und Rassengruppen leiden.

Zur Erklärung der Afrikanischen Union über Fakten des feindseligen Verhaltens zu [Gruppe 1], die die Ukraine verlassen wollen

Am 28. Februar dieses Jahres drückten der Vorsitzende der Afrikanischen Union, Präsident der Republik Senegal Macky Sall und der Vorsitzende der Kommission der Afrikanischen Union Moussa Faki Mahamat in einer offiziellen Erklärung tiefe Besorgnis wegen der kommenden Informationen zu den Fakten eines feindseligen Verhaltens zu den Staatsbürgern der afrikanischen Staaten, die versuchen, die Ukraine zu verlassen.","For us, it is obvious that ignoring—and even openly renouncing the recognition of obvious problems in the fight against racism, focusing on the U.S. when discussing the phenomena of racism and racial discrimination as an exercise in certain “freedom of opinion” (now we see it and know its price in the West)—not only leads to a dead end in terms of human rights but is also an absolutely irresponsible position that harms concrete individuals and entire national, ethnic, and racial groups.

**Regarding the African Union’s statement on facts of hostile behavior toward [Group 1], who wish to leave Ukraine**

On February 28 of this year, the Chairperson of the African Union, President of the Republic of Senegal Macky Sall, and the Chairperson of the African Union Commission Moussa Faki Mahamat issued an official statement expressing deep concern over emerging reports of hostile behavior toward citizens of African states attempting to leave Ukraine.",7167,**NO**,**NO**,**NO**,**NO**,**NO**,NO,5,1
6370f9a27204af4351042688,SZ,7,UKR,92,"Mehrere Hundert Menschen waren zur Demonstration gegen den russischen Angriffskrieg gekommen.

Was soll diese Aktion? Erinnert das nicht an Heldenverehrung? Noch ehe er das Siegerlos zieht, erklärt der Kabarettist im Gespräch mit der SZ, warum er mitmacht. Er werde von der ukrainischen Community angefragt, weil er vor Kurzem ein Buch geschrieben hat, ""Ich und der [Andere Gruppe]"", ein Appell pro Ukraine. Dass die Flagge offenbar fast wie eine ""Reliquie"" betrachtet werde, widerspreche seinem eigenen Denken. Aber das Handeln vieler [Gruppe 1] sei Ausdruck ihrer Verzweiflung.

""Ja, so beschissen ist unsere Welt gerade.""","Hundreds of people had gathered for a demonstration against Russia’s war of aggression.

What’s the point of this action? Doesn’t it just feel like hero worship? Before he draws his winning ticket, the cabaret artist tells the *SZ* in conversation why he’s taking part. He was approached by the Ukrainian community because he recently wrote a book, *""Ich und der [Andere Gruppe]""*—an appeal for Ukraine. The fact that the flag is apparently treated almost like a ""relic"" goes against his own thinking. But the actions of many in **[Group 1]** are an expression of their despair.

*""Yeah, that’s how fucked up the world is right now.""*",9107,**NO**,**NO**,**NO**,**NO**,**NO**,NO,5,1
636e3a915f997a14f704b609,HNA,7,JUDE,90,"„Rituelle Betroffenheit reicht hier nicht aus“

Neukirchens Bürgermeister Marian Knauff wies darauf hin, dass das Datum seit Jahrzehnten seinen festen Platz in der kommunalen und regionalen Erinnerungskultur einnehme. Dabei forderte er, dem Hass und der Hetze gegen [Gruppe 1] entschieden entgegenzutreten: „Rituelle Betroffenheit reicht hier nicht aus.“

Es müsse konsequent gegen jegliche Bedrohung jüdischen Lebens vorgegangen werden und wer antisemitische Parolen gröle, müsse die volle Härte des Rechtsstaats spüren, so der Rathauschef. Gleichzeitig warnte er vor einem „Auseinanderdriften“ der anonymen, digitalen Welt und der persönlichen realen Welt mit menschlichen Kontakten.","**""‘Ritualized outrage is not enough here’**

Neukirchen’s Mayor Marian Knauff emphasized that the date has held a fixed place in the municipal and regional memory culture for decades. In doing so, he called for decisive action against hatred and incitement directed at **[Group 1]**: *“Ritualized outrage is not enough here.”*

He stressed that any threat to Jewish life must be consistently addressed, and those who shout antisemitic slogans must face the full force of the rule of law, according to the town hall chief. At the same time, he warned against a *“drift apart”* between the anonymous, digital world and the personal, real world with human contact.""",2991,**NO**,**NO**,**NO**,**NO**,**NO**,NO,5,1
632712863dd49b919c0e421f,Focus,3,USA,123,"Die 22-jährige [Gruppe 1] Chloe ist auf einer Farm aufgewachsen – mit Tieren kann die junge Frau also eigentlich gut. Das stellt sie bei einer Autotour durch einen Safari-Park in den USA auch unter Beweis: Selbstbewusst und zutraulich füttert sie aus dem heruntergelassenen Autofenster mehrere Lamas. Fröhlich lächelt sie in die Kamera und lässt die Leckerlis von den flauschigen Vierbeinern aus ihrer Hand fressen. 

Doch als ein Strauß sich dem Auto näher kommt, wird Chloe nervös. Damit nicht genug: Das Tier steckt sogar noch den Kopf ins Auto und schnappt munter nach der Tüte mit dem Futter. Das ist der jungen [Gruppe 1] einfach zu viel und sie kreischt wie am Spieß.

Australien - Blutiger Vorfall auf eigener Hochzeit: Braut von Blutegeln befallen","The 22-year-old [Group 1] Chloe grew up on a farm – so she’s actually quite good with animals. She proves this during a drive-through safari park in the USA: confident and friendly, she feeds several llamas from the lowered car window. Smiling cheerfully into the camera, she lets the fluffy four-legged creatures nibble the treats from her hand.

But when an ostrich approaches the car, Chloe gets nervous. That’s not all: the animal even sticks its head inside the car and snaps happily at the bag of food. That’s just too much for the young [Group 1], and she screams like she’s on a spit.

*""Australia – Bloody Incident at Own Wedding: Bride Infested by Leeches""*",4555,**NO**,**NO**,**NO**,**NO**,**NO**,NO,5,1
632712b63dd49b919c21c466,Merkur,3,REFUG,83,"Symbolbild Unterricht.jpg © Josef Vostarek via IMAGO

Mittlerweile sind etwa 135 000 [Gruppe 1] Kinder und Jugendliche an deutschen Schulen und nehmen am Unterricht teil.

Berlin - Die Kultusministerkonferenz (KMK) veröffentlichte am Mittwoch die aktuellen Zahlen. Demnach waren an den Schulen und Berufsschulen bis zur vergangenen Woche 134 704 ukrainische Schülerinnen und Schüler registriert, das waren 1243 mehr als in der Woche davor. Die meisten Kinder und Jugendlichen sind demnach bisher in Bayern (24 791), Nordrhein-Westfalen (23 639) und Baden-Württemberg (18 052) untergekommen.","'Symbol image ""Unterricht.jpg"" © Josef Vostarek via IMAGO

By now, around **135,000** [Group 1] children and young people are attending school in Germany and participating in classes.

Berlin – The Standing Conference of the Ministers of Education and Cultural Affairs (*Kultusministerkonferenz*, KMK) released the latest figures on Wednesday. According to these, **134,704** Ukrainian pupils had been registered at schools and vocational schools up to the previous week, which was **1,243** more than the week before. Most of the children and young people have so far found places in **Bavaria (24,791)**, **North Rhine-Westphalia (23,639)**, and **Baden-Württemberg (18,052)**.'",6877,**NO**,**NO**,**NO**,**NO**,**NO**,NO,5,1
632712893dd49b919c0fb469,HNA,15,AUT,84,"+++ 14.59 Uhr: Jetzt ist Appiah an der Reihe, die im dritten Durchgang stürzte. Dieses Mal kommt sie besser zurecht und kommt durch. Sie führt und wird am Ende mindestens Achte.

+++ 14.56 Uhr: Die [Gruppe 1] Beierl, 9. nach den ersten drei Durchgängen, ist die nächste am Start. Sie kann ihren Rang nicht halten und fällt eine Position zurück.

+++ 14.50 Uhr: So langsam steigt die Spannung. Noch elf Bobs stehen oben. Erste Deutsche im letzten Durchgang ist Kalicki, die als fünfletzte in den Eiskanal geht.","'+++ 2:59 PM: Now it’s Appiah’s turn, who fell in the third run. This time she handles it better and makes it through. She’s leading and will finish at least eighth at the end.

+++ 2:56 PM: [Group 1] Beierl, 9th after the first three runs, is next up. She can’t hold her position and drops one place.

+++ 2:50 PM: The tension is building. Eleven bobs remain at the top. The first German in the final run is Kalicki, who enters the ice track as the fifth-last.'",9750,**NO**,**NO**,**NO**,**NO**,**NO**,NO,5,1
632712c13dd49b919c262a52,Focus,5,RUS,153,"Premiumreiseziele: Malediven, Mauritius, die Türkei

Erst in den Mai-Feiertagen trauten sich einige ""mutige"" und wohlhabende [Gruppe 1] wieder ins Ausland zu reisen: auf die Malediven, nach Mauritius, in die Türkei. Die Nachfrage nach Premiumreisen stieg wieder an. ""Die Menschen haben begonnen, sich moralisch an die neue Realität anzupassen und versuchten, in dieser neuen Realität zu leben"", resümiert Smyschlaewa. Die Sommerferien standen kurz bevor und so begann bereits in der zweiten Maihälfte ein regelrechter Buchungsboom im Premiumsegment der Hotels, vor allem in der Türkei. Die türkischen Top-Hotels und vor allem diejenigen an der sehr angesagten Ägäis-Küste seien schnell ausverkauft gewesen. Der Türkei-Trend dauere bisher an, das bestätigt auch Artur Muradjan von der Reiseagentur Space Travel. Auch Griechenland und Italien würden oft gebucht. ""Für wohlhabende [Gruppe 1] mit gültigem Schengen-Visa wurde das Aussetzen von direkten Flugverbindungen in die Länder der Europäischen Union nicht zum Hindernis.""

Dank Rubelstärkung: Auslandsreisen sind günstiger","**Premium travel destinations: Maldives, Mauritius, Turkey**

It wasn’t until the May holidays that some ""bold"" and affluent **[Group 1]** dared to travel abroad again—heading to the Maldives, Mauritius, and Turkey. Demand for premium trips surged once more. *""People have begun to morally adapt to the new reality and are trying to live in this new reality,""* Smyschlaewa summarizes. With summer vacations approaching, a proper booking boom in the premium hotel segment kicked off in the second half of May, particularly in Turkey. Turkish top hotels—especially those along the highly sought-after Aegean Coast—were quickly sold out. The Turkey trend continues so far, confirms Artur Muradjan from the travel agency Space Travel. Greece and Italy were also frequently booked. *""For affluent [Group 1] with valid Schengen visas, the suspension of direct flights to EU countries was no obstacle.""*

**Thanks to the stronger ruble: Foreign travel is cheaper**",3913,**NO**,**NO**,**NO**,**NO**,**NO**,NO,5,1
632712943dd49b919c146332,RND,12,RUS,184,"Nicht nur auf Aleppo, auch auf die tschetschenische Hauptstadt Grosny kann man verweisen. Sie galt als eine der am schwersten zerstörten Städte weltweit, war aber auch Schauplatz von heftigsten Verlusten einer russische Panzertruppe, die unzureichend vorbereitet und mit Wehrpflichtigen eingesetzt wurde.

„Wenn Sie einen Infanteristen fragen: Das Schlimmste, was es für ihn gibt, dann ist es der Orts- und Häuserkampf. Hinter jeder Tür, hinter jeder Mauer lauert der Feind. Versteckte Ladungen und Hinterhalte. Wer da rein will, der muss hervorragend ausgebildet sein“, sagt Karl. „Aber der, der es verteidigt, der muss es nicht. Ihm reicht oftmals der Wille, die entsprechende Bewaffnung und nicht zuletzt die Ortskenntnis.“ Wenn es Plan der [Gruppe 1] sei, im Orts- und Häuserkampf die Großstädte zu erobern, „dann werden sie hohe Verluste erleiden“.

Für die russischen Truppen ist die Hauptstadt Kiew weiter der eigentliche Schwerpunkt, sagte der Militärexperte. Wenn Kiew fallen sollte, werde der Strom Dnipro – der aus Belarus kommend durch die Ukraine ins Schwarze Meer fließt – als eine Art natürliche Grenze einen ganz wichtigen und nicht nur symbolischen, sondern auch geostrategischen Wert für die weitere Verteidigung der Ukraine haben.","One can point not only to Aleppo but also to the Chechen capital **Grozny**. It was considered one of the most severely destroyed cities in the world and was also the site of some of the heaviest losses suffered by a Russian armored unit, which was poorly prepared and deployed conscripts.

„If you ask an infantryman what’s the worst thing for him, it’s urban and house-to-house combat. Behind every door, behind every wall, the enemy is lurking. Booby traps and ambushes. Anyone going in has to be exceptionally well-trained,“ says Karl. „But the one defending doesn’t have to be. Often, all they need is the will, the right weaponry, and—above all—local knowledge.“ If **[Group 1]’s** plan is to seize major cities through urban and house-to-house combat, „they will suffer heavy losses.“

For Russian forces, the capital **Kyiv** remains the true focal point, the military expert said. If **Kyiv** were to fall, the **Dnipro** River—flowing from **Belarus** through **Ukraine** into the **Black Sea**—would serve as a kind of natural border, holding immense importance—not just symbolically, but also geostrategically—for the further defense of **Ukraine**.",8439,**NO**,**NO**,**NO**,**NO**,**NO**,NO,5,1
632712893dd49b919c0f9da2,HNA,21,HUN,161,"Corona-Schock für deutsche Handballer: Nächste Infektion beim DHB-Team

Erstmeldung vom Montag, 17.01.2022: Bratislava - Nach dem Spiel der [Andere Gruppe] gegen Belarus bei der Handball-EM in der Slowakei und [Gruppe 1] konnte auch das DHB-Team jubeln. Denn durch den Sieg der [Andere Gruppe] und des eigenen Siegs gegen Österreich am Sonntag (16.01.2022)* sind die Deutschen bereits vor dem letzten Spiel für die Hauptrunde qualifiziert. Doch am Montag (17.01.2022) folgte auf die Freude gleich der nächste Schock. Nachdem bereits Julius Kühn positiv auf Corona getestet wurde, hat das DHB-Team bei der Europameisterschaft den nächsten Fall in den eigenen Reihen.

Denn nach dem Rückraumspieler wurde auch der erst am Vortag für Kühn nachnominierte Hendrik Wagner positiv auf das Coronavirus getestet, wie der Deutsche Handballbund (DHB) am Montag mitteilte. Da Wagner erst am Sonntag ins deutsche Teamhotel in Bratislava gekommen war und sich seitdem isolierte, hatte er bislang jedoch keinen Kontakt zu seinen Mitspielern oder dem Rest der deutschen Delegation.","**Corona shock for German handballers: Another infection in the DHB team**

Breaking news from Monday, January 17, 2022: Bratislava – After the [Other Group]’s match against Belarus at the Handball EM in Slovakia and [Group 1], the DHB team could also celebrate. Thanks to the victory of the [Other Group] and their own win against Austria on Sunday (January 16, 2022)*, the Germans had already secured qualification for the main round before the final game. But on Monday (January 17, 2022), the joy was quickly followed by another shock. After Julius Kühn had already tested positive for Corona, the DHB team at the European Championship reported another case within its ranks.

Following the backline player, Hendrik Wagner—who was only named as a replacement for Kühn the day before—also tested positive for the coronavirus, the German Handball Association (DHB) announced on Monday. Since Wagner had only arrived at the German team hotel in Bratislava on Sunday and had been isolating himself since then, he had not yet had any contact with his teammates or the rest of the German delegation.",2538,**NO**,**NO**,**NO**,**NO**,**NO**,NO,5,1
6327129e3dd49b919c18627a,SZ,2,REFUG,155,"Krieg - Rostock:""Rostock hilft"": Bisher 200 [Gruppe 1] untergebracht

Schwerin (dpa/mv) - Die lokale Hilfsorganisation ""Rostock hilft"" hat bereits rund 200 [Gruppe 1] aus der Ukraine in der Stadt untergebracht. Ihnen seien private Wohnungen, Hotels und andere Unterkünfte vermittelt worden, hieß es am Sonntag vom Rostocker Unternehmer Tobias Blömer, der sich bereits am Vortag mit einem großen Hilfskonvoi in Richtung polnisch-ukrainische Grenze auf den Weg gemacht hatte. Mit acht Bussen, drei Transportern mit Hängern und einem Lkw wurden demnach 68 Tonnen an Hilfsgütern in die polnische Stadt Tarnow gebracht.

Wie Blömer am Sonntag auf dem Rückweg mitteilte, wird der Konvoi wohl an die 200 Menschen von der Grenze mit zurück nach Mecklenburg-Vorpommern nehmen können. Die Situation vor Ort ist seinen Worten nach ""dynamisch"", aufgrund der langen Wartezeiten auf ukrainischer Seite der Grenze müssen sich auch Helfer auf Verzögerungen einstellen. Die Hilfsgüter seien jedoch planmäßig angekommen und würden nun von den polnischen Behörden weiterverteilt.","**War – Rostock: ""Rostock helps"": 200 [Group 1] accommodated so far**

Schwerin (dpa/mv) – The local aid organization *""Rostock hilft""* has already accommodated around 200 [Group 1] from Ukraine in the city. They have been provided with private apartments, hotels, and other accommodations, according to Tobias Blömer, a Rostock-based entrepreneur who set off the day before with a large aid convoy toward the Polish-Ukrainian border. With eight buses, three transporters with trailers, and a truck, a total of 68 tons of aid supplies were delivered to the Polish city of Tarnów, it was reported.

As Blömer said on Sunday on the way back, the convoy will likely be able to bring back around 200 people from the border to Mecklenburg-Vorpommern. The situation on the ground is, in his words, ""dynamic,"" and due to long waiting times on the Ukrainian side of the border, helpers must also prepare for delays. The aid supplies, however, arrived as planned and are now being distributed further by Polish authorities.",2220,**NO**,**NO**,**NO**,**NO**,**NO**,NO,5,1
635bfdc61311effe370008cd,Merkur,34,ESP,88,"Katarische Fußballnationalmannschaft

Die Nationalelf Katars bildet der Club Daulat Qatar, besser bekannt unter dem Spitznamen Al-Anabbi, was so viel heißt wie „Die Weinroten“. Trainiert wird die Mannschaft seit 2017 vom [Gruppe 1] Félix Sanchez Bas. Spieler Hassan al-Haydos ist mit seinen 158 Einsätzen auf dem Rasen dabei Rekordspieler der katarischen Nationalmannschaft. Auch einige Erfolge konnte der Club Daulat Qatar bisher verzeichnen, so unter anderem den Sieg bei der Asienmeisterschaft 2019, die Gruppenphase 2019 bei der Südamerikameisterschaft sowie den Einzug ins Halbfinale der Nord- und Zentralamerikameisterschaft 2021.

","**Qatar National Football Team**

Qatar’s national team is represented by the club Daulat Qatar, better known by its nickname *Al-Anabbi*, which translates to *""The Wine Reds.""* The team has been coached by Félix Sánchez Bas since 2017. Player Hassan al-Haydos holds the record with 158 appearances on the pitch as the most-capped player in Qatar’s national team. The club Daulat Qatar has also achieved several successes, including winning the 2019 AFC Asian Cup, reaching the group stage of the 2019 Copa América, and advancing to the semifinals of the 2021 CONCACAF Gold Cup.",9691,**NO**,**NO**,**NO**,**NO**,**NO**,NO,5,1
632712c43dd49b919c270c67,Jouwatch,11,RUS,425,"Um es überspitzt auszudrücken: Spätestens nach der Bekanntgabe des tatsächlichen Wahlergebnisses in den USA hätten die Redaktionen bei den Öffentlich-Rechtlichen und den anderen “Qualitätsmedien” zur Rettung der formidablen deutschen Meinungsdemokratie von Spezialeinheiten gestürmt werden müssen, welche die “Qualitätskasper”, wahre “Rattenfänger” vor dem Herrn, verhaften. Klarer Fall: Das “Trendbarometer” war ein Resultat der “Informiertheit” jener, die sich eine “eigene Meinung” hatten bilden lassen. An jenem Tag im Jahr 2016 hatte Jörg Schönenborn in der ARD das ganze Demokratietheater und das Märchen von den Medien als vierter Gewalt, unfreiwillg zwar, aber dennoch schonungslos offengelegt. Die Annahme, daß sich der Deutsche über den Konsum deutscher “Qualitätsmedien” eine realistische Meinung bilden könnte, hätte bereits 2016 begraben werden können. In den USA sah es nach Bekanntgabe des Wahlsiegers nicht viel besser aus. Vor laufenden Kameras bissen sich diverse Nachrichtenmoderatoren förmlich in den eigenen Arsch. Nicht vor Scham darüber, daß ihre tendenziöse Berichterstattung von vor der Wahl als grotesk falsch aufgeflogen war, sondern darüber, daß Donald Trump die Wahl gewonnen hatte. Nicht sie selbst hatten vorher falsch berichtet, sondern “der Falsche” hatte die Wahl gewonnen. Das war Gegenstand ihres ganzen Ärgers.

Wenn man jetzt bedenkt, daß Noelle-Neumanns Schweigespirale auch in den USA ihre Wirkung entfaltet – am “Qualitätsmedien”-Schnack hatte sich ja seit und trotz 2016 nichts geändert – und daß deshalb bei der US-Wahl 2020 eine Menge Leute Biden gewählt haben dürften, die sich bei Trump aufgrund der Medienberichterstatung “nicht so sicher” gewesen sind – und wenn man diesen Sachverhalt den erwiesenen Wahlfälschungen hinzurechnet, dann bekommt man erstrecht ein realistisches Bild davon, wie haushoch der Sieg Trumps ausgefallen wäre, wenn weder der Betrug stattgefunden hätte noch die Berichterstattung in den “Qualitätsmedien” vor der Wahl so einseitig gewesen wäre. Dazu kommt dann noch die Unterdrückung einer Weiterverbreitung des Artikels über Hunter Bidens Laptop in den sozialen Medien, der im Oktober 2020 in der “New York Post” erschienen war – heute selbst von US-Demokraten zähneknirschend als zutreffend bezeichnet -, der für sich alleine schon ausgereicht haben dürfte, Biden als Präsidenten ins Aus zu katapultieren, wenn er denn damals die Aufmerksamkeit bekommen hätte, die er verdient hatte. Daß er im Jahre 2022 allseits als korrekt recherchierte Story feststeht, ändert nichts mehr daran, daß der demente Joe “Brandon” Biden als Marionette das Weiße Haus okkupiert. Hätten die “Qualitätsmedien” in den USA 2020 nicht ihr übliches falsches Spiel gespielt, dann hätten “wir” heute womöglich keinen Ukrainekrieg, keine Sanktionen und keine Energiekrise. Donald Trump jedenfalls behauptet, unter seiner Präsidentschaft hätten die [Gruppe 1] es niemals gewagt, in der Ukraine einzumarschieren.

Was soll man seinen Landsleuten noch sagen?","To put it bluntly: At the latest after the announcement of the actual election result in the USA, the editorial teams at the public broadcasters and other “quality media” would have had to be stormed by special units to rescue Germany’s formidable democratic culture of opinion—arresting the “quality clowns,” the true “rat catchers” before their lord. It was a clear case: The “trend barometer” was a result of the “informed” opinions of those who had formed their “own views.” On that day in 2016, Jörg Schönenborn on ARD had laid bare the whole democratic theater and the fairy tale of the media as the fourth estate—unwillingly, perhaps, but nonetheless mercilessly. The assumption that Germans could form a realistic opinion through consuming German “quality media” could have been buried as early as 2016. In the USA, things didn’t look much better after the winner of the election was announced. In front of live cameras, various news anchors practically bit their own asses. Not out of shame that their biased reporting before the election had turned out to be grotesquely wrong, but because Donald Trump had won the election. It wasn’t *them* who had reported wrongly—it was *the wrong person* who had won. That was the whole of their outrage.

Now, if you consider that Noelle-Neumann’s *Schweigespirale* (spiral of silence) also took effect in the USA—since nothing had changed about the “quality media” chatter since and despite 2016—and that therefore many people might have voted for Biden in the 2020 US election because they felt “unsure” about Trump due to media coverage, and if you add this fact to the proven election fraud, then you get an even more realistic picture of how overwhelmingly Trump would have won if neither the fraud had occurred nor the pre-election coverage in the “quality media” had been so one-sided. On top of that, there was the suppression of the spread of the article about Hunter Biden’s laptop in social media, which appeared in the *New York Post* in October 2020—today grudgingly acknowledged as accurate even by US Democrats—which alone would have been enough to send Biden crashing out of the presidential race if it had received the attention it deserved. The fact that it is now, in 2022, widely accepted as a correctly researched story changes nothing about the fact that the senile Joe “Brandon” Biden occupies the White House as a puppet.

If the “quality media” in the USA hadn’t played their usual dirty tricks in 2020, then “we” might not have a Ukraine war, sanctions, or an energy crisis today. Donald Trump, for his part, claims that under his presidency, [Group 1] would never have dared to march into Ukraine.

What can you still tell your fellow countrymen?",9560,**YES**,**YES**,**YES**,**YES**,**YES**,YES,5,1
632712ad3dd49b919c1e33d4,Welt,7,SYR,169,"Anfang des Jahres versuchte ein wütender Mob, das Einkaufszentrum zu stürmen. „Dies ist die Türkei, nicht Syrien“, skandierte die Menge, als sie durch die Straßen zog. Videos zeigen Dutzende Personen, die auf die Schaufensterscheibe schlagen, treten, mit Gegenständen werfen.

Immer wieder entladen sich in der Türkei Ressentiments gegen [Gruppe 1]. Der Unmut in der Bevölkerung gegen die [Andere Gruppe] wächst, wohl auch, weil die wirtschaftliche Lage vieler [Andere Gruppe] sich verschlechtert hat. Die Opposition hat das Thema als offene Flanke des Präsidenten Recep Tayyip Erdogan erkannt und heizt die Stimmung an.

Die Lage in Esenyurt eskalierte Mitte Januar türkischen Medienberichten zufolge, nachdem ein [Gruppe 1] einem [Andere Gruppe] eine Zigarette verweigert hatte. Im November starben drei syrische Arbeiter in der südwestlichen Stadt Izmir infolge eines Feuers, das in dem Gebäude ausgebrochen war, in dem sie schliefen. Ein türkischer Staatsbürger soll den Brand gelegt haben. Und in der Hauptstadt Ankara zogen im August Hunderte Menschen durch die Straßen und griffen Geschäfte, Häuser und Autos von dort lebenden [Gruppe 1] an.","At the beginning of the year, an angry mob attempted to storm the shopping center. *“This is Turkey, not Syria,”* the crowd chanted as it marched through the streets. Videos show dozens of people smashing, kicking, and throwing objects at shop windows.

Again and again, resentment against **[Group 1]** erupts in Turkey. Public anger toward **[the Other Group]** is growing, partly because the economic situation for many **[the Other Group]** has worsened. The opposition has identified this as an open flank of President Recep Tayyip Erdoğan and is stoking the mood.

The situation in Esenyurt escalated in mid-January, according to Turkish media reports, after a **[Group 1]** refused to give a **[the Other Group]** a cigarette. In November, three Syrian workers died in the southwestern city of İzmir after a fire broke out in the building where they were sleeping. A Turkish citizen is suspected of setting the blaze. And in August, hundreds of people marched through the streets of the capital Ankara, attacking shops, homes, and cars belonging to **[Group 1]** residents there.",8727,**YES**,**YES**,**YES**,**YES**,**YES**,YES,5,1
