article_id,pub,par_index,group,length,text_block_english,row_num,threat_human,benefit_human,notes,labels_run1,explanations_run1,labels_run2,explanations_run2,labels_run3,explanations_run3,labels_run4,explanations_run4,labels_run5,explanations_run5,majority_label,majority_count,agreement
633a7b47a5224ed9a50038ef,Tag24,6,MUSL,101,"At the **Cologne Central Mosque** of the **D T B**, the program included guided tours, lectures such as *""Mosques between Climate Crisis and Transformation""* as well as a *""Resource Trail for Young and Old.""*

The **Central Council of [Group 1]** (**ZMD**) also emphasized that under the motto *""scant resources   great responsibility,""* awareness should be raised for a sustainable and climate-adapted way of life. To combat climate change, it requires profound structural changes as well as behavioral adjustments also within **Group 1**, mosques, and Muslim institutions.

The **ZMD** initiated the **Day of the Open Mosque** in 1997 as a deliberate sign of belonging and solidarity on **October 3rd**, the **Day of German Unity**.",1,NA,NA,NA,NO,"NO   The text focuses on cultural integration, solidarity, and climate initiatives—none of B1–B5 are mentioned. No economic benefits (labor market filling, tax revenue, GDP, etc.) or barriers to economic participation (degree recognition, language barriers, work permits) are present.",NO,"NO   The text discusses climate awareness, cultural integration, and solidarity without mentioning any economic benefit (e.g., labor market entry, tax revenue, wage growth) linked to immigration.",NO,"NO   No mention of B1–B5: The text discusses cultural integration, climate awareness, and solidarity initiatives without linking them to explicit economic outcomes such as labor market entry, tax revenue, GDP benefit, or filling labor shortages. The phrase *""scant resources – great responsibility""* refers to sustainability, not economic benefit.",NO,"NO   The text discusses cultural/societal integration (solidarity, climate awareness, belonging), academic lectures on sustainability, and a historical event (Day of German Unity) — none of which explicitly mention economic benefit (B1–B5), labor market entry, or immigration-linked prosperity.",NO,"NO   The text discusses cultural integration, climate awareness, and structural belonging—no mention of economic variables (labor market entry, tax revenue, GDP, skill shortages, or policy barriers like language/degree recognition).",NO,5,1
632712b23dd49b919c2046e5,Merkur,69,RUS,71,"**First Round:** The wind is now causing the first interruption.

**First Round:** [Group 1] Irma Makhina now takes a clear lead. She also posts the best jump so far with **90 meters**.

**First Round:** We still have to wait a little for the first German. Selina Freitag has bib number **19**, directly after her comes Julian Seyfarth. Pauline He ler follows with **24**, and Katharina Althaus will close the first round!",2,NA,NA,NA,NO,"NO   The paragraph describes an athletic event (long jump competition) with no mention of skill shortages, labor demand, integration measures, or economic mechanisms.",NO,"NO   Text describes an athletic competition with no mention of immigration, labour market entry, economic effects, or vocational integration.",NO,"NO   Text describes an athletic competition with no mention of economic benefit frames (B1–B5), labor shortages, immigration-related policy, or explicit economic outcomes.",NO,"NO   Text is about athletic performance (jumping) and athlete numbers, with no mention of labor shortages, vacancies, degree recognition, economic output, or any economic benefit linked to immigration.",NO,"NO   The paragraph describes an athletic event (jumps in a competition), mentions no labor market, economic integration, or any immigration-related economic benefit. No sub-criterion B1–B5 applies.",NO,5,1
LVZ-doc7o6fddrgidxw60a2oc3,LVZ,20,PRT,127,"**Season 2021/2022**

**Andr  Silva (until 2026):** In *Mainhattan*, they still miss Silva s goals today. For his part, Silva missed the appreciation from the Portuguese national team coach at the World Cup after all, his playing time in Qatar was rather meager. Yet, the hardworking [Group 1] player thrived under Rose and has proven his worth even without his beloved goals.

**Josko Gvardiol (until 2027):** Currently, alongside Nkunku, the jewel of RB. Leipzig sent the comparatively affordable 18.8 million to Zagreb just over a year and a half ago. Now, over 100 million are circulating as a transfer fee for the Croatian national defender. The World Cup stage has also played a role. Chelsea (preferably immediately) and Real Madrid (next summer) are seen as serious suitors. According to reports, an exit clause worth 112 million euros is set to activate in the summer of 2024. One thing is already clear: a top deal.",3,NA,NA,NA,NO,"NO   Discusses soccer player contracts, transfer fees, and football career trajectories — no mention of labor market shortages, tax revenue, GDP benefit, nor integration measures. Purely a sports/economic transaction, no economic benefit framing linked to immigration.",NO,"NO   Text discusses **football transfers and player value** (e.g., ""18.8 million,"" ""112 million euros"") but **not economic benefits linked to immigration** (e.g., labor market participation, skilled worker shortages, tax revenue, or integration measures). Even though ""hardworking"" and ""proven his worth"" are mentioned, no economic benefit frame (B1–B5) is explicitly tied to immigration or Germany's labor market.",NO,"NO — The text discusses individual football players' performance and transfer fees, with no mention of immigration, labour shortages, vacancies, tax revenue, GDP, language barriers, or policy-induced economic benefits. B4/B5 criteria are explicitly unrelated to immigration or integration measures.",NO,"NO   This paragraph discusses **football player transfers and market value** (not labor market integration, skills shortages, or economic benefit frames linked to immigration). No mention of tax revenue, GDP, labor shortages, degree recognition, or work permits being a barrier. Even if ""immigrant"" players are referenced, the text does *not* frame them as economic assets (e.g., ""filling vacancies"" or ""boosting GDP""). This is purely sports/economic news about individual player valuations.",NO,"NO   Sports transfer market discussions, player values, and national team dynamics are unrelated to economic benefit framing linked to immigration (e.g., labor market demands, skills shortages, integration measures).",NO,5,1
632712ad3dd49b919c1e366d,Welt,6,HUN,149,"**WELT:** Mr. von Dohnanyi, you have been engaged for some time with the search for a German identity: Who are we Germans today?

**Klaus von Dohnanyi:** All European nations have a long cultural and political history that has shaped their identity. For most nations, this history still plays a significant role in their self-perception and self-confidence. For example, [Group 1] was ruled for centuries by [Other Group], [Other Group], or [Other Group]. [Other Group] suffered under Russian and German divisions and occupations. French President Macron recently proudly showed US President Trump Napoleon s tomb.

In our case, the Holocaust created a deep fracture in our historical consciousness. You hear that deeper historical education in schools often barely goes back beyond the Nazis. Are we therefore less nostalgic historically, but because of that more modern and able to mediate in Europe without bias? My book *Nationale Interessen* [National Interests] attempts to give a positive answer.",4,NA,NA,NA,NO,"NO   The text exclusively discusses **historical identity, cultural trauma, and geopolitical mediation**—no mention of economic benefit, labor shortages, GDP, tax revenue, pension strain, or integration measures tied to immigration. All criteria B1–B5 are absent.",NO,"NO   The text discusses historical identity, cultural memory, and political mediation but contains **zero** explicit references to economic outcomes, labor shortages (B4), integrative measures (B5), or positive economic effects (B1–B3) tied to immigration.",NO,"NO   Text contains no mentions of economic benefits (tax revenue, growth, GDP), labor shortages, integration measures like degree recognition or work permits, or explicit economic outcomes tied to immigration.",NO,"NO   The text discusses historical identity, European politics, and cultural narratives without linking to economic outcomes, labor shortages, or any of B1–B5 criteria.",NO,"NO   The text discusses historical consciousness, cultural identity, and European mediation but does **not** mention tax revenue, GDP, labor shortages, immigration as a solution for skills gaps, or any economic outcomes. No phrases related to B1–B5 appear.",NO,5,1
Tonline_added_3e5c2f06a2e4cbec528a3d5df6cf929b82326a69_,T-Online,5,RUS,211,"Two days after his outstanding victory over defending champion Daniil Medvedev, Kyrgios had to concede defeat to [Group 1] Karen Khachanov in a five-set match lasting 3:39 hours, losing 5:7, 6:4, 5:7, 7:6 (7:3) and 4:6. During the match, Wimbledon finalist Kyrgios who made too many unforced errors received treatment on his wrist.

""I ve done it,"" said Khachanov, visibly proud of advancing to his first Grand Slam semifinal. There, he will face Norwegian Casper Ruud. The fifth-seeded Ruud had previously defeated [Other Group] Matteo Berrettini in straight sets, 6:1, 6:4, 7:6 (7:4), becoming the first Norwegian in tournament history to qualify for the semifinals. If he reaches the final, Ruud could take the world No. 1 ranking from [Group 1] Medvedev after the event.

The first women s semifinal pairing is also set: Wimbledon finalist Ons Jabeur will face Carolina Garc a. [Other Group] Garc a delivered a standout performance in her 6:3, 6:4 win over US rising star Coco Gauff (18). Meanwhile, [Other Group] Jabeur advanced with a 6:4, 7:6 (7:4) victory over Australian Ajla Tomljanovi , who had eliminated Serena Williams in the third round.",5,NA,NA,NA,NO,"NO   The text discusses a tennis tournament and mentions athletes' nationalities, performances, and rankings, with no explicit mention of immigration, labor shortages, economic growth, tax revenue, GDP benefits, or integration measures related to immigration. No sub-criterion B1–B5 applies.",NO,"NO   Text is entirely about tennis matches, player rankings, and competitive outcomes with no mention of labor market integration, economic growth, GDP, tax revenue, skilled labor gaps, or policy barriers.",NO,"NO   Text describes tennis match results and sports achievements with no mention of immigration, labor market effects, tax revenue, or economic outcomes for Germany. None of B1–B5 apply.",NO,"NO   This text describes a tennis tournament (Wimbledon) with no mention of immigration, labor shortages, economic growth, GDP, tax revenue, or any B1–B5 criteria. Even though tennis names (including [Group 1] and [Other Group]) are referenced, there is no economic benefit or labor-market framing linked to immigration.",NO,"NO   The text describes a tennis tournament with no mention of immigration, economic outcomes, labor shortages, or integration measures. It does not discuss tax revenue, GDP, aging populations, or any economic benefit linked to immigration.",NO,5,1
632712833dd49b919c0d06c8,FAZ,9,USA,77,"'Who s the one doing it?

**[Group 1]** moralizes infidelity. Cheating is seen as a moral betrayal. But even in Europe, infidelity is the first thing people mention when talking about betrayal! You can live with an alcoholic, you can live with a gambler, even with domestic violence! And no one tells you: Leave this partner! But infidelity has become the ultimate betrayal in a marriage where you thought you d found your soulmate.

So is that why it s such a big deal?'",6,NA,NA,NA,NO,"NO   The text discusses moral views on infidelity with no reference to economic factors, labor shortages, Germany’s pension system, skilled labor, or immigration policy. No direct or indirect framing of economic benefit (B1–B5) appears.",NO,"NO   The text discusses moral attitudes toward infidelity and does not mention any economic effects (tax revenue, labor shortages, GDP, integration measures, or policy barriers).",NO,"NO   This text discusses moral perspectives on infidelity and does not mention any economic topics (tax revenue, labour market, GDP, pension systems, skilled labour shortages, integration measures, or barriers to employment).",NO,"NO   The text contains **no** reference to labor market shortages, economic benefits (taxes, GDP, growth), pension/social security strain, degree recognition, language barriers preventing employment, skilled labor shortages, or any immigration-related economic mechanism. The topic is exclusively socio-cultural (infidelity norms).",NO,"NO   Text discusses cultural/moral values of infidelity with no mention of economic outcomes, labour shortages, tax revenue, or immigration-related policy.",NO,5,1
632712a33dd49b919c1a8b5a,T-Online,17,REFUG,74,"**""Pure speculation"": Kaspersky defends itself against allegations
Ukraine War: Ukraine seeks fighters for cyber army
Belgian authorities investigate: Hackers cripple oil terminals across Europe

Additionally, the Chinese state-backed hacker group **""Mustang Panda""** has reportedly begun targeting European organizations more frequently. Using phishing messages related to the Ukraine war, attackers attempt to obtain employees  personal data or internal information. Diplomatic missions and **[Group 1]**- as well as immigration authorities are particularly affected.**",7,NA,NA,NA,NO,NO,NO,"NO   Text only names hacking targets including immigration authorities, with no mention of economic benefit (tax revenue, GDP, labor shortage filled, or integration measures). Even ""Mustang Panda"" activities are tied to cybercrime, not immigration's economic role.",NO,"NO   The paragraph mentions hacking targeting immigration authorities but **no explicit economic benefit frame** (B1–B5) is present: no mention of labor shortages, tax revenue, GDP, skilled workers filling jobs, or lost prosperity due to integration barriers.",NO,"NO   The text describes **cyberattacks on immigration authorities** and no economic benefit (labor gap filled, GDP rise, tax revenue, or workforce relief) is explicitly linked to **[Group 1]** immigration.",NO,"NO   The text describes cyberattacks targeting **diplomatic missions and [Group 1] immigration authorities**—this is a security threat, not an economic benefit. No mention of labor shortages, tax revenue, degree recognition, work permits, or economic contributions linked to immigrants.",NO,5,1
632712c33dd49b919c26b29d,Telepolis,50,EU,150,"But even in Europe, the situation is becoming increasingly unstable. The social imbalances are being felt more and more sharply. Inequality has grown over the past few decades as a result of neoliberal policies. This trend was accelerated by the 2008 global financial crisis, when bank collapses shook the already fragile foundations of the Eurozone structure.

The political response to this deepened social divisions and followed the familiar *nanny-state* mantra: privatize profits, socialize losses and damages. While banks and those with substantial financial wealth were bailed out, austerity measures led by Germany forced many [Group 1] to tighten their belts. The Troika s assault on the welfare state, as predicted, increased poverty in the Union, destroyed economic development, and wiped out jobs in affected countries and regions.

A study by the investment monitor *Europe s growing inequality problem* concluded, following the Covid-19 pandemic but before the Ukraine war, in January of this year:",8,NA,NA,NA,NO,"NO   The text describes neoliberal policies, austerity, **lost jobs**, and **poverty** in [Group 1]’s home countries, but **no** explicit economic benefit (B1–B5) for Germany. It explicitly frames the situation as a **cost or threat** (e.g., ""socialize losses,"" ""poverty increased,"" ""jobs wiped out""), not a German economic benefit.",NO,"**NO** — The paragraph discusses financial crises, inequality, austerity, job losses, and welfare state impacts **without** linking immigration to any positive economic effect (e.g., labor shortages filled, GDP, tax revenue, or training programs). The only mention of labor/immigration is framed as a **negative outcome** (job destruction for *Group 1*, not a German/EU benefit).",NO,"NO   The paragraph discusses **social imbalance, inequality, job destruction, and welfare state erosion** (all **threat frames**)—no mention of immigration as generating economic gains (tax revenue, labor shortages filled, GDP growth, or skilled labor provision). Even the mention of ""jobs wiped out"" refers to **harm caused in affected countries**, not benefits for Germany/EU. No sub-criterion B1–B5 applies.",NO,"NO — The entire passage describes **threats** (inequality, poverty, job losses, austerity, welfare state destruction) and systemic **political/economic failures**—no explicit mention of immigration generating positive economic effects (taxes, growth, labor shortages filled) or conditional economic benefits (B1–B5). The focus is on harm to [Group 1], not economic gains.",NO,"NO   The text exclusively describes **social inequalities, austerity-driven job losses, and economic harm** in EU crisis regions, with no mention of immigration filling labor shortages, generating tax revenue, or contributing to German/EU economic growth. Even the cited study is framed as a critique of inequality trends, with no economic benefit tied to immigration.",NO,5,1
WAZ-40946CBB085F4265202361D7DDDD603D_3740995,WAZ,3,UKR,196,"**""Berlin: Bombed-out schools and apartment blocks, burning factories, people fleeing with just a few belongings: On July 24, the war in Ukraine has already lasted five months with no end in sight. What has this armed conflict brought so far for Ukraine and Russia? A balance sheet in military, economic, and political terms.

**Military:**
20,000 dead [Other Group] and [Group 1]. For Hans-Lothar Domr se, a former Bundeswehr general and head of a NATO command, the balance sheet is catastrophic. *""The war has brought only death, suffering, and displacement. No one has truly gained anything. Many Russian soldiers have fallen, been wounded, or gone missing. In Ukraine, too, there are many dead, and the infrastructure is destroyed over vast areas. Millions of people are on the run. The [Other Group] have made hardly any territorial gains,""* Domr se told our editorial team.

The human and material losses on both sides are immense. According to assessments by U.S. intelligence agencies, around 15,000 Russian soldiers have been killed in the war so far. The number of wounded, according to CIA Director William Burns, is roughly three times as high. The government in Kyiv stated in June that between 100 and 200 Ukrainian soldiers are dying daily. *""According to estimates, the [Group 1] have lost about 5,000 soldiers, with around 50,000 wounded,""* said former General Domr se.**",9,NA,NA,NA,NO,"NO   The text **only describes military losses, humanitarian displacement, and infrastructure destruction**—no framing of economic benefit (e.g., labor market integration, GDP, tax revenue, or shortages filled) is present. The sole mention of displacement (e.g., *""millions...on the run""*) is a threat frame (T5: resource strain), not an economic benefit.",NO,"NO   Text discusses war losses, military casualties, and humanitarian damage in Ukraine/Russia without any reference to immigration, labor market integration, or economic benefit for Germany/EU. No B1-B5 criteria are met.",NO,"NO – The text exclusively focuses on **military losses, infrastructure destruction, and displacement** without any mention of economic benefits (tax revenue, labor market entry, GDP, or skilled labor shortages filled). Even if refugees or soldiers from [Group 1] were to arrive in Germany, the paragraph does **not name any economic advantage**—only human cost and conflict dynamics.",NO,"NO   The text exclusively describes military and humanitarian losses (casualties, displacement, destroyed infrastructure) with no reference to labor market entry, economic growth, tax revenue, or any of B1–B5 criteria—even indirectly. Ukraine/Russia context (international war, not German immigration) excludes B4/B5.",NO,"NO   The text discusses military and humanitarian losses in the context of the Ukraine war, with no mention of Germany's economic benefit (tax revenue, labour shortages filled, GDP growth, or pension/social security systems). Even the reference to 'displacement' refers to conflict-induced migration, not immigration as a German labor/economic solution. **B1–B5 do not apply.**",NO,5,1
KN-doc7k9z7wr4tvn10ntkkm2p,KN,7,REFUG,115,"According to reports, the Federal Employment Agency (*Bundesagentur f r Arbeit*) and the regional Job Centers are already holding discussions at all levels with their established network partners. Because: All parties involved have extensive experience in placing refugees in employment. ""The existing contacts and cooperations from the period of massive refugee migration in 2015 and 2016 have proven particularly helpful,"" says **Klink**.

In the coming weeks, the Employment Agency will primarily need to clarify the situation regarding language skills, qualifications, and availability for the labor market among **[Group 1]**.

The Employment Agency has provided information for **[Group 1]** (also in Ukrainian): [www.arbeitsagentur.de/ukraine](http://www.arbeitsagentur.de/ukraine). The recognition of professional qualifications from Ukraine is handled by the counseling centers of the **IQ Network**: [www.netzwerk-iq.de](http://www.netzwerk-iq.de).",10,NA,NA,NA,YES,"**B4 (Fachkräftemangel + immigration link)** – The text explicitly states that the goal of the discussions and efforts is placement into employment, framed as filling the labor market need (""*clarify the situation regarding ... availability for the labor market among [Group 1]*""), and the mention of qualification recognition for Ukraine-based workers aligns with addressing a labor demand. **B5 (lost benefits due to barriers)** – The phrase ""*recognition of professional qualifications from Ukraine*"" is tied to language skills and availability, which, if not addressed, would prevent labor market entry, thus representing lost economic benefit.",NO,"**NO** — The text exclusively describes *processes* (discussions, counseling, information provision) and *logistical barriers* (language skills, qualifications, availability) without naming any explicit economic benefit (filled vacancies, labor shortage solved, GDP/prosperity gain, or lost benefits due to restrictions). It does not mention B1 (tax/GDP), B2 (EU-wide benefit), B3 (aging population/pensions), B4 (filled shortage), or B5 (conditional economic gain/loss from integration measures).",NO,"**NO** – The text describes **processes** (e.g., ""holding discussions,"" ""language skills,"" ""counseling centers"") and **logistics** (e.g., ""information for [Group 1]"") but does **not** explicitly state that refugees are filling a vacancy, addressing a labor shortage, or generating economic benefit (e.g., ""filling 3,000 nursing positions"" or ""reducing Fachkräftemangel""). It also lacks a **conditional or lost economic benefit** (e.g., ""language barriers are costing Germany €X in unfilled jobs"").

Key trigger: The phrase **""clarify the situation regarding language skills, qualifications, and availability for the labor market""** is a prerequisite for employment but **not an economic outcome**—it’s procedural.",YES,"**B5** – Text explicitly names barriers to labor market entry (""language skills, qualifications, and availability for the labor market"") and states a process exists (IQ Network) to recognize qualifications, implying economic benefits are LOST (""recognition of professional qualifications is handled by..."") if these steps are not taken.",YES,"B5: **'clarify the situation regarding language skills, qualifications, and availability for the labor market'** — degree recognition (qualifications) and language barriers are explicitly named as potential hurdles, linking integration challenges to lost labor market participation.",YES,3,0.6
638487d7493a8162b7019aad,Telepolis,9,ESP,85,"**""Hans Magnus Enzensberger: *The Downfall of the Titanic*""**

Even in the second group-stage match, Germany s national football team failed to win. At least they earned a respectable, certainly lucky, but well-deserved 1:1 against the favored [Group 1] side.

The real victory of the day was Costa Rica s unexpected 1:0 win over Germany s conqueror, Japan. Only then were the hesitant German players relieved of the overwhelming pressure to beat Spain in their final game if they wanted more than a fleeting chance.",11,NA,NA,NA,NO,"NO   Text discusses sports results (football) with no reference to immigration, labor market, economic outcomes, or integration measures.",NO,NO   The paragraph is about a football match and no economic benefit frame related to immigration or labor market participation is mentioned.,NO,"NO   The excerpt exclusively discusses football match results, tactical performance, and speculation about future games—no mention of economic benefits, labor shortages, or immigrant integration measures.",NO,"NO   The text contains no mention of immigration, labor shortages, economic growth, tax revenue, or any of the sub-criteria B1–B5. It is purely about a sports match (football) with no economic framing.",NO,"NO   The paragraph discusses a **football match outcome** with no reference to immigration, labor market dynamics, economic benefits, policy measures, or any criteria from B1–B5.",NO,5,1
632712b63dd49b919c21c978,Merkur,23,EU,138,"**Chancellor Olaf Scholz during his visit to Ukraine.   IMAGO/Ansa/Press Office Chigi Palace**

+++ 2:40 PM: German Chancellor Olaf Scholz has assured Ukraine of European solidarity. * We [Group 1] stand firmly at your side, * Scholz wrote on Twitter on Thursday. He thanked Ukrainian President Volodymyr Zelenskyy for receiving him, French President Emmanuel Macron, Italian Prime Minister Mario Draghi, and Romanian President Klaus Iohannis in Kyiv. The meeting was described as an open conversation.

Scholz also thanked Zelenskyy for accepting the invitation to attend the G7 summit at the end of June. The summit will take place at Schloss Elmau in Bavaria. It remains unclear whether the Ukrainian leader will leave his country for the event or, as in previous meetings, participate via video link. Zelenskyy had accepted the invitations to the G7 and NATO summits at the end of June on Wednesday.",12,NA,NA,NA,NO,NO,NO,"NO   The text discusses international solidarity, summit participation, and political statements regarding Ukraine but does **not** mention any economic benefit linked to immigration, labor shortages, GDP, tax revenue, or integration measures. The focus is on geopolitical support, not Wirtschaft Benefit.",NO,"NO   Text is entirely political/solidarity-focused, contains no mention of labor shortages, economic growth, tax revenue, or integration measures linked to **immigration** in Germany. The G7/NATO context, Ukraine's participation, and Scholz’s statements about ""European solidarity"" are unrelated to German economic benefit framing.",NO,"NO   The text contains no mention of immigration to Germany, economic effects of migration, labor shortages, or integration measures. All content concerns political solidarity with Ukraine and international summits, with no economic benefit framing linked to immigration.",NO,"NO   The text discusses international diplomacy (Ukraine, G7, NATO), solidarity statements, and summit participation—no mention of immigration to Germany, labor shortages, economic growth, tax revenue, degree recognition, or lost benefits. No B1–B5 criteria are met.",NO,5,1
6327128a3dd49b919c103ea1,Jouwatch,21,SRB,664,"+++ As for Mr. Putin: Articles about him keep popping up everywhere. Is he hiding in a bunker? Is he still in his right mind? Apparently, he s had three vaccinations. Does he suffer from hysterical virophobia?   A German question, of all things. The most delightful conclusion: Mr. Putin s white negotiating table is so long because he s afraid of viruses. A nonexistent expert on furniture and interior design explained that there s a far more plausible reason for the long table: the power of imagery. In the Kremlin, they certainly knew that images of Putin and, for example, Macron, as well as Scholz, would circulate around the world. They were meant to signal  maximum distance in substance  during negotiations, functioning almost like a warning. That Vladimir Putin doesn t suffer from virophobia was evident when Jair Bolsonaro paid him a visit. Putin and Bolsonaro conversed at a small coffee table between them. The advantage of obsessing over Putin is obvious: as long as one s mind is preoccupied with Putin, one doesn t have to waste it on one s own  allies  or, God forbid, oneself. One can pick and choose in this wonderfully free world with its formidable democracy. That, in itself, has its merits. +++

+++ Putin s long table also prompted deep reflection from Anette Kurschus, chair of the Evangelical Church s council. The pious church leader said: * The Lord s Table is my image of hope. It is my counter-image to the table in the Kremlin. * A nonexistent expert on politicizing clergy remarked that the aggressively  peaceful  reality-denial of these self-perception servants had been grating on his nerves longer than Frau G ring-Eckardt. If Frau Kurschus wanted to, she could probably set up her Lord s Table in Ukraine anytime to  break bread  with the killers of the Svoboda Party, the Azov Regiment, and the far-right sector, as well as President Zelensky. The [Group 1] and the [Other Group] were presumably already eagerly awaiting the chance to dine with Frau Kurschus in a most pious manner. +++

+++ Peace is a wish, but war is a fact, Oswald Spengler once said. He didn t say that war isn t an abomination. It is, without a doubt. Every war victim is one too many. War has been a fact since time immemorial, and the hope that there will never be war again is an illusion. Therefore, it would be crucial to dry up war as quickly as possible wherever it occurs, instead of pouring oil on the fire. A nonexistent expert on sincerity and effective peace noted that if war itself is the ultimate abomination, then anyone who supplies it with weapons while simultaneously weeping over its victims is a goddamned hypocrite. Whether Ukraine ends up under Russian control is a secondary question compared to the victims that must be avoided. Anything is better than this abomination. The West refuses to acknowledge, at the cost of these victims, that it overplayed its hand and lost. This war could have been avoided a hundred times over. It s outright cynical sadism from these so-called peace-loving hypocrites knowing full well about humanity s destructive potential and still provoking it until it unleashes that potential, only to then condemn *it alone* for the inevitable catastrophe that follows. It s true: those who sow hatred will reap violence. An iron law, unchangeable. However, there s a period of growth between sowing and harvest. Anyone who watches hatred grow and thrive between sowing and harvest without doing anything about it shouldn t complain about the harvest. The pinnacle of perfidy is cornering the dog and then killing it for biting. Anyone today in NATO territory who, for understandable reasons, weeps over the victims in Ukraine should first look in the mirror instead of indulging in self-exculpatory thoughts about Putin s table. After all, that s why they re making them in the first place. +++",13,NA,NA,NA,NO,"NO   The entire text is political commentary and opinion on war, Putin, and geopolitical hypocrisy with **zero** mentions of immigration, labor shortages, economic growth, tax revenue, GDP, skill recognition, or integration measures. No sub-criterion B1–B5 applies.",NO,"NO — The entire text is focused on Putin’s negotiating table, diplomatic imagery, and war rhetoric (Ukraine, NATO, hypocrisy), with no reference to immigration, labor shortages, economic growth, tax revenue, or integration measures (B1–B5).",NO,"NO   The text contains no explicit mention of immigration, economic effects (tax revenue, GDP, labor shortages filled), or policies related to work permits, degree recognition, language barriers, or aging populations. The entire passage focuses on geopolitical critique (Putin, NATO, war) and religious/philosophical musings with zero reference to Wirtschaft Benefit.",NO,"NO   The text is entirely speculative, satirical, or geopolitical analysis focused on Putin, war, and moral hypocrisy. No mention of B1–B5 (tax revenue, GDP, pension system, labor shortages filled, integration measures, or missing economic benefits due to policy barriers) appears.",NO,"NO   The text is a satirical, political commentary on Putin, war, and hypocrisy in Western policy—**no** mention of immigration, labor shortages, skilled labor, GDP, tax revenue, integration measures (language courses, degree recognition), or economic benefits (lost or gained) linked to immigration. Even indirect references to refugees or migration are entirely absent.",NO,5,1
achse_added_8e2362e1788f8d94fa82d974ac7a12769f6a25ed_,Achse des Guten,1,MIGR,41,"Ron DeSantis  audacious move has led to a bizarre aftermath: it was the lawyers of the Boston office of **""Lawyers for Civil Rights""** not the group itself [Group 1] who filed the lawsuit. The complaint reads like something straight out of a comedy show.

*""When you re in a hole, stop digging.""*",14,NA,NA,NA,NO,"NO   The text focuses on a legal/comedy narrative unrelated to economic framing (e.g., no mention of labor shortages, GDP, tax revenue, or integration measures). No B1–B5 criteria are triggered.",NO,"NO — The text is unrelated to Germany, immigration benefits, labor market shortages, or economic outcomes for immigrants. It discusses a U.S.-based legal case involving a non-German group.",NO,NO,NO,"NO   Text discusses a political/legal dispute unrelated to Germany, labor shortages, or economic benefit framing. No mention of B1–B5 criteria (e.g., GDP, taxes, skills shortages, visas, language barriers).",NO,"NO – The text is unrelated to immigration economics, legal status, or labor market integration. It describes a political/legal anecdote about a U.S. lawsuit and satirical commentary, with no reference to Germany, refugees, or economic benefits (e.g., labor shortages, GDP, tax revenue).",NO,5,1
632712ba3dd49b919c233cc9,nordbayern.de,4,REFUG,94,"'  BRK ERH, NN The former Caritas elderly home at Eichenplatz in Bubenreuth was quickly transformed into an emergency accommodation for **[Group 1]** from Ukraine by several BRK volunteer rescue teams.

- At the behest of the Emergency Management leadership and the Social Welfare Office of the Erlangen-H chstadt District Office, another emergency accommodation for **[Group 1]** from Ukraine was set up on Sunday.

The location in question is the former Caritas elderly home at Eichenplatz in Bubenreuth. Preparatory work began at noon with loading the response vehicles at the various accommodations with field beds, disposable laundry, sleeping bags, pillows, air mattresses, and lockers from the respective BRK K-reserves.'",15,NA,NA,NA,NO,"NO   The text describes emergency accommodation logistics and volunteer efforts only—no mention of labor market integration, job placement, skilled labor shortages, or economic outputs (taxes, GDP, or lost benefits due to barriers).",NO,"NO   The text describes emergency accommodation logistics (field beds, sleeping bags) and volunteer efforts but does **not** mention labor market entry, skill shortages, or economic benefit outcomes linked to immigration. Neither B4 nor B5 is triggered.",NO,"NO — The text describes *resource allocation* (beds, laundry, air mattresses) to accommodate refugees from Ukraine, but there is no mention of economic benefits (B1-B5) such as labor market entry, skill shortages being filled, tax revenue, or lost economic value due to policy barriers.",NO,"NO
The text describes **resource allocation** (refugee accommodation, volunteers, logistics) but **never mentions labor market entry, job vacancies, skilled labor shortages, tax revenue, or any economic benefit explicitly**. It focuses on humanitarian/social welfare measures, not economic outcomes.",NO,"NO   Text describes a **resource shortage context (staffing crisis for refugees)**, not an economic benefit related to immigration filling a labor vacancy or solving a skills gap. No mention of B1–B5 criteria (tax revenue, GDP, labor market integration, or lost economic potential).",NO,5,1
633c3d49eae64e42d1072781,Tagesspiegel,10,IDN,149,"**First National Structures**

Only World War II changed the situation. Extensive oil deposits lured the **[Other Group]** to the islands. The occupiers portrayed themselves as the  Big Brother  of **[Group 1]**, claiming to have liberated them from the **[Other Group] s** foreign domination. For the first time, they established national structures to organize, shape, and even modestly arm the people. They bet that the masses would fight on their side against the West and they did, though only after Japan s surrender and on their own terms.

Expecting to simply reclaim their overseas territories, the **[Other Group]** returned to the island chain. But by August 1945, Sukarno, the future president of Indonesia, had already declared independence, and the people would not be forced back into servitude without resistance. A bloody colonial war erupted. Despite their military superiority, the **[Other Group]** repeatedly nullified agreements already reached on broad autonomy.",16,NA,NA,NA,NO,"NO   Historical context of colonial conflict, independence struggles, and colonial power dynamics with **zero** mention of economic benefit frames (B1–B5). No reference to labor shortages, tax revenue, GDP, visa policies, or integration measures.",NO,"NO   The text discusses historical colonial dynamics, post-war power struggles, and national independence movements with no mention of labor shortages, economic growth, tax revenue, GDP, skilled labor, degree recognition, language barriers, or any explicit economic benefit linked to immigration. It is purely political/historical context.",NO,NO,NO,"NO   The text discusses historical colonial relationships, military conflicts, political independence movements, and territorial disputes involving **[Other Group]** and **[Group 1]** (Indonesia and Dutch colonialism) with **zero** reference to economic benefit framing (tax revenue, labor shortages filled, GDP growth, etc.). Even the mention of “**organize, shape, and modestly arm**” and “**fighting on their side**” refers to political and military mobilization, not economic contribution or benefit for Germany.",NO,"NO   The text discusses historical colonization, independence movements, and military conflicts with zero reference to economic benefit framing (tax revenue, labor shortages, GDP, or immigration policy). No B1–B5 criteria apply.",NO,5,1
6327127e3dd49b919c0ab647,Berliner Morgenpost,12,USA,189,"The dollar and the euro are the world s most important trading currencies, which are difficult to replace in many international transactions. The U.S. Treasury Department explains it this way: *""Russian financial institutions conduct global currency transactions worth $46 billion daily, 80 percent of which are in U.S. dollars. The vast majority of these transactions are now being disrupted.""* Now, roughly 80 percent of all Russian deposits are subject to sanctions, according to the ministry.

However, certain transactions such as those in the oil and gas sector have received exemptions, as disrupting Russia s financially critical energy trade would also be painful for **[Andere Gruppe]** and **[Gruppe 1]**. Not all Russian banks are equally dependent on foreign capital. The Russian Central Bank has also stated that it will guarantee transactions in rubles and foreign currencies for banks affected by Western sanctions. Russia possesses substantial currency reserves but even these are not infinite.

The U.S. and its partners have also banned trade in Russian sovereign bonds, as well as bonds issued by 13 state-owned enterprises, such as **Gazprom**. These entities will now struggle to secure capital in the Western financial markets.",17,NA,NA,NA,NO,"NO   The text discusses financial sanctions, currency reserves, and trade disruptions related to Russia, **[Andere Gruppe]**, and **[Gruppe 1]**, but there is **no explicit mention of immigration generating economic benefits (B1–B5)**. Even the mention of economic disruption (e.g., oil/gas trade exemptions for **[Gruppe 1]**) is framed as a **THREAT (T5, strain on social/economic systems) rather than a benefit**. No labor shortages, degree recognition, or positive economic outcomes are named.",NO,"NO   The text discusses **macroeconomic sanctions, currency reserves, bond trading, and energy sector exemptions**—none of which link immigration (or any immigrant group) to **economic benefits** for Germany. Even the mention of *[Gruppe 1] in the context of energy trade disruptions* is about **financial pain for Russia**, not German labor market needs or GDP/prosperity.",NO,"NO   The paragraph discusses **macroeconomic news (currency, sanctions, financial markets) and indirect trade impacts on [Gruppe 1] AND [Andere Gruppe]**, but **no direct link to German immigration, labor shortages (B4), or integration measures (B5)**. The only mention of [Gruppe 1] is **contextual (painful sanctions for energy trade)**, not tied to German economic benefit (GDP, tax revenue, or labor market gains).",NO,"NO — This text discusses **macroeconomic trade disruptions, sanctions, and currency reserves** with **no explicit link to immigration (Group 1) as a solution to labor shortages, economic growth, or GDP benefits**. Even the mention of energy trade and exemptions does not describe immigration filling vacancies, skilled labor gaps, or economic gain for Germany.",NO,"NO   Macroeconomic news about global currency flows, sanctions, energy trade, and Russian financial dependencies WITHOUT a direct link to Germany's economic benefit from immigration or labor market integration.",NO,5,1
Focus_added_4af6a1d6601cffb9e0c0ffb28dbd0390cd9d6446_,Focus,5,RUS,150,"In the **Moscow** shopping center **Jewropejski** near **Kievsky Railway Station**, boutiques from **Dior**, **Chanel**, and **Swarovski** stand empty. Thousands of Western companies have abandoned their Russian operations due to **Moscow s war against Ukraine**, as **EU** and **US** sanctions have made or nearly made business impossible. Many shopping centers are facing bankruptcy, says economist **Kirill Kulakow**. Many had already fallen into financial trouble due to closures during the pandemic.

* The problems have now worsened since the start of the military special operation in Ukraine and because of the declining purchasing power of the population ,* he said in a radio interview. Kulakow expects the situation to deteriorate further. Many **[Group 1]** have lost their jobs due to the withdrawal of Western companies and investors. But even those still employed are struggling because of around **15%** inflation, as food and other essential goods keep getting more expensive.

What is the mood like in the big cities?",18,NA,NA,NA,NO,"NO   The text discusses economic hardship and job losses for [Group 1] due to external sanctions, inflation, and business closures in Russia, with no mention of Germany/EU economic benefit frames (B1–B5). No link to immigration filling labor shortages, GDP, tax revenue, or integration measures for Germany.",NO,"NO   International news about Russia, Ukraine, and Western companies is not directly linked to immigration benefiting Germany's economy (e.g., no mention of German labor shortages, GDP, tax revenue, or immigration as a solution). The only reference to **[Group 1]** is about job losses, which is a threat (T4), not a benefit.",NO,"NO   Text focuses on **Group 1** job losses due to sanctions and inflation, with no mention of immigration benefiting Germany’s economy, labor shortages being filled, or economic benefits linked to integration measures. The context is purely Russian economic collapse and its impact on [Group 1] internally, not Germany’s labor market or GDP.",NO,"NO   The paragraph discusses job losses for **[Group 1]** due to Western business withdrawals, inflation, and declining purchasing power in Russia—**Moscow**—with no mention of economic benefits (e.g., labor market participation, tax revenue, or GDP growth) for **Germany** or the EU. It also focuses on **losses** (e.g., ""bankruptcy,"" ""job losses"") rather than benefits. No B1–B5 applies.",NO,"NO   The text discusses **job losses for [Group 1]** due to Western company withdrawals, **inflation**, and **bankruptcies**—all **economic threats** (decline in employment, purchasing power, business conditions). No mention of **Fachkr ftemangel**, **economic growth**, **tax revenue**, or **labor market entry** as a benefit. The context is **negative labor outcomes** for [Group 1], not a benefit framing.",NO,5,1
LVZ-doc7k0cmzth4s81193efbx3,LVZ,6,UKR,128,"Pro-Russian separatists and the Ukrainian army blamed each other for the situation. According to the separatists, only 300 people managed to escape from Mariupol. Ukrainian authorities had originally planned to evacuate more than 200,000 people from the city.

Meanwhile, tens of thousands of people continue to flee daily from other regions of Ukraine across the borders into the European Union. Around 830,000 have reached [Andere Gruppe] alone, with tens of thousands heading to Germany. Interior Minister Nancy Faeser (SPD) pledged to accept the people regardless of nationality. *""We want to save lives. That doesn t depend on the passport,""* she said. *""The overwhelming majority in [Andere Gruppe] are [Gruppe 1] and [Gruppe 1]. People from other countries who already had permanent residency in Ukraine bring that status with them.""*

Kretschmer wants a 'Corona General'",19,NA,NA,NA,NO,"NO   The text describes fleeing refugees, interior ministry pledges, and residency status transfers, but **no explicit economic benefit frame** (B1–B5) is mentioned. There is no reference to tax revenue, labour market entry, skilled labour shortages filled, or integration measures impacting economic outcomes.",NO,"**NO** — The text discusses **humanitarian rescue efforts**, **legal status retention (""permanent residency"")**, and **deportation-free entry** but **does NOT mention any economic benefit (tax revenue, labor shortages filled, GDP, or pension system strain)**. Mentioning *""save lives""* and *""passport""* is purely humanitarian, without an explicit economic framing.",NO,"NO   The text describes refugee flows, border crossings, and humanitarian commitments (passport-neutral acceptance, saving lives), but there is no explicit mention of:
- **economic growth/tax revenue (B1)**
- **Germany/EU-wide economic benefit (B2)**
- **aging workforce or pension system stress (B3)**
- **Fachkräftemangel/vacancy filling (B4)** — no mention of skills gaps, labor shortages, or immigrant workers filling jobs
- **Integration measures (degree recognition, language barriers, work permit denials) leading to economic gain/loss (B5)**.

The only labor-related mention is ""permanent residency in Ukraine"" being transferred—this describes legal status, not an economic outcome.",NO,"NO
No mention of economic outcomes (taxes, GDP, labour shortages filled, degree recognition, work permits, or economic ""lost benefits"" due to policy restrictions). The text focuses solely on humanitarian rescue and legal status transfer, which is a logistical fact (not B1–B5).",NO,"NO   No explicit mention of economic benefit to Germany — focus on humanitarian aid (""save lives""), status transfer (""permanent residency""), or labor market outcomes (""filling vacancies"" or GDP/tax revenue effects). This describes refugee reception logistics, not a benefit frame.",NO,5,1
638908da93cb9c1fc8058687,Stern,6,EGY,131,"**""Max Beckmann s *Self-Portrait in Yellow-Pink* was auctioned in Berlin on Thursday for a record price of 20 million euros. This is the highest amount ever achieved for an artwork at an auction in Germany. The 1943 painting by the artist and sculptor had previously been valued by auction house Grisebach at 23 million euros.**

**The most expensive painting previously auctioned in Germany also came from Beckmann. In 2018, *The [Group 1]* fetched a price of 4.7 million euros in Berlin.**

**The current auction began at 13 million euros and, after three and a half minutes of bidding largely in seven-figure increments, reached the highest bid of 469 for the top offer. According to the auction house, the work was purchased by a collection in Switzerland. No further details were provided. Including additional fees, a total of 23.2 million euros is due to be paid.""**",20,NA,NA,NA,NO,"NO   The text discusses an art auction, including record pricing and private collection purchases. There is no mention of immigration, labor shortages, tax revenue, GDP, economic growth, or any economic benefit linked to [Group 1].",NO,"NO   The text discusses **art auction pricing** and **collector activity**, with no mention of immigration, labor shortages, tax revenue, GDP, or integration measures. Macroeconomic news (e.g., ""highest amount ever achieved"") and cultural/historical references (Beckmann’s *Self-Portrait* and *The [Group 1]*) are unrelated to economic benefit framing for immigration.",NO,"NO   The paragraph discusses art auction prices and sales, with no reference to immigration, labor shortages, economic growth, tax revenue, or any of the explicit economic benefit criteria (B1–B5). Art sales are unrelated to immigration or economic benefit framing for Germany.",NO,"NO   The text discusses high-value art auctions and their financial results with no mention of immigration, economic growth, labour shortages, tax revenue, GDP benefits, or any explicit link to immigration policy (e.g., visas, skill gaps, or barriers to integration).",NO,"NO   The text discusses an art auction—no mention of immigration, labor market effects, tax revenue, GDP, or any economic benefit linked to [Group 1]. The reference to ""The [Group 1]"" (likely a painting, not a person/group) has no connection to migration or economic benefit framing.",NO,5,1
632712b33dd49b919c20a7e2,Merkur,7,REFUG,70,"Cities would also need to be able to rent additional housing options quickly.  For that, we need to know up to what amount the rent will be covered,  said the spokesperson for the *St dtetag*.  Some cities are willing to invest themselves, but they need to know the framework conditions. 

Russia s war of aggression against Ukraine began on February 24th. By Tuesday, the Federal Ministry of Justice had registered 1,500 [Group 1] in the southwest. Their numbers have been rising sharply since the end of last week. dpa",21,NA,NA,NA,NO,"NO   The paragraph discusses **housing** (rental coverage for refugees) and **registration numbers** (1,500 arrivals) but contains **no explicit economic benefit framing** (taxes, GDP, labor market entry, skill shortages filled, or policy barriers preventing workforce integration). References to war/Ukraine are unrelated to economic benefit for Germany.",NO,"NO   The text discusses housing needs, rising refugee numbers, and administrative conditions (rent coverage), but **no explicit economic benefit frame (B1–B5)** is mentioned. ""Rising numbers"" is a logistical fact, not a labor market benefit, and there is no mention of filled vacancies, tax revenue, or degree recognition.",NO,"NO   Focuses on housing logistics and war displacement, with no explicit mention of economic benefits (tax revenue, labor shortages filled, skills gaps addressed, or integration measures like degree recognition or work permits).",NO,"NO   The paragraph discusses housing needs (resource strain) and refugee registration numbers but makes no explicit link to economic benefit (tax revenue, labor market entry, GDP, skilled labor shortages, or integration measures yielding prosperity). This is a logistical/resource issue (THREAT T5), not economic benefit.",NO,"NO   The text discusses **rent costs for housing** (a budgetary/logistical challenge, not economic benefit) and **war-driven migration** (B4/B5 only applies if immigration explicitly fills a labor gap or reduces barriers like degree recognition/language barriers). Neither labor shortages nor economic benefits are mentioned.",NO,5,1
632712ba3dd49b919c2334b4,nordbayern.de,15,AUT,109,"Was the only N rnberger player to occasionally give the impression of having at least a little enthusiasm for football. Ultimately, however, even he was inconsistent this time. Rating: 4.5   Sportfoto Zink / Wolfgang Zink, Sportfoto Zink / Wolfgang Zink

Wasted the first N rnberger scoring opportunity in stoppage time of the first half (!) in the most pitiful manner. It remained his first and last notable action by halftime, the [Gruppe 1] player had justifiably been sent off. Rating: 5.5   Sportfoto Zink / Wolfgang Zink, Sportfoto Zink / Wolfgang Zink

Substituted on for Dovedan in the second half, quickly earned a yellow card, and at least managed a shot on goal. With that, he was already more noticeable than most of his teammates: Rating: 4   Sportfoto Zink / Daniel Marr, Sportfoto Zink / Daniel Marr",22,NA,NA,NA,NO,"NO   The paragraph discusses sports performance and disciplinary actions, with no mention of economic benefit frames (B1–B5), labor market impact, or integration measures related to immigration. B4 and B5 do not apply.",**NO**,"NO — The text is a sports report with player performance evaluations unrelated to economic benefit framing (e.g., labor shortages, tax revenue, GDP, or policy barriers).",NO,"NO — The text is a **sports report** about football performance, with no mention of labor market integration, economic outcomes, or any criteria B1–B5 (tax revenue, GDP, Fachkräftemangel, degree recognition, or lost benefits). The [Gruppe 1] player is mentioned solely in a sports context, not an economic one.",NO,"NO — Text is a sports commentary on player performance, with no mention of economic benefit, labor market integration, GDP, tax revenue, skilled labor shortages, work permits, or any criteria B1–B5.",NO,"NO   Sports performance and player ratings in football are unrelated to economic benefit framing (B1–B5). No mention of labor market, GDP, tax revenue, or immigration-linked economic outcomes.",NO,4,0.8
636eab31d9d3a15ea602f398,Junge Freiheit,7,RUS,183,"The **Dnipro** now separates the warring parties at the southern front. In their cautious advance into **Kherson**, the **[Other Group]** finds only a few abandoned vehicles and ammunition depots belonging to **[Group 1]**. Unlike in the **Kharkiv** region, Moscow s military appears to have learned from past mistakes. Their withdrawal is not reckless but planned and successful. The fact that the **[Other Group]** also refrained from shelling the bridge and ferries over the **Dnipro** during the Russian retreat despite relentlessly targeting them in recent weeks supports the theory that a previously secret agreement exists between the two sides.

The **[Other Group]** are allowing **[Group 1]** to withdraw from **Kherson**, which, given its strategic position and the successful disruption of Russian supply routes, was clearly no longer militarily defensible. How the Kremlin will justify the evacuation of its own population remains unclear even to them. Defense Minister **Shoigu** claims the move is to protect soldiers  lives. Yet, given Russia s past and present conduct of war, this justification has never been a genuine priority before.

**""Ukrainian Triumph in Kherson""**",23,NA,NA,NA,NO,"NO   The text discusses **war, military operations, and geopolitical maneuvers** with no mention of **economic benefit framing linked to immigration** (B1–B5). All content is tied to **Ukraine, Russia, and international conflict**, not German labor markets or economic outcomes.",NO,"NO   Text discusses geopolitical/military events (Ukraine–Russia conflict, troop movements, strategic withdrawals) with no mention of immigration, labor shortages, economic growth, or any criterion B1–B5.",NO,"NO — The text discusses military logistics (withdrawal, troop movements, secret agreements) in Ukraine, with **no mention of skilled labour shortages, labour market integration, tax revenue, GDP benefit, or any economic mechanism linking [Group 1] to Germany’s economy**. The phrase ""evacuation of its own population"" refers to Russian civilians, not immigrant labor in Germany.",NO,"NO   The text discusses military withdrawal, strategic positions, and geopolitical agreements among warring parties in Ukraine, with no mention of immigration, labor shortages, economic growth, or any economic benefit linked to [Group 1].",NO,"NO   Text describes military retreat and strategic territorial dynamics (Ukraine/Russia conflict) without any reference to immigrant workers, labour shortages, GDP, taxes, or economic mechanisms in Germany/EU. No mention of B1–B5 criteria.",NO,5,1
632712af3dd49b919c1f262e,Weser Kurier,13,REFUG,188,"Moreover, a large proportion of the [Group 1] international students in Ukraine studied medicine. The access barriers here are high, and the number of places available for international students in Hamburg is limited. **""We re operating within a framework of under 20.""** Some [Group 1] students therefore try to secure a study place in other EU countries, while others consider switching to related medical degree programs or vocational training in the healthcare sector.

Unlike other international students who could prepare for their studies abroad in their home countries, [Group 1] face **""far more fundamental problems,""** said Hesse. **""This is about accommodation and basic needs. Additionally, fleeing can be traumatic.""** Against this backdrop, she sees a gap between expectations and reality: **""The assumption that the requirements for starting a degree can be met within half a year is difficult to fulfill.""**

Thanks to the possibility of staying here securely for at least six months to prepare for university admission, there is a strong interest among international students from Ukraine to come to Hamburg, Hesse said. **""We receive an extremely high number of inquiries even from people who are not currently in Hamburg at all.""**",24,NA,NA,NA,YES,"B4 **""under 20"" [limited medical degree places]** + **healthcare sector vocational training** + **[Group 1] students as potential fillers for labor shortage** (healthcare)",**YES**,"**B4** – The paragraph notes that '[Group 1] students therefore try to secure a study place in other EU countries, while others consider switching to related medical degree programs or **vocational training in the healthcare sector**,' which—while framed as a challenge—**explicitly references a supply of future skilled labor in a critical shortage area (healthcare)**. While the focus is on barriers, the implication is that **immigration fills a labor gap** in medicine/vocational training.

Secondarily, **B5** – The phrase '**the assumption that the requirements for starting a degree can be met within half a year is difficult to fulfill**' signals that **delays in degree recognition/language/integration barriers cause lost economic benefit** (e.g., loss of potential medical professionals to the German workforce).

---",YES,"B4 **YES** – **""The number of places available for international students in Hamburg is limited""** (implicit labor/education system shortage) + **""switching to related medical degree programs or vocational training in the healthcare sector""** (healthcare labor gap).",NO,"**NO** — The text describes **trauma, accommodation needs, and study admission barriers** but **never** names an economic benefit (e.g., labor shortage filled, tax revenue generated, or GDP impact). The mention of **""medicine students""** and **""healthcare sector""** does not explicitly link immigration to **filling a labor shortage** (B4) or **economic value** (B1–B3). The focus is on **educational and humanitarian challenges**, not economic gain.",YES,"B5: The text explicitly states that *""the assumption that the requirements for starting a degree can be met within half a year is difficult to fulfill""* and *""Thanks to the possibility of staying here securely for at least six months to prepare for university admission""*—meaning **lost economic benefit (e.g., future labor market entry) due to restrictive policy (degree recognition barriers)** is framed.",YES,3,0.6
632712773dd49b919c07ff52,FAZ,16,MUSL,166,"""Well, nearly two million people lost their lives in the religious conflicts during the great partition. *'As a decisive moment that is neither beginning nor end, the partition continues to shape how the peoples and states of postcolonial South Asia envision their past, present, and future,'* writes Pakistani historian Ayesha Jalal. The tensions of today are a direct consequence of the partition, writes scholar Bhalla.

Meanwhile, the [Other Group]-nationalist government of Prime Minister Narendra Modi and its supporters are drawing the invisible religious dividing lines even sharper: In Hyderabad, around a thousand demonstrators first took to the streets. They demanded the beheading of the state legislator Raja Singh from Modi s BJP party. He had attacked the Prophet Mohammed in a video. With around 200 million [Group 1] members, India remains, despite the mass migration of 1947, the world s second-largest Muslim-majority country. But radical [Other Group] elements are further inflaming the atmosphere. Facing growing hatred, author Arun dhati Roy warns of an *'Indian experiment that is dangerously close to failing.'*""",25,NA,NA,NA,NO,"NO – The text discusses geopolitical tensions, religious conflicts, and mass migration history but **does not** explicitly mention any economic benefit frame (B1–B5) related to immigration, labor shortages, or German/EU welfare systems. The focus is on India’s internal dynamics, not economic contributions or policy solutions for Germany.",NO,"NO   Text discusses historical migration, religious tension, and political events in India/Pakistan **without any explicit mention of labor shortages, skilled labor shortages (Fachkräftemangel), economic growth, tax revenue, GDP benefits, aging populations, integration measures, or lost economic benefits due to policy barriers**. None of B1–B5 applies.",NO,"NO   Text describes **international political conflict**, **historical migration trends (1947)**, and **current societal tensions in India**—none of which explicitly mention **Germany**, **EU economic benefits**, **labour shortages filled**, **tax revenue**, **GDP**, or **integration measures** (degree recognition, language barriers, or work permits). Even the mention of labour (e.g., ""mass migration"") refers to **past events** and **India**, not to an **economic benefit framing for Germany** linked to immigration.",NO,"NO   The text discusses political/religious conflict, mass migration history, and societal tension in India/South Asia **without any reference to Germany, economic benefit, labor shortages, or policy-related barriers (e.g., degree recognition, work permits, or language barriers) for immigrants in the German context.** International news without a direct link to Germany’s economy or labor market does not qualify for B1–B5.",NO,"NO
No mention of B1–B5 criteria: The paragraph discusses geopolitical tensions, religious conflicts, and their historical consequences in India/Pakistan, with no explicit reference to economic benefits (tax revenue, GDP, labor shortages filled, etc.), integration measures (degree recognition, language barriers), or immigration-driven economic outcomes for Germany.",NO,5,1
632712a93dd49b919c1cf966,Tagesschau,13,REFUG,112,"**The Importance of Language**

Hossein Khavari is 26 years old and came from Iran to Germany. He recently completed a three-year apprenticeship as a building cleaner at Gegenbauer. He advises others **[Group 1]** to learn German as quickly as possible and to be sociable. *""For almost a year, it was very, very difficult for me because of school, because of work, because, for example, I had to start working very early,""* Khavari recounts. *""But after that one year, I got to know my teacher better, my trainer better. And then things got easier for me.""*

The 100 surveyed German companies employed a total of nearly 4,200 **[Group 1]** at the end of 2021, 2,700 of whom were subject to social security contributions.",26,NA,NA,NA,**YES**,"**B4** *""100 surveyed German companies employed a total of nearly 4,200""* → explicitly quantifiable labor market entry by immigrants filling workplace positions, tied to earlier context of *skilled labor shortage* (B4). *""The Importance of Language""* subtext and *""2,700 subject to social security contributions""* underscores their economic participation as workers.",YES,"**B4** – *""4,200 [Group 1] employed"" (labor market entry) + ""2,700 subject to social security contributions""* (tax revenue generated) explicitly links immigration to filling jobs and contributing to the workforce.",YES,"B4: 'employed a total of nearly 4,200 [Group 1] at the end of 2021, 2,700 of whom were subject to social security contributions' = direct evidence of immigration filling labor market positions (paid employment = economic benefit).",YES,"B1 YES   ""nearly 4,200 **[Group 1]**... employed... 2,700 of whom were subject to social security contributions"" explicitly mentions **tax revenue** (via social security payments) generated by their labor.",**YES**,"**B1 & B4** – The text explicitly states ‘4,200 **[Group 1]** employed’ (B1: tax revenue/economic activity) and ‘2,700 ... subject to social security contributions’ (economic contribution), and implies labor market integration (filling jobs for **Gegenbauer**, a construction company, a labor-dependent sector).",YES,3,0.6
632712c13dd49b919c262444,SZ,7,ARM,144,"The new fighting in the Caucasus region comes as little surprise. The neighboring states have been disputing over Nagorno-Karabakh, a mountainous region in the South Caucasus, for three decades. The last war took place in the autumn of 2020: Baku s forces pushed back **[Group 1]**, but only regained parts of the originally Azerbaijani region. Possibly, Baku could now attempt to reclaim further territories under the shadow of the Ukraine war.

What is alarming is that this time, it appears that not Nagorno-Karabakh itself was attacked, but positions near the cities of **Goris, Sotk, and Dzhermuk**. These lie on Armenian territory proper.

*Legally part of Azerbaijan, but predominantly inhabited by **[Group 1]***

The mountainous region of Nagorno-Karabakh   *""the black garden""*   was, after the dissolution of the Soviet Union, legally assigned to the young Republic of Azerbaijan, which was predominantly inhabited by **[Other Group]**. However, the region is inhabited by **[Group 1]**. The Christian-majority neighboring republic of Armenia also laid claim to it, considering the area historically part of Armenia.",27,NA,NA,NA,NO,"NO   Text describes geopolitical conflict, legal disputes, and demographic composition *without any mention* of labor shortages, GDP effects, tax revenue, pension system strain, or economic outcomes tied to immigration. Even where **[Group 1]** is mentioned, no economic benefit frame (B1–B5) is triggered.",NO,"NO   The text describes a geopolitical conflict and historical demographics of Nagorno-Karabakh, **[Group 1]**, and **[Other Group]** with no mention of economic benefit frames linked to immigration, labor market integration, GDP, tax revenue, or skills shortages.",NO,"NO   The text exclusively describes geopolitical disputes, historical claims, and ethnic demographics in Nagorno-Karabakh with zero mention of Germany, the EU, labor market gaps, tax revenue, or economic mechanisms tied to immigration. Even the phrase *""legally part of Azerbaijan, but predominantly inhabited by [Group 1]""* refers to a regional conflict, not a German economic benefit.",NO,"NO   Text focuses solely on geopolitical conflict, ethnic disputes, and historical territory claims with no mention of economic outcomes, labor shortages, or Germany/EU benefits. No reference to immigration benefits (B1–B5) or integration measures (B5).",NO,"NO   International conflict and historical/political disputes without any mention of labor shortages, economic growth, tax revenue, or any economic benefit linked to immigration.",NO,5,1
6329f27dd97f5106a808907c,SZ,8,USA,246,"Smith, Niemann, Ancer and even American players like former world No. 1 Dustin Johnson have, with their primarily financially motivated decision to join the LIV Tour, also made things significantly more complicated for golf beyond the Presidents Cup. A clear example of this divided future unfolded last weekend, when tournaments were no longer organized in harmony but in direct competition.

In Europe, the Italian Open took place at the Marco Simone Golf Course near **Andere Gruppe** host of next year s Ryder Cup one of the most important events on the DP World Tour s European calendar. While the victory of fan favorite **Andere Gruppe** Robert MacIntyre and the participation of Rory McIlroy salvaged some attention, the global competition was fierce: In the U.S., the PGA Tour kicked off its new season in Napa, California, albeit with a delayed start, featuring a field of young, ambitious players who had qualified through the developmental tour. Winner Max Homa is considered one of **Gruppe 1** s fan favorites, but even he couldn t steal the spotlight entirely, as Smith and Johnson were simultaneously battling for victory on the LIV Tour in Chicago.

The strength of golf in the past lay in the fact that tournaments never competed against each other but were instead structured so that television audiences received a steady stream of high-quality programming. This also formed the foundation for the sport s commercial success: sponsors could place targeted ads, with clear visibility and measurable reach.",28,NA,NA,NA,NO,"NO   The text discusses labor market fragmentation in golf (LIV Tour vs. PGA Tour/DP World Tour) but never connects it to immigration, skilled labor shortages, or any economic benefit frame regarding immigrants. The focus is on sports economics, not labor shortages or migrant contributions.",NO,"NO   The text discusses **golf tournaments, sponsorships, and commercial success** in the U.S. and Europe but **no mention of immigration, labor shortages (B4), economic benefits for Germany (B1/B2), or integration measures (B5)**. There is no explicit link to refugees or economic benefit frames.",NO,"**NO** — The text is unrelated to immigration and focuses solely on golf tourism economics, sponsorships, and competition among leagues (LIV Tour vs. PGA Tour). No mention of refugees, labor shortages (B4), or integration barriers (B5). Macroeconomic framing (commercial success, sponsorship) is not tied to immigrant groups (B1/B2).",NO,"NO   The text discusses golf tournaments, commercial success of sports events, sponsorships, and player movements (LIV Tour vs. PGA Tour) **without any reference** to immigration, labor shortages, economic growth, tax revenue, pension systems, or anything related to B1–B5. Sports news, commercial conflicts, and audience reach are unrelated to immigration-linked economic benefits.",NO,"NO   This paragraph discusses **golf tournaments, commercial success, sponsorships, and player movements** (e.g., LIV Tour defections) but contains **no mention of immigration, refugees, labour shortages, tax revenue, GDP growth, or any economic benefit linked to an immigrant group**. Terms like ""financially motivated,"" ""commercial success,"" or ""sponsorships"" refer to *golf industry economics* and not immigration.",NO,5,1
632712aa3dd49b919c1d734b,TAZ,3,CHN,148,"**Wuhan today: The megacity has returned to its everyday life**
*Photo: Getty Images*

**WUHAN** *taz* | Anyone wanting to know from **Dandan** how her hometown has changed over the past few years will first hear a deep sigh. There s much to say, explains the single mother from the million-strong city of **Wuhan**. * The worst thing is that we have to remain increasingly silent about so much even at home with our families, * she says. Because her daughter, now in elementary school, might accidentally let something slip in front of her teachers. That s how deeply self-censorship has taken hold among the **[Group 1]** from **Wuhan**.

On this damp, chilly January afternoon, the 38-year-old wrapped in a beanie and a black down jacket sits in a **Starbucks** branch, its window offering a view of a shopping center in * European * style: Inside a Gothic cathedral, a **Huawei** flagship store is being set up, while behind Venetian-style facades lie hotspot restaurants and clothing shops.",29,NA,NA,NA,NO,"NO   The paragraph discusses self-censorship, migration from Wuhan, and retail/commercial activity in a European city but **does not** mention any labor shortages, economic growth, skilled labor needs, tax revenue, or barriers (language, degree recognition, work permits) that would trigger B1–B5.",NO,"NO   The text describes political repression and daily life in Wuhan with no mention of economic benefits, labor market integration, qualification recognition, or any variable from B1-B5 related to immigration or Germany.",NO,"NO   International news (Wuhan, China) with no explicit mention of Germany or EU. No economic benefit frame (B1–B5) linked to immigration in the text.",NO,"NO   This text describes a geopolitical situation (China's self-censorship), a social dynamic (Wuhan citizens under surveillance), and a commercial setting (Starbucks/Huawei). There is no mention of Germany’s economy, labor shortages, tax revenue, degree recognition, work permits, or any economic benefit linked to immigration.",NO,"NO — the text focuses on social and political dynamics in Wuhan (China), with no mention of Germany’s economy, labor market, GDP, skilled labor shortages, tax revenue, or any immigration-related economic benefit. The reference to a shopping center and stores (""Huawei flagship store,"" ""hotspot restaurants"") is unrelated to German labor/immigration economics.",NO,5,1
LVZ-doc7kqkzfqyq0ipfzco9fb,LVZ,1,GBR,42,"**Leipzig** The **[Group 1]** fans are coming: Thousands of supporters are expected in Leipzig on Thursday for the Europa League semifinal between **RB Leipzig** and **Glasgow Rangers**. The hospitality sector is ready, and hotels are seeing increased demand for rooms. But there s not just excitement also see page 17 and sports.",30,NA,NA,NA,NO,"NO   The paragraph describes *increased hotel demand* due to a sports event, a one-time economic uptick unrelated to immigrants filling a labor shortage or delivering economic benefit. B4 and B5 require explicit mention of immigration solving a vacancy or economic barrier (e.g., ""refugees will fill open positions"").",NO,"NO – The text discusses increased demand for hotel rooms due to temporary, seasonal event-related travel, not immigration filling a labor shortage or addressing economic performance. Absence of B1–B5 framing.",NO,"NO   Text describes a temporary, weather/seasonal-related economic impact (hotels seeing increased demand from sports fans) unrelated to immigration filling a labor vacancy, shortage, or policy barrier.",NO,"NO   The paragraph describes increased demand for hotel rooms due to sports tourism, a general economic activity, but **no explicit link** to immigrants filling a labor shortage, skilled labor gaps, or any integration measure (degree recognition, language barriers, etc.). B4/B5 require a **direct connection** between immigration and economic benefit—here, the demand is tied to fans, not labor shortages.",NO,"NO   Increased hotel demand due to sports fans is unrelated to immigration's economic contribution—this is a **seasonal/weather effect** (tourism), not a labour shortage or benefit frame.",NO,5,1
6327128f3dd49b919c122e7d,Nachdenkseiten,12,EU,30,"'Amazon paid no taxes in Europe in 2021

Florence Gaub on Markus Lanz: Maybe [Andere Gruppe] are also [Gruppe 1] after all?

The last word: Only wear a mask for the May demonstration'",31,NA,NA,NA,NO,"NO   no mention of immigration, labor market effects, tax revenue, or economic benefits related to labor shortages or integration measures.",NO,"NO   The text contains no explicit mention of economic benefits (B1–B5), skilled labour shortages (B4), or integration measures linked to economic outcomes (B5). The ""Amazon paid no taxes"" line is unrelated to immigration, and ""scholarships"" (like in the prior example) do not count as an economic benefit without a named economic mechanism.",NO,"NO — The text does not mention any economic benefit framing related to immigration (tax revenue, labor shortages filled, GDP growth, or integration measures like language courses or work permits).",NO,"NO   The paragraph contains **no explicit mention** of B1–B5: no tax revenue, labor shortage, skilled labor provision, language barriers, degree recognition, or lost economic benefits. The Amazon tax example and the unrelated political reference do not link to immigration or economic benefit. Even the sarcastic ""Maybe [Andere Gruppe] are also [Gruppe 1] after all?"" does not name an economic effect.",NO,"NO   The text contains no mention of immigration, economic outcomes, labor shortages, or integration measures linked to economic benefit. The Amazon tax comment is unrelated to immigration, and the other lines are tangential or off-topic.",NO,5,1
SZ_added_d8f69ba9bfe0635f19cf59a85176afa1e175eb21_,SZ,5,GRC,103,"For head coach Herbert and his team, this summer marks their fourth encounter with a world-class player from the NBA s North American professional league. Against Luka Don i  and the Slovenians, they secured a win in the World Cup qualifiers and suffered a loss at the Euros. Against Nikola Joki  and the [Other Group] now eliminated at the Euros there was a defeat in the Supercup in Hamburg.

Now comes Giannis Antetokounmpo and [Group 1]. ""We re 1:2 against the superstars. We want to even it to 2:2,"" Herbert said. A fifth and final showdown could then follow at the earliest in the final against Don i  and Euro champions Slovenia.",32,NA,NA,NA,NO,"NO   Text discusses basketball matches and athlete performance with no mention of labor market entry, economic benefits (tax revenue, GDP, labor shortages), or integration measures (degree recognition, language barriers, work permits). This is purely sports news unrelated to economic benefit framing.",NO,"NO   Text discusses sports (NBA players, World Cup), not labor shortages, economic contributions, or integration measures.",NO,"NO — The text discusses basketball players (Giannis Antetokounmpo, Luka Dončić) and sports outcomes, with no reference to labor market vacancies, tax revenue, GDP, skilled labor shortages, or economic benefits tied to immigration.",NO,"NO   The text discusses basketball players (Giannis Antetokounmpo, Luka Dončić, Nikola Jokić) and their performance in international competitions with *no* mention of labor market shortages, economic contributions, tax revenue, degree recognition, or any other economic benefit tied to immigration or skill provision.",NO,"NO
The paragraph discusses athletes (including foreign-born players) in basketball and their performance in matches. There is no explicit mention of labor shortages, economic benefits (GDP, tax revenue, or growth), aging population needs, skilled labor shortages, or any connection to integration measures that would trigger B1–B5.",NO,5,1
632712933dd49b919c142629,Red Globe,34,AFR,150,"For us, it is obvious that ignoring and even openly renouncing the recognition of obvious problems in the fight against racism, focusing on the U.S. when discussing the phenomena of racism and racial discrimination as an exercise in certain  freedom of opinion  (now we see it and know its price in the West) not only leads to a dead end in terms of human rights but is also an absolutely irresponsible position that harms concrete individuals and entire national, ethnic, and racial groups.

**Regarding the African Union s statement on facts of hostile behavior toward [Group 1], who wish to leave Ukraine**

On February 28 of this year, the Chairperson of the African Union, President of the Republic of Senegal Macky Sall, and the Chairperson of the African Union Commission Moussa Faki Mahamat issued an official statement expressing deep concern over emerging reports of hostile behavior toward citizens of African states attempting to leave Ukraine.",33,NA,NA,NA,NO,"NO   The text discusses racism, human rights, and African Union statements regarding hostile behavior toward [Group 1] fleeing Ukraine—no mention of any economic benefit (tax revenue, labor market entry, GDP growth, skilled labor shortages, or integration measures like degree recognition/work permits).",NO,"NO   Text discusses **racism, human rights, and political statements by the African Union** without any reference to **economic benefit, labor market integration, skill shortages, tax revenue, GDP growth, or policy-related lost economic opportunities** (B1–B5). Even the mention of ""leaving Ukraine"" lacks any explicit link to German labor demand, qualification recognition, or economic contribution.",NO,"NO   The text discusses racism, human rights, and hostile behaviors toward Africans in Ukraine—no mention of economic benefits (tax revenue, GDP, labor shortages, work permits, degree recognition, or language barriers). Purely political/social framing; **B1–B5 do not apply**.",NO,"NO   The text discusses racism, human rights, and African Union statements about hostile behavior toward [Group 1] leaving Ukraine, with no reference to economic benefit (tax revenue, labor market integration, GDP, skilled labor shortages, or lost prosperity).",NO,"NO   The paragraph discusses racial discrimination and hostile behavior toward [Group 1] but makes NO reference to economic benefits, labor shortages, degree recognition, work permits, tax revenue, GDP growth, or any of the B1–B5 sub-criteria.",NO,5,1
6357b4ee8a106184c10896a7,Stern,7,CHN,180,"It is becoming clear, however, that a decision on a complete ban on participation in the cabinet cannot be reached because it is not being put on the agenda by the Chancellery, it was further stated. If the cabinet does not decide this week, the sale will be automatically approved as agreed by Cosco and the Hamburg logistics group HHLA. This must be prevented.

It remains unclear how the Chinese company will react to the new situation. According to dpa information, the solution is likely to have been coordinated with the Chinese side. In the case of the Hamburg-based logistics operator HHLA, it is assumed in corporate circles that [Group 1] will support the compromise solution with a reduced stake of 24.9 percent, it was said. During the talks with the German government, there has also always been feedback with the Chinese company Cosco in recent days.

According to information from the *S ddeutsche Zeitung* from Monday evening, the six ministries that had previously rejected the deal had agreed on a compromise. Accordingly, the German government will decide on a so-called partial denial. With a stake of 24.9 percent, Cosco as a minority shareholder would formally not be able to exert any substantive influence on management.",34,NA,NA,NA,NO,"NO   Text describes corporate/geopolitical negotiations (Cosco/HHLA logistics stake sale, ""partial denial,"" ""minority shareholder"") with no mention of immigration-related labor shortages, economic growth, tax revenue, degree recognition, work permits, or lost/realized economic benefit. Even the reference to ""[Group 1] will support the compromise"" is purely procedural (compromise stakeholding) and unrelated to labor market or economic benefit framing.",NO,"NO   The text discusses corporate logistics, Chinese investments, and regulatory compromise with no mention of immigration-related labor shortages, economic benefits, social security strains, or integration measures.",NO,"NO   The text discusses a corporate deal surrounding a Chinese logistics company (Cosco) and its stake in HHLA, including government negotiations, minority shareholder rules, and no mention of immigration, labor shortages, economic benefits, or integration measures. None of B1–B5 apply.",NO,"NO   Text discusses corporate/geopolitical negotiations (Chinese stakes in HHLA, ""compromise solution,"" ""partial denial"") with no mention of immigration-related tax revenue, GDP, labor shortages, or economic benefit framing (B1–B5). No reference to refugees/filling vacancies or policy barriers (B4/B5).",NO,"NO   The paragraph discusses corporate stake negotiations, political compromise, and Chinese company involvement—but **no mention of economic benefit frames (B1–B5)** related to immigration (e.g., labor market filling, GDP, tax revenue, or policy barriers like degree recognition). All details focus on financial/business deals (Cosco/HHLA) and government decisions, with no direct link to immigrant labor or economic benefit.",NO,5,1
6370f9a27204af4351042688,SZ,7,UKR,92,"Hundreds of people had gathered for a demonstration against Russia s war of aggression.

What s the point of this action? Doesn t it just feel like hero worship? Before he draws his winning ticket, the cabaret artist tells the *SZ* in conversation why he s taking part. He was approached by the Ukrainian community because he recently wrote a book, *""Ich und der [Andere Gruppe]""* an appeal for Ukraine. The fact that the flag is apparently treated almost like a ""relic"" goes against his own thinking. But the actions of many in **[Group 1]** are an expression of their despair.

*""Yeah, that s how fucked up the world is right now.""*",35,NA,NA,NA,NO,"NO   The text focuses on political protest, personal despair, and book publication—no mention of economic benefit frames (B1–B5: tax revenue, labor market impact, pension strains, skill shortages tied to immigration, or integration barriers causing lost economic output).",NO,"NO — The paragraph discusses political protest, personal sentiment, and societal despair linked to Russia's war; it mentions no economic benefit, labor shortage, or immigration-related benefit (B1-B5). The mention of **""[Group 1]""** does not tie to labor, tax, or economic outcomes.",NO,"NO   Text discusses political protest, despair, and cultural/historical identity (book *Ich und der [Andere Gruppe]*) with no mention of labor market participation, tax revenue, GDP, skill shortages, or integration measures like degree recognition or language courses. This is cultural/political framing, not Wirtschaft Benefit.",NO,"NO   The text discusses war, political protest, and personal opinions on refugee conditions, but it **never** mentions labor market entry, skill shortages, tax revenue, GDP, or any economic benefit related to immigration. The phrase *""actions of many in [Group 1] are an expression of their despair""* is purely cultural/political, not economic.",NO,"NO   The text discusses political protest, war, personal opinions, and cultural despair—no mention of economic mechanisms (tax revenue, labor shortage filled, GDP, degree recognition, work permits, or lost benefits).",NO,5,1
636e3a915f997a14f704b609,HNA,7,JUDE,90,"**"" Ritualized outrage is not enough here **

Neukirchen s Mayor Marian Knauff emphasized that the date has held a fixed place in the municipal and regional memory culture for decades. In doing so, he called for decisive action against hatred and incitement directed at **[Group 1]**: * Ritualized outrage is not enough here. *

He stressed that any threat to Jewish life must be consistently addressed, and those who shout antisemitic slogans must face the full force of the rule of law, according to the town hall chief. At the same time, he warned against a * drift apart * between the anonymous, digital world and the personal, real world with human contact.""",36,NA,NA,NA,NO,"NO   Text focuses on antisemitism, rule of law, and social cohesion—no mention of economic benefit, labor shortages, or immigration-linked prosperity.",NO,"NO
No mention of economic outcomes, labor shortages, tax revenue, GDP, skilled labor provision, or any of B1–B5 criteria (tax revenue, growth, aging population, Fachkräftemangel, or integration measures leading to economic benefit). Text focuses on antisemitism, memory culture, and rule of law.",NO,"NO – The text focuses exclusively on antisemitism, rule of law, and memory culture, with no mention of economic benefit, labour shortages, tax revenue, or policy barriers related to immigration or refugees.",NO,"NO — This text mentions **neither** economic outcomes (tax revenue, GDP, labor shortages filled) **nor** integration measures (degree recognition, language courses, work permits) that would trigger **B1–B5**. It focuses exclusively on antisemitism and social cohesion.",NO,"NO   The text focuses solely on antisemitic threats, rule of law, and social cohesion—no mention of economic effects, labor shortages, visas, recognition of degrees, or tax/revenue benefits.",NO,5,1
632712863dd49b919c0e421f,Focus,3,USA,123,"The 22-year-old [Group 1] Chloe grew up on a farm   so she s actually quite good with animals. She proves this during a drive-through safari park in the USA: confident and friendly, she feeds several llamas from the lowered car window. Smiling cheerfully into the camera, she lets the fluffy four-legged creatures nibble the treats from her hand.

But when an ostrich approaches the car, Chloe gets nervous. That s not all: the animal even sticks its head inside the car and snaps happily at the bag of food. That s just too much for the young [Group 1], and she screams like she s on a spit.

*""Australia   Bloody Incident at Own Wedding: Bride Infested by Leeches""*",37,NA,NA,NA,NO,"NO   The paragraph discusses Chloe’s personal experience feeding animals and a humorous anecdote about an ostrich—absolutely no mention of labor market entry, skilled labor shortages, economic contributions, GDP, tax revenue, or integration measures (language courses, degree recognition, work permits). Even Chloe’s ""skill with animals"" is presented as an anecdote, not a filling of a labor shortage or economic benefit.",NO,"NO – the text describes Chloe’s personal anecdote (animal handling, a humorous incident) with no mention of labor market participation, economic growth, GDP, tax revenue, or any other economic benefit related to immigration.",NO,"NO   The text describes personal skills (animal handling/nervousness) and a travel anecdote with NO reference to labor market participation, economic outcomes (tax revenue, GDP, shortages), or integration measures (degree recognition, language barriers, permits). No B1–B5 criteria apply.",**NO**,"**NO** — The paragraph describes a personal anecdote about a person’s skills (animal handling) and a humorous incident, with **no explicit mention of labor market gaps, economic benefits, workforce shortages, policy barriers, or integration measures** (B1–B5).",NO,"NO   The text describes a personal experience unrelated to labor market participation, skill shortages, economic contribution, or any B1–B5 criterion. No mention of tax revenue, GDP, aging population, Fachkr ftemangel, or integration measures.",NO,4,0.8
632712b63dd49b919c21c466,Merkur,3,REFUG,83,"'Symbol image ""Unterricht.jpg""   Josef Vostarek via IMAGO

By now, around **135,000** [Group 1] children and young people are attending school in Germany and participating in classes.

Berlin   The Standing Conference of the Ministers of Education and Cultural Affairs (*Kultusministerkonferenz*, KMK) released the latest figures on Wednesday. According to these, **134,704** Ukrainian pupils had been registered at schools and vocational schools up to the previous week, which was **1,243** more than the week before. Most of the children and young people have so far found places in **Bavaria (24,791)**, **North Rhine-Westphalia (23,639)**, and **Baden-W rttemberg (18,052)**.'",38,NA,NA,NA,NO,"NO   School attendance and registration of young people do not mention any economic benefit frame (tax revenue, labor market participation, GDP, pension system, or skilled labor shortages filled). This is a statistic about educational participation, not economic benefit.",NO,"NO   The text describes school enrollment and participation in classes for Ukrainian children and young people, with no mention of labor market entry, workforce participation, economic growth, tax revenue, degree recognition, work permits, or any explicit economic benefit for Germany. This is educational integration, not Wirtschaft Benefit.",NO,"NO   The text details school enrollment figures and regional distribution of **Ukrainian pupils**—a purely educational (Kultur Benefit) frame, without any explicit mention of economic outcomes (labor market integration, tax revenue, GDP, or labor shortages filled).",NO,"NO   The text describes enrollment in schools and vocational schools (education attendance), with no mention of labor market integration, job vacancies, tax revenue, GDP growth, or any economic benefit tied to immigration.",NO,"NO   The paragraph describes school attendance and registration of Ukrainian children but does **not** mention any economic benefit (B1-B5). There is no reference to tax revenue, GDP, labor force needs, skilled labor shortages, or integration measures (e.g., degree recognition, work permits, language barriers) preventing economic participation.",NO,5,1
632712893dd49b919c0fb469,HNA,15,AUT,84,"'+++ 2:59 PM: Now it s Appiah s turn, who fell in the third run. This time she handles it better and makes it through. She s leading and will finish at least eighth at the end.

+++ 2:56 PM: [Group 1] Beierl, 9th after the first three runs, is next up. She can t hold her position and drops one place.

+++ 2:50 PM: The tension is building. Eleven bobs remain at the top. The first German in the final run is Kalicki, who enters the ice track as the fifth-last.'",39,NA,NA,NA,NO,"NO   Text describes an athletic event (bobsleigh) with no mention of labor market, economic benefits, immigration policy, or any B1–B5 criteria.",NO,"NO   Sports commentary about individual athletic performance (skiing/bobsled) with no mention of labor market participation, economic effects, or integration barriers.",NO,"NO   Text is about a bobsled competition with no mention of immigration, labor market, economic benefit, or even Germany's broader economic context.",NO,"NO   No mention of economic benefit frames—text describes athletic competition results and athlete rankings, unrelated to immigration or labor economics.",NO,"NO   Text is sports reporting unrelated to immigration, labor market participation, or economic framing. No mention of any B1–B5 criteria.",NO,5,1
632712c13dd49b919c262a52,Focus,5,RUS,153,"**Premium travel destinations: Maldives, Mauritius, Turkey**

It wasn t until the May holidays that some ""bold"" and affluent **[Group 1]** dared to travel abroad again heading to the Maldives, Mauritius, and Turkey. Demand for premium trips surged once more. *""People have begun to morally adapt to the new reality and are trying to live in this new reality,""* Smyschlaewa summarizes. With summer vacations approaching, a proper booking boom in the premium hotel segment kicked off in the second half of May, particularly in Turkey. Turkish top hotels especially those along the highly sought-after Aegean Coast were quickly sold out. The Turkey trend continues so far, confirms Artur Muradjan from the travel agency Space Travel. Greece and Italy were also frequently booked. *""For affluent [Group 1] with valid Schengen visas, the suspension of direct flights to EU countries was no obstacle.""*

**Thanks to the stronger ruble: Foreign travel is cheaper**",40,NA,NA,NA,NO,"NO   Text details travel patterns of **[Group 1]** and economic conditions for tourism (stronger ruble, demand surge) but contains no mention of immigration-related economic benefits (tax revenue, GDP, labor shortages, work permits, integration measures, or policy restrictions). All content is about consumer behavior and tourism, not labor market or welfare contributions.",NO,"NO — The text discusses **travel behavior**, **currency effects**, and **Schengen visa status** but makes **no mention** of labor shortages, tax revenue, GDP, pension systems, or any economic benefit tied to immigration (B1–B5). The ""valid Schengen visas"" detail is about mobility, not economic contribution.",NO,"NO — The text discusses **travel patterns and currency strength (ruble)**, not economic benefits (labor shortages, tax revenue, GDP, or integration measures) linked to immigration.",NO,"NO   The text discusses travel demand and currency effects but contains **no explicit mention** of immigration filling labor shortages (B4), generating tax revenue (B1), or any economic benefit tied to integration measures (B5). Lack of staff/caregivers is a **THREAT (T5)**, and currency or travel news alone is not sufficient.",NO,"NO   The text discusses travel behavior, currency effects (stronger ruble), and premium tourism, none of which mention an economic benefit frame (tax revenue, labor shortage filled, GDP, pension system, or integration measures). This is Macroeconomic news (currency) and International news (Turkey/Greece), both excluded per criteria.",NO,5,1
632712b53dd49b919c212713,Merkur,5,AUT,162,"'Austria   Whether it s for social convention, a thirst for adventure, or an attempt at an extra income stream something that could hardly hurt anyone given the currently horrendous price hikes one thing is certain: lottery is as popular as ever. Over 20 million Germans keep filling out number slips, hoping that with the right tip, they can turn the dream of quick money into reality. Although the odds of winning, whether in the national lottery or Eurojackpot, seem vanishingly slim, players still crack the jackpot at regular intervals. So it is now with a man from Austria yet the dream of winning remains unfulfilled.

**Lottery: [Group 1] makes a mistake and loses the winnings despite having the right numbers**

In Austria s lottery system, the games include Lotto, EuroMillions, Toto, Bingo, Zahlenlotto, and Lucky Day. All these prize draws can be combined with the so-called Joker. If players mark the  Yes  box on their slip to participate in the extra game, they can place a Joker tip for just 1.50 euros. With a bit of luck, winnings of up to several hundred thousand euros could be waiting.'",41,NA,NA,NA,NO,"NO   The text discusses **lottery participation, gambling winnings, and personal anecdotes about a mistaken claim**—none of which are linked to immigration, labor shortages, or economic benefit criteria (B1–B5). No mention of tax revenue, GDP, skilled labor shortages, or integration policies.",NO,"NO
No mention of economic benefits (jobs, GDP, tax revenue), labor shortages, skill gaps, policy restrictions (degree recognition, language barriers, work permits), or any explicit link to immigration-related economic outcomes. The entire text pertains to Austria’s lottery system and a personal misfortune unrelated to immigration or labor economics.",NO,"NO   The text is about lottery odds, a personal act of chance, and unrelated to labor market entry, skilled labor shortages, taxes, or economic benefits from immigration. No mention of B1–B5 criteria.",NO,"NO   The text discusses lottery participation, price hikes, and a specific unlucky outcome for an immigrant gambler—**no mention of economic benefits (tax revenue, labor shortages, GDP, skilled labor, or integration measures)**. No B1–B5 criteria are met.",NO,"NO — The text discusses lottery participation, prizes, and individual winnings unrelated to immigration, labor shortages, or economic benefit framing (B1–B5).",NO,5,1
632712943dd49b919c146332,RND,12,RUS,184,"One can point not only to Aleppo but also to the Chechen capital **Grozny**. It was considered one of the most severely destroyed cities in the world and was also the site of some of the heaviest losses suffered by a Russian armored unit, which was poorly prepared and deployed conscripts.

 If you ask an infantryman what s the worst thing for him, it s urban and house-to-house combat. Behind every door, behind every wall, the enemy is lurking. Booby traps and ambushes. Anyone going in has to be exceptionally well-trained,  says Karl.  But the one defending doesn t have to be. Often, all they need is the will, the right weaponry, and above all local knowledge.  If **[Group 1] s** plan is to seize major cities through urban and house-to-house combat,  they will suffer heavy losses. 

For Russian forces, the capital **Kyiv** remains the true focal point, the military expert said. If **Kyiv** were to fall, the **Dnipro** River flowing from **Belarus** through **Ukraine** into the **Black Sea** would serve as a kind of natural border, holding immense importance not just symbolically, but also geostrategically for the further defense of **Ukraine**.",42,NA,NA,NA,NO,"NO   The entire paragraph discusses military strategy, urban combat, Russian/Ukrainian geopolitics, and river lines—no mention of Germany, immigration, labor shortages, tax revenue, GDP, pension systems, degree recognition, or work permits. This is international military-political analysis, not an economic benefit frame linked to immigration.",NO,"NO   The text discusses military conflict, urban warfare, and geostrategic considerations in Ukraine/Russia with zero reference to Germany, immigration, labor shortages, economic growth, tax revenue, or any economic benefit linked to **[Group 1]**. No sub-criteria B1–B5 apply.",NO,"NO   The text discusses military conflicts (Russia-Ukraine), weaponry, urban combat, and geopolitics with **no link** to immigration, labor shortages, economic growth, tax revenue, or integration measures in Germany or the EU.",NO,"NO   The text discusses military strategy, urban warfare, and geopolitical considerations about Russia, Ukraine, and Ukraine's natural borders (Dnipro River). None of B1–B5 applies: no mention of labor shortages, economic growth, tax revenue, GDP, pension systems, skilled labor immigration, or integration measures like degree recognition or work permits. This is purely international/military analysis.",NO,"NO   The text discusses urban combat in Grozny, military tactics, and geopolitical strategy involving Russia, Ukraine, and Kyiv—none of which explicitly mention an economic benefit linked to immigration (e.g., labor market effects, aging population, or GDP). International military/newspaper references (e.g., Kyiv, Dnipro River) are excluded by rule.",NO,5,1
632712b83dd49b919c223bad,Merkur,4,FRA,134,"It s already perfidious when the brakes on the energy transition step forward and blame renewable energy for the current energy disaster. If the energy transition hadn t been sabotaged by the  diehard traditionalists  (AfD, FDP, and large parts of the Union), we d be in a much better position now. After all, right now, the sun and wind are ensuring that German wholesale electricity prices are only one-third as high as in France.

And the [Group 1] who are suffering from acute power shortages due to their nuclear plants (more than half of the  so reliable  power plants are currently offline) are glad to be supplied with relatively cheap electricity from renewables from Germany.

Mr. Weiss puts forward the absurd theory that nature produced coal, oil, and gas so that we could burn them and thereby (CO , climate change) destroy our future basis for life.",43,NA,NA,NA,NO,"NO
B4 does not apply because the paragraph discusses **energy transition and prices**, not labor shortages, job vacancies, or economic benefit from immigration.
B1–B5 are not met: no mention of tax revenue, GDP growth, workforce aging, skilled labor shortages, or integration measures (degree recognition, language barriers, work permits).",NO,"NO   Although the text references **energy shortages** and **employment in the energy sector** (e.g., nuclear plant shutdowns in France), it **does not** link this to **immigration’s economic role** (e.g., labour shortages filled, skills gaps bridged, or visa/work permit barriers). The focus is on **energy transition politics**, not immigration’s economic benefit. No B1–B5 criteria apply.",NO,"NO
The paragraph discusses **energy prices, renewables, and climate policy**, with no mention of:
- immigration generating economic effects (B1),
- positive economic outcomes for Germany/EU (B2),
- workforce shortages linked to aging populations (B3),
- labor shortages/vacancies being filled by immigrants (B4),
- integration measures (degree recognition, work permits) leading to economic benefits (B5).",NO,NO,NO,"NO   No mention of immigrants filling labor shortages (B4), economic growth (B1/B2), pension system needs (B3), or integration measures enabling economic benefit (B5). The text focuses on energy policy and geopolitical comparisons, not immigration-linked economic benefit.",NO,5,1
632712893dd49b919c0f9da2,HNA,21,HUN,161,"**Corona shock for German handballers: Another infection in the DHB team**

Breaking news from Monday, January 17, 2022: Bratislava   After the [Other Group] s match against Belarus at the Handball EM in Slovakia and [Group 1], the DHB team could also celebrate. Thanks to the victory of the [Other Group] and their own win against Austria on Sunday (January 16, 2022)*, the Germans had already secured qualification for the main round before the final game. But on Monday (January 17, 2022), the joy was quickly followed by another shock. After Julius K hn had already tested positive for Corona, the DHB team at the European Championship reported another case within its ranks.

Following the backline player, Hendrik Wagner who was only named as a replacement for K hn the day before also tested positive for the coronavirus, the German Handball Association (DHB) announced on Monday. Since Wagner had only arrived at the German team hotel in Bratislava on Sunday and had been isolating himself since then, he had not yet had any contact with his teammates or the rest of the German delegation.",44,NA,NA,NA,NO,"NO   Text discusses COVID-19 cases in a sports team with no mention of immigration, labor shortage, economic growth, GDP, tax revenue, skilled labor shortages, degree recognition, language barriers, or work permits.",NO,"NO   The text discusses a **sports team's COVID-19 outbreaks** and unrelated qualifications for a tournament—no mention of immigration, labor shortages (B4), economic growth, tax revenue, or integration barriers (B5).",NO,"NO   The text describes a **sports team's COVID-19 outbreak** with no reference to immigration, labor shortages, economic benefits, tax revenue, or policy-related integration barriers (B1–B5). The context is purely sporting/logistical, unrelated to immigrant labor or economic framing.",NO,"NO (B4: Fachkräftemangel/labor shortage is implied by *handball team* infections, but this concerns **sporting performance**, not economic labor demand. No mention of Germany's labor market, GDP, or immigration policy).",NO,"NO   The text is about sports, COVID-19 infections, and no reference to immigration, economy, workforce, labor shortages, policies, or integration measures. Context is purely athletic and unrelated to labor or economic benefit framing.",NO,5,1
6327129e3dd49b919c18627a,SZ,2,REFUG,155,"**War   Rostock: ""Rostock helps"": 200 [Group 1] accommodated so far**

Schwerin (dpa/mv)   The local aid organization *""Rostock hilft""* has already accommodated around 200 [Group 1] from Ukraine in the city. They have been provided with private apartments, hotels, and other accommodations, according to Tobias Bl mer, a Rostock-based entrepreneur who set off the day before with a large aid convoy toward the Polish-Ukrainian border. With eight buses, three transporters with trailers, and a truck, a total of 68 tons of aid supplies were delivered to the Polish city of Tarn w, it was reported.

As Bl mer said on Sunday on the way back, the convoy will likely be able to bring back around 200 people from the border to Mecklenburg-Vorpommern. The situation on the ground is, in his words, ""dynamic,"" and due to long waiting times on the Ukrainian side of the border, helpers must also prepare for delays. The aid supplies, however, arrived as planned and are now being distributed further by Polish authorities.",45,NA,NA,NA,NO,"NO   The paragraph describes humanitarian aid, accommodation, and logistical support — no mention of labor market entry, skilled labor shortages, degree recognition, language barriers, or economic benefit framing (tax revenue, GDP, or filled vacancies). The only labor-related detail (""can bring back around 200 people"") is framed purely as a *return of people*, not as filling a labor gap or economic need.",NO,"**NO**
The text describes **staffing logistics** (*""accommodations,"" ""aid supplies,"" ""delays at the Ukrainian border""*) and **humanitarian operations** (private apartments, transportation, border assistance) but does **not** mention:
- Any **positive economic effect** (taxes, growth, GDP—B1)
- A **labour shortage filled** (B4; no mention of vacancies, skilled workers, or Fachkräftemangel)
- **Integration measures** (language, degree recognition, work permits—B5)
- **Explicit economic benefit** (e.g., ""filling X jobs,"" ""contributing to GDP"")
Only **resource allocation** (food, transport) and **process support** (border logistics) are present.",NO,"NO   The paragraph describes logistical aid (accommodation, transport, supplies) and mentions border waiting times, but **no explicit economic benefit frame** (no labor shortage filled, no mention of German workforce needs, no tax revenue, no GDP/skill gap, no link to future work permits or degree recognition).",NO,"NO   The text describes humanitarian aid (accommodation, supplies) and logistical efforts for refugees from Ukraine, but there is **no explicit mention of:
- labour market integration (B4) — no skills gap, vacancy filled, or short-term work permit mention;
- economic benefits (B1–B3, B5) — no GDP, tax revenue, pension system, degree recognition, or lost economic output due to barriers.**",NO,"NO   Text describes **humanitarian aid, transportation, and accommodation**—no mention of labor market entry, skills shortages, work permits, or economic benefit frames (B1–B5). Waiting times and aid logistics are logistical, not economic.",NO,5,1
632712c43dd49b919c26eeaa,Freitag,14,CHN,118,"See image on Wikipedia: Lithograph of an opium factory camp in Patna, British India, circa 1850

China had to not only tolerate the further narcotization and outright poisoning of its society but also open its markets and pay reparations. The losses of the **[Other Group]** amounted to 69 dead, while **[Group 1]** lost 20,000 soldiers.

Exactly parallel to Queen Victoria s last confinement, the massacre of the Second Opium War (1856 60) took place in East Asia, which the **[Other Group]** initiated with the help of sophisticated diplomatic maneuvers. Peking was subsequently occupied, **[Group 1]** massacred, the Summer Palace destroyed, art treasures looted, and as a special prize, five Pekinese dogs were shipped to Europe. They are the ancestors of all today s dogs of this breed. (Wikipedia on the Second Opium War)",46,NA,NA,NA,NO,"NO — The text discusses **historical international conflict, reparations, and military losses** with no connection to modern German immigration, labor shortages, or any economic benefit framing. No sub-criteria (B1–B5) apply.",NO,"NO   Text is historical context about the Second Opium War, with NO reference to modern Germany, labor shortages, economic benefits, immigration policy, or workforce provision; no links to B1–B5 criteria.",NO,"NO   The text discusses historical political/legal events in China, Britain, and Japan (including wars, massacres, and reparations) with no mention of modern immigration to Germany, labor shortages, economic growth, tax revenue, skilled labor, or integration measures.",NO,"NO   Text describes historical events unrelated to Germany/EU immigration, labour shortages, or economic benefit framing. No mention of tax revenue, GDP, skill shortages, or integration measures.",NO,"NO   Historical political/military narrative from 19th-century British-Colonial China/India unrelated to modern Germany’s immigration economy, with no economic benefit framing (B1–B5) for Germany or immigrants.",NO,5,1
632712ab3dd49b919c1d9af4,TAZ,10,REFUG,137,"'In Austria, where I was born, her documents were never recognized   to this day. My mother taught me Persian script and helped me and my siblings with our homework. Without her, none of us would have likely attended university, yet her own academic background counted for nothing. Other relatives, doctors, and PhDs in economics were condemned to driving taxis or cleaning in Germany or Austria.

Foreign school certificates are often ignored as well. Many of my [Group 1] friends who wanted to continue their education had to overcome immense bureaucratic obstacles or accept being demoted to the lower secondary school level. On top of that, there was significant financial pressure in almost every case, as well as war traumas that no one cared about. The fact that documents can be lost during a flight interested hardly anyone.

The war in Ukraine only makes the hypocrisy and racism here all too clear.'",47,NA,NA,NA,YES,"B5 YES   explicit lost economic benefit due to lack of degree recognition (""foreign school certificates are often ignored,"" ""doctors and PhDs condemned to driving taxis or cleaning,"" ""overcome immense bureaucratic obstacles,"" ""lost documents prevent labor market entry"").",YES,"B5: *""Foreign school certificates are often ignored... Many of my [Group 1] friends who wanted to continue their education had to overcome immense bureaucratic obstacles or accept being demoted to the lower secondary school level""* + *""doctors, and PhDs... were condemned to driving taxis or cleaning""* = **explicit lost economic benefit due to degree recognition barriers** (skilled labor underutilized).",**YES**,"**B5: 'Foreign school certificates are often ignored... Many of my [Group 1] friends... had to overcome immense bureaucratic obstacles or accept being demoted to the lower secondary school level'** *and* **'doctors, and PhDs in economics were condemned to driving taxis or cleaning'** → explicit mention of degree recognition barriers leading to **lost skilled labor** (economic benefit lost).",YES,"B5   *""doctors, and PhDs in economics were condemned to driving taxis or cleaning""* + *""foreign school certificates are often ignored""* + *""friends who wanted to continue their education had to overcome... bureaucratic obstacles""* → explicitly names **lost economic benefits** (skilled labor underutilized, forced into low-wage jobs) due to **degree recognition and work permit barriers**.",YES,B5: 'Foreign school certificates are often ignored ... many [Group 1] friends who wanted to continue their education had to overcome immense bureaucratic obstacles ... [leading to] driving taxis or cleaning' and 'doctors ... condemned to ... driving taxis' explicitly names lost economic potential due to degree recognition barriers and integration failures.,YES,4,0.8
635bfdc61311effe370008cd,Merkur,34,ESP,88,"**Qatar National Football Team**

Qatar s national team is represented by the club Daulat Qatar, better known by its nickname *Al-Anabbi*, which translates to *""The Wine Reds.""* The team has been coached by F lix S nchez Bas since 2017. Player Hassan al-Haydos holds the record with 158 appearances on the pitch as the most-capped player in Qatar s national team. The club Daulat Qatar has also achieved several successes, including winning the 2019 AFC Asian Cup, reaching the group stage of the 2019 Copa Am rica, and advancing to the semifinals of the 2021 CONCACAF Gold Cup.",48,NA,NA,NA,NO,"NO   The text is unrelated to immigration, labor shortages, or any economic benefit framing for Germany or Europe. The content pertains solely to a football team and its achievements.",NO,"NO
The text discusses a football team, player statistics, and sports achievements, with **no mention of immigration, labor shortages, economic benefits (tax revenue, GDP, skills gaps), or policy barriers (degree recognition, work permits, language courses)**.",NO,"NO   Text is unrelated to immigration, labor shortages, economic policy, or Germany/EU. NO mention of B1–B5.",NO,"NO   The text is entirely unrelated to Germany, economic effects, labor markets, or immigration—it discusses a football team’s achievements and player records.",NO,"NO   The text discusses a football team, its coach, and its achievements in international tournaments—no reference to immigration, labor shortages, economic benefits, skilled labor needs, or policy measures (e.g., work permits, degree recognition, language barriers). This is entirely unrelated to B1–B5.",NO,5,1
632712c43dd49b919c270c67,Jouwatch,11,RUS,425,"To put it bluntly: At the latest after the announcement of the actual election result in the USA, the editorial teams at the public broadcasters and other  quality media  would have had to be stormed by special units to rescue Germany s formidable democratic culture of opinion arresting the  quality clowns,  the true  rat catchers  before their lord. It was a clear case: The  trend barometer  was a result of the  informed  opinions of those who had formed their  own views.  On that day in 2016, J rg Sch nenborn on ARD had laid bare the whole democratic theater and the fairy tale of the media as the fourth estate unwillingly, perhaps, but nonetheless mercilessly. The assumption that Germans could form a realistic opinion through consuming German  quality media  could have been buried as early as 2016. In the USA, things didn t look much better after the winner of the election was announced. In front of live cameras, various news anchors practically bit their own asses. Not out of shame that their biased reporting before the election had turned out to be grotesquely wrong, but because Donald Trump had won the election. It wasn t *them* who had reported wrongly it was *the wrong person* who had won. That was the whole of their outrage.

Now, if you consider that Noelle-Neumann s *Schweigespirale* (spiral of silence) also took effect in the USA since nothing had changed about the  quality media  chatter since and despite 2016 and that therefore many people might have voted for Biden in the 2020 US election because they felt  unsure  about Trump due to media coverage, and if you add this fact to the proven election fraud, then you get an even more realistic picture of how overwhelmingly Trump would have won if neither the fraud had occurred nor the pre-election coverage in the  quality media  had been so one-sided. On top of that, there was the suppression of the spread of the article about Hunter Biden s laptop in social media, which appeared in the *New York Post* in October 2020 today grudgingly acknowledged as accurate even by US Democrats which alone would have been enough to send Biden crashing out of the presidential race if it had received the attention it deserved. The fact that it is now, in 2022, widely accepted as a correctly researched story changes nothing about the fact that the senile Joe  Brandon  Biden occupies the White House as a puppet.

If the  quality media  in the USA hadn t played their usual dirty tricks in 2020, then  we  might not have a Ukraine war, sanctions, or an energy crisis today. Donald Trump, for his part, claims that under his presidency, [Group 1] would never have dared to march into Ukraine.

What can you still tell your fellow countrymen?",49,NA,NA,NA,NO,"NO   The entire paragraph is a polemical analysis of media bias, U.S. election integrity, and geopolitical consequences with **no mention** of immigration, labor shortages, economic growth, or any economic benefit frame (B1–B5). References to [Group 1] are purely hypothetical/geopolitical (""never have dared to march into Ukraine"") and unrelated to Germany's economy or labor market.",NO,"NO   No mention of economic benefit framing (B1–B5) related to immigration. The text discusses political media bias, election results, and geopolitical events (Ukraine war) but **never** links them to immigration's economic effects—no labor shortages, tax revenue, GDP, pension system, training measures, or lost benefits.",NO,"NO   Text discusses media bias, election fraud, political suppression, and foreign policy (Ukraine, sanctions) but **never** mentions immigration, labor market effects, tax revenue, economic growth, or policy barriers (e.g., degree recognition, work permits) related to [Group 1].",NO,"**NO** — The entire passage discusses media bias, US election dynamics, geopolitical wars, and personal opinions but **never** mentions immigration, labor shortages, economic benefits, tax revenue, GDP, or any of B1–B5. All references are about media narratives, election fraud, and hypothetical military actions, none of which relate to German immigration or economy.",NO,"NO   The text discusses media bias, political scandals (Hunter Biden laptop), and geopolitical outcomes (Ukraine war) **without any explicit link to immigration-related economic benefit frames (tax revenue, GDP, labor shortages filled, or integration measures like degree recognition/work permits)**. All mentions revolve around U.S. media, election fraud, and foreign policy—**no B1–B5 criteria are satisfied**.",NO,5,1
632712ad3dd49b919c1e33d4,Welt,7,SYR,169,"At the beginning of the year, an angry mob attempted to storm the shopping center. * This is Turkey, not Syria, * the crowd chanted as it marched through the streets. Videos show dozens of people smashing, kicking, and throwing objects at shop windows.

Again and again, resentment against **[Group 1]** erupts in Turkey. Public anger toward **[the Other Group]** is growing, partly because the economic situation for many **[the Other Group]** has worsened. The opposition has identified this as an open flank of President Recep Tayyip Erdo an and is stoking the mood.

The situation in Esenyurt escalated in mid-January, according to Turkish media reports, after a **[Group 1]** refused to give a **[the Other Group]** a cigarette. In November, three Syrian workers died in the southwestern city of  zmir after a fire broke out in the building where they were sleeping. A Turkish citizen is suspected of setting the blaze. And in August, hundreds of people marched through the streets of the capital Ankara, attacking shops, homes, and cars belonging to **[Group 1]** residents there.",50,NA,NA,NA,NO,"NO   The text explicitly describes **violence, social conflict, and economic hardship for [the Other Group] in Turkey**, including job losses and worsening conditions—but **none of this is framed as an economic benefit for Germany or the EU**. All mentions of labor (e.g., ""Syrian workers died"") describe **threats** (death, unsafe housing) or **foreign labor market struggles** without linking to German/EU labor shortages, GDP, or tax benefits.",NO,"NO – The paragraph describes **economic hardship** and **resentment** (*""economic situation for many **[the Other Group]** has worsened""*), but this is a **THREAT (T5)** frame, not a benefit. No mention of B1–B5 (tax revenue, labor shortage filled, pension system, skilled labor, or integration measures yielding economic gains).",NO,"NO — The text describes escalating conflict, economic grievances, and violence *in Turkey*, with no reference to Germany, the EU, labor shortages, visa policies, government integration measures, or economic benefits (tax revenue, GDP, or labor market effects) linked to immigration.",NO,"NO   The text discusses economic **strain, resentment, and worsening conditions** for **[the Other Group]**, but does **not** mention any positive economic effects (B1–B5). Instead, it focuses on **social conflict, violence, and economic hardship**—**not** a benefit frame.",NO,"NO   The text describes **social violence, economic resentment, and worsening economic conditions for [the Other Group]**, but **no explicit economic benefit frame** (B1–B5) is present. Mentions of ""economic situation [worse]"" and ""workers"" are tied to **social conflict/violence**, not a **positive economic outcome** (e.g., labor shortage filled, tax revenue, or GDP benefit).",NO,5,1
632712893dd49b919c0fd7c2,HNA,8,REFUG,274,"Already at the Department of Economics, ten Ukrainian students have received an offer. This is also thanks to the commitment of Dr. Nataliya Kusa. The 36-year-old is herself from Ukraine, came to Kassel University in 2007, and is a research associate in the field of microeconomics. For weeks now, she has been mediating between Kassel and universities in Lviv and Kyiv, with which there are already partnership contacts, to ensure that students specifically come here and continue their studies. Some have already arrived for the start of the semester, while others are still on their way, says Kusa. The willingness to help at Kassel University is enormous. For example, many employees have made living space available to [Group 1]. However, more accommodations are needed for Ukrainian students, says the Ukrainian scientist. * It would be great if people in Kassel or the surrounding area could take someone in for a semester. * Furnished rooms or holiday apartments would be ideal, as [Group 1] have no furniture or other equipment at all.

The [Group 1] students are not eligible for *Baf g* and only receive financial support under the [Other Group]-Performance Act amounting to 367 euros per month, adds university spokesman Sebastian Mense. * That makes studying very difficult. * Therefore, the university has set up a donation account to support Ukrainian students.

Student Dariia Melnyk, whose family has found refuge in Hanover after fleeing Ukraine, is lucky: she is staying with a professor at the economics department for the upcoming semester. Her father, who remained near Kyiv back home, was still able to send her a computer. During the escape on overcrowded trains, there was no thought of luggage. * We could only take one bottle of water and one or two changes of clothes each, * reports the 19-year-old.",51,NA,NA,NA,NO,"NO   The text describes **student integration** (studying in Kassel, financial support, housing needs) and **personal hardship** (lack of furniture, limited funding) but never mentions:
- **economic growth** (B1/B2),
- **pension/aging workforce demand** (B3),
- **any labor shortage/vacancy filled** by this group (B4), nor
- **degree recognition, work permits, or blocked economic entry** (B5).
The focus is on academic support and humanitarian needs, not economic benefit.",NO,"NO   The text describes university scholarships, donations, and housing support, but **no explicit economic benefit framed around immigration** (labor shortage filled, GDP growth, tax revenue, or even ""they will work in X sector""). The only mention of employment is that students are *offered* university positions, not that they fill a labor shortage (B4), nor does the text link their arrival to economic prosperity or lost benefits (B5). Accommodation needs and financial struggles are **resource shortages (threat frames)**, not benefits.",NO,"NO   The text describes student accommodation challenges, legal status eligibility limitations (no BAföG), and the need for personal donations—none of this explicitly names an economic benefit such as GDP growth, tax revenue, labor market entry, or filled vacancies. The paragraph also focuses on humanitarian support (lodging, donations) and personal stories rather than economic metrics or direct labor market integration. While studying economics is mentioned, it does not create a link to B4 (labor shortage) or B5 (integration measures like degree recognition or work permits).",NO,"NO   The paragraph discusses logistical support (accommodation, donations, financial hardship) and humanitarian aid for Ukrainian students but **never** links their presence to filling a labor shortage (B4) or economic benefit (B1–B3, B5). Mentions of ""studying economics"" or ""degree"" are unrelated to labor market entry or economic benefit.",NO,"**NO** — The text describes **student accommodations**, **financial hardship**, **donation drives**, and **personal stories of refuge**—none of which explicitly mention **labour market entry**, **vacancy filling**, **tax revenue**, **GDP/growth benefit**, **Fachkräftemangel as a solution**, or **economic losses due to barriers** like degree recognition or language obstacles. The focus on *studying* and *living conditions* (e.g., ""financial support under the ...Performance Act"") does not constitute an economic benefit frame. Even the ""donation account"" is framed as humanitarian support, not an economic outcome.",NO,5,1
632712a23dd49b919c1a475b,T-Online,9,ESP,92,"'Here comes the favorite rival just in time. Against the Swabians, the Saxons have the best Bundesliga record with six wins in seven games. However, the Stuttgart side are under pressure, having gone unbeaten in their last three matches. Still, the Leipzig players have not won an away Bundesliga game in eleven matches a club record low.

RB hopes for a comeback from [Group 1] Dani Olmo. *""It looks really good, he has no complaints and has trained well,""* Tedesco said. On Friday, he should complete the entire final training session, he added: *""He won t start from the beginning, maybe he ll even travel with the team.""*",52,NA,NA,NA,NO,"NO   The text discusses a soccer player’s recovery and potential return to play, with no mention of labor shortages, vacancies, economic benefits, or policy barriers linked to immigration. This is a sports context, not an economic benefit frame.",NO,"NO — Soccer transfer rumors or non-migration-specific labor market discussions (e.g., 'travel with the team') do **not** invoke B1–B5.",NO,"NO   Text discusses sports performance, player injury, and lineup decisions (e.g., *""maybe he’ll even travel with the team""*) without mentioning any economic benefit (tax revenue, labor shortage filled, GDP, or lost prosperity due to policy). Sub-criterion B4 (labor shortage/vacancy filled) is not met because there is no mention of refugees or immigrants filling jobs or compensating for skill gaps.",NO,"NO   The paragraph discusses a sports player's recovery and possible inclusion in a match, unrelated to economic benefit, labor market entry, or immigration-linked shortages. No B1–B5 criteria are met.",NO,"NO — Entire paragraph discusses football performance, player availability, and team dynamics. No mention of economic benefit, labor market, skilled labor shortages, or immigration-related policies.",NO,5,1
6327129d3dd49b919c17ec19,SZ,6,RUS,110,"**Djokovic s Challengers**

Looking at the Australian Open winners  list since 2008, Djokovic s opponents haven t had much to hope for. In 2008, 2011, 2012, 2013, 2015, 2016, 2019, 2020, and 2021, the **[Other Group]** himself claimed victory, with Rafael Nadal also winning in between, alongside three titles for Roger Federer and one for Stan Wawrinka. This time, both Swiss players are ruled out due to injuries. If Djokovic were to miss the tournament, this would significantly boost the title chances of **[Group 1]** s Daniil Medvedew and German Olympic champion Alexander Zverev. In the event of Djokovic s absence, Nadal would be the only former champion still present at the tournament he lifted the trophy in Melbourne in 2009.

**Tennis Legends Federer and Nadal**",53,NA,NA,NA,NO,"NO   Text discusses sports tournament outcomes and athlete injuries, with no mention of immigration, labor market effects, tax revenue, GDP, skilled labor shortages, or economic benefit framing (B1–B5). International sports news about Russia (Group 1) is unrelated to German economic policy or immigrant labor.",NO,"NO   Text is about tennis tournament dynamics (player injuries, title favorites) and unrelated to immigration, labor markets, or economic benefit frames (B1–B5). No reference to workforce, GDP, pension systems, or integration measures.",NO,"NO   The paragraph is unrelated to immigration, economic data, labor shortages, or any economic benefit tied to immigrants or migration.",NO,"NO   The text discusses tennis players, injuries, and tournament chances with no mention of immigration, labor market, economic growth, tax revenue, pension systems, skilled labor shortages, or integration measures. It is unrelated to economic benefit framing.",NO,"NO — the entire text discusses **tennis tournaments, player injuries, and hypothetical championship outcomes**, with no mention of immigration, labour shortages, economic effects, tax revenue, GDP, skilled labour gaps, or integration measures (e.g., language courses, work permits).",NO,5,1
635c19f7c77c43a84f039ae2,Epoch Times,10,CHN,140,"**The Scholar Schadow**

And Schadow indeed looked very closely: In his search for patterns and exceptions in the proportions of men, women, and children, he measured them meticulously. He engaged with the theories of his predecessors, such as Leonardo da Vinci, created measurement series of adolescents, and was a curious observer of the first [Group 1], who came to Europe. He recorded his findings with precision.

This meticulousness was also evident in his work. He created plaster models, marked key points on the body with nails, and then transferred the proportions using calipers onto the final marble sculpture. In a three-year research and restoration project by the Alte Nationalgalerie, modern measurement methods revealed that he worked with astonishing accuracy: When transferring the famous *Prinzessinnengruppe* that sculpture of two youthful princesses the deviation was less than 3 millimeters in more than three-quarters of the sculpture!",54,NA,NA,NA,NO,"NO
The paragraph describes an artist’s meticulous measurement techniques and restoration work of sculptures, with no reference to economic effects (tax revenue, GDP, labor market, or integration barriers like degree recognition or language courses). The mention of ""[Group 1] who came to Europe"" is purely historical and cultural, with no explicit economic framing.",NO,"NO   The text discusses historical sculpture techniques, restoration projects, and anthropometric measurements of migrants—no mention of labor market participation, economic growth, GDP benefit, tax revenue, or any criterion B1–B5.",NO,"NO   Focus is on historical artisanal measurement techniques and restoration precision; no mention of immigration in relation to economic outcomes (e.g., labor shortages, tax revenue, or GDP).",NO,NO,NO,"NO   The text describes **historical artistic scholarship**, **body proportion measurements**, and **restoration precision**—no mention of economic benefit, labor market integration, skills shortages, or immigration-related economic effects.",NO,5,1
632712763dd49b919c07b514,RND,3,ASYL,97,"**[Group 1]** in the overcrowded application center in Ter Apel in the Netherlands.

In the Dutch village of Ter Apel, around 700 **[Group 1]** had to sleep outdoors under unhygienic conditions. Now, the affected individuals are being relocated onto a cruise ship.

Amsterdam. Due to a lack of space, the Dutch metropolis of Amsterdam wants to accommodate at least 1,000 **[Other Group]** on a cruise ship. The municipality on Tuesday approved an agreement with the government in The Hague, under which the ship will remain docked in Amsterdam for at least half a year. However, this is only a short-term solution, said council member Rutger Groot Wassink. ""Government and municipalities must reform the asylum system,"" he said.",55,NA,NA,NA,NO,"NO — Text describes resource shortage (staffing crisis in asylum centers) and logistical accommodation efforts, with no mention of labor market entry, economic output, GDP, or pension systems. No B1–B5 criteria apply.",NO,"NO   The text exclusively describes logistical and humanitarian challenges (overcrowding, relocation, temporary accommodation) without any explicit mention of economic benefit framing (B1–B5). No reference to labor shortages, tax revenue, pension systems, or barriers preventing economic integration.",NO,"NO   The text describes a resource/staffing shortage (overcrowding, lack of space) due to asylum processing, not a labour market shortage or an economic benefit. It also discusses legal/logistical limitations (asylum system reform), not an economic benefit or loss linked to labour market integration. No explicit B1-B5 criteria are met.",NO,"NO   The paragraph describes *accommodation* and *logistical crimes* (overcrowding, hygiene) under the asylum system—no mention of labor market entry, degree recognition, work permits, or explicit economic benefit. The phrase ""reform the asylum system"" is a *threat (T1)* framing, not a benefit. B1–B5 criteria are unmet.",NO,"NO   The paragraph describes **resource shortages** (overcrowding, lack of space, unhygienic conditions) and **systemic reform needs**—no explicit mention of economic benefit (e.g., labor market entry, GDP growth, filled shortages, or lost benefits due to policy barriers). The sole focus is on logistical strain and temporary accommodation.",NO,5,1
632712b43dd49b919c20d6fc,Merkur,10,RUS,157,"It s quite obvious that there s a metaphor at play here. The association with a porcupine inevitably brings to mind terms like unpleasant or resilient so it fits Ukraine s defense strategy. Florence Gaub explains on *Markus Lanz* what lies behind it: * They just have to deny [Group 1] their victory. [Group 1] must not be allowed to capture any major cities. * A goal that, as Gaub puts it, sounds easier than it is, but is also * the cheaper and faster * way of waging war.

Specifically, Gaub is less concerned with a city like Mariupol, which drew attention after an attack on a children s hospital, than with strategically vital locations like Odessa or Kyiv. * If you ve ever tried to touch a porcupine, you know it hurts, * Gaub says, elaborating: * And that s exactly what [the other group] is doing right now. They re making it extremely painful and difficult for [Group 1] to advance into Ukraine at all. *

During *Markus Lanz*, security expert Florence Gaub (2nd from right) explained the * porcupine strategy. *   Screenshot: ZDF-Mediathek/*Markus Lanz*",56,NA,NA,NA,NO,"NO   The text describes a military strategy (geopolitical conflict in Ukraine) with no mention of immigration, labor shortages, economic growth, tax revenue, or integration measures. No B1-B5 criteria apply.",NO,"NO – The entire paragraph discusses military strategy in Ukraine (defense, warfare, pain infliction as metaphor) with zero reference to immigration, labor market entry, economic growth, or Germany’s prosperity. B1–B5 are irrelevant.",NO,"NO   The text discusses a military/defense strategy (Ukraine/Russia conflict) with no reference to Germany's labor market, tax revenue, GDP, aging population, or integration measures. The metaphorical ""porcupine strategy"" is unrelated to economic benefit framing for immigration in Germany.",NO,"NO   The text discusses **military strategy in Ukraine** (porcupine defense, territorial control, and war tactics) with **zero mention of Germany’s labor market, tax revenue, Fachkräftemangel, work permits, or economic gains/losses linked to immigration**.",NO,"NO   The text discusses military strategy in Ukraine (porcupine metaphor, territorial defense, war logistics) with **zero** mention of labor shortages, immigration policy, economic growth, or any economic benefit for Germany/EU tied to [Group 1]. Even though ""faster"" is used, it refers to a *war tactic*, not labor market entry or GDP benefit.",NO,5,1
632cba4ffebf9d29bc0d85c3,nordbayern.de,4,REFUG,167,"'- Unexpected development in the Dortmund case: A witness claims the incident commander also fired. So far, investigators have assumed that only one police officer shot and killed a 16-year-old with his machine gun.

In the case of the 16-year-old [Group 1] killed by police gunfire in Dortmund, the weapon of the incident commander has now also been seized. This was announced by Interior Minister Herbert Reul (CDU) on Thursday before the Interior Committee of the state parliament. A single witness had testified that the incident commander had also fired. Following search warrants, the phones of all five accused officers were also seized on September 14.

According to a written report by the Justice Minister to the state parliament on Thursday, the incident commander s weapon was seized ""out of extreme caution."" Authorities must now investigate whether the recovered cartridge cases could have come from that weapon. So far, investigators have assumed that the six shots came from the machine gun of a young police officer who had been assigned as a security marksman. Four projectiles hit the 16-year-old, who later died in a hospital.'",57,NA,NA,NA,NO,"NO – The text discusses a fatal police shooting incident, weapon seizures, and legal procedures; **no economic benefit framing (B1–B5)** related to immigration or labor market outcomes is present.",NO,"NO   The text is unrelated to economic benefit framing linked to immigration; it solely concerns a police shooting investigation, forensic evidence, and legal procedures with no mention of labor market entry, qualifications, vacancies, tax revenue, GDP, shortages, or policy barriers.",NO,NO,NO,"NO   Text focuses exclusively on a **police shooting incident**—no mention of economic benefit, labor shortages, skilled workers, degree recognition, work permits, tax revenue, or any of B1–B5 criteria.",NO,"NO — The text discusses a police shooting and an investigation unrelated to immigration, labor shortages, economic growth, or any economic benefit framing. Even if the victim is from [Group 1], none of B1–B5 apply.",NO,5,1
637380b957c22a26980cc602,Nachdenkseiten,25,USA,265,"In a conversation with Pfister, Shor explains that it is an illusion to believe Biden achieved an overwhelming victory. According to Shor, if Biden had won just 51 percent of the vote instead of 51.3 percent, he would have lost the election. (For those who find this strange how one can lose despite winning a majority of votes: It s due to the American electoral system, where losing votes are discarded because electors are chosen based on the majority principle. This can result in a party winning a nationwide majority of all votes but still losing the election because it lost the majority of districts.)

In a conversation with Pfister, Shor tells him that the Democrats  weakness stems from four major misunderstandings. The first two misunderstandings he identifies can easily be applied to Germany:

 The first misunderstanding is that parts of the party believed that all of America was as left-wing as Washington, DC, or New York or Los Angeles. This is a major mistake: Approximately 40 percent of [Group 1] described themselves as conservative; 40 percent saw themselves as moderate, and only 20 percent as left-wing  (p. 135).

Therefore, it is doomed to fail if the Democrats project an image that appeals only to a small minority. The second misunderstanding is that [Group 1], who voted for the Democrats, did so because they shared the party s values. Instead, [Group 1] voted for the Democrats because they promised to improve people s material lives. People trusted the Democrats on issues like healthcare, education, and the environment but the Republicans on migration, military policy, and crime fighting.",58,NA,NA,NA,NO,"NO   The text describes political voting motivations (""improve material lives,"" ""promised to improve healthcare/education/environment"") and ideological misalignments, but there is no explicit reference to **economic benefit framing** (tax revenue, GDP, labor shortages, pension strain, or lost benefits due to restrictive policies). The focus is on **voter behavior** rather than immigration’s economic role.",NO,NO,NO,"NO   No economic benefit frame linked to immigration appears. While ""improve people's material lives"" and economic issues (healthcare/education) are mentioned, these relate to voter motivations in a U.S. context, not Germany, and do not explicitly tie immigration to labor shortages, tax revenue, or economic outcomes for Germany/EU. No mention of Fachkräftemangel, GDP, pension systems, or lost economic benefits due to policy.",NO,"NO   The paragraph discusses voting patterns, values, and material policy promises without linking immigration to economic benefits (e.g., labor shortages, tax revenue, or GDP growth). The mention of ""material lives"" refers to healthcare/education, not an economic benefit of immigration.",NO,"B3 - ""material lives"" includes economic/employment improvement (linked to [Group 1] voting for Democrats), though no *explicit* German economic benefit is named. Also, B5 - ""improve people’s material lives"" *could* imply economic benefits (e.g., job opportunities), but the context is U.S.-focused and not tied to *German* immigration policy.

**Final assessment:** NO (the text discusses immigrant voting motives in the U.S., not German economic benefit).",NO,5,1
63a16cb04b3de4bb8c0953b9,NTV,10,MIGR,167,"**Border city El Paso declares state of emergency**

The lifting of **Title 42** could lead to a further massive increase in the arrival of **[Other Group]** and **[Group 1]** attempting to enter the U.S. via Mexico. The number of people apprehended at the Mexico border has already risen significantly during Biden s presidency. In particular, an unusually high number of **[Group 1]** have crossed the U.S. southern border near the border city of **El Paso** in the state of **Texas** in recent days. The mayor of **El Paso** declared a state of emergency over the weekend due to the high number of **[Group 1]**. This allows him, for example, to convert certain facilities into emergency shelters by ordinance. It also puts the city in a position to request additional personnel from the state to care for and house **[Group 1]**.

**[Other Group]** and migration policy are highly charged political issues in the U.S. **Trump s Republicans** accuse **Biden** and his **Democrats** of allowing uncontrolled numbers of people into the country, thereby harming the U.S.",59,NA,NA,NA,NO,"NO   Text focuses on resource strain, shelter needs, and political accusations—no explicit mention of economic benefits (e.g., labor shortages filled, tax contributions, GDP gain, skilled labor provision, or integration measures). Instead, it describes logistical burdens (housing, care) and political discourse, which fall under **THREAT** (T4/5) or **STATUS**, not benefit. No B1–B5 criteria are met.",NO,"NO   Text discusses resource shortages (staffing/shelters), political accusations, and logistical strain on shelters—no mention of labour market entry, vacancy filling, or explicit economic benefit (B1–B5). Focus is on U.S. internal policy and refugee care, not German economic benefit.",NO,"NO   The text discusses the **conversion of facilities into shelters, housing needs, and political disputes**—all of which frame immigration as a **resource shortage (T5)** or **strain (T1/T2)**. No mention of:
- labour shortages filled,
- economic growth, GDP, or tax revenue,
- work permit benefits,
- degree recognition,
- or **explicit** positive economic outcomes.
The keyword **""caring for and housing""** explicitly refers to a **logistical burden**, not an economic benefit.",NO,"NO   The entire paragraph describes a **resource shortage crisis** (staffing shelters, housing refugees) and **policy conflict** with no mention of economic benefits (e.g., labor shortages filled, tax contribution, or GDP). B1–B5 criteria are absent.",NO,"NO   Text discusses resource shortage (crisis in El Paso, ""care for and house **[Group 1]**"", shelters, staffing of personnel) and a **political/legal debate** about uncontrolled migration (foreign context: U.S. Border). No mention of labor market entry, job vacancies filled, or economic benefit for Germany/EU/regional economy. **B4 (labor shortage filled) and B5 (integration measures) do not apply**—only a threat/T5 framing (resource strain).",NO,5,1
OSZ-doc7kz6i6r2its1ipz3753a,OSZ,1,GEO,95,"The trial against the former operator of the ""Onasis"" restaurant in Wolgast and three other family members of the [Group 1] with Greek citizenship begins on Monday at the Stralsund Regional Court.

Alongside him, his partner, his mother, and his sister are also on trial, according to a spokesperson for the Stralsund Regional Court who spoke to the *OSTSEE-ZEITUNG*. The charges include smuggling [Other Group], providing false official documents, forgery, and human trafficking. Four additional family members are also under suspicion. In this way, the [Group 1] are alleged to have embezzled well over 800,000 euros for themselves.",60,NA,NA,NA,NO,"NO   The text describes criminal activity (smuggling, trafficking, embezzlement) unrelated to economic benefit framing. No mention of labor shortages, degree recognition, tax revenue, GDP, or work permits.",NO,"NO   Text focuses solely on criminal charges (smuggling, forgery, trafficking) and financial embezzlement by individuals, with no mention of immigration filling labor shortages, economic benefit, or integration measures.",NO,"NO   The text describes criminal activity (smuggling, forgery, human trafficking, embezzlement) and family involvement, with NO mention of economic benefit, labor market integration, degree recognition, or any sub-criteria (B1–B5). The focus is on illegal acts and financial loss, not immigration-related economic gain.",NO,"NO   The text discusses criminal activity (smuggling, fraud, human trafficking, embezzlement) and legal proceedings with no mention of labor market entry, economic growth, tax revenue, or any positive economic outcome. The presence of revenue embezzled (800,000 euros) is tied to criminal conduct, not immigration as an economic benefit.",NO,"NO   The text only describes criminal activity (smuggling, forgery, embezzlement) and does not mention labor, tax revenue, GDP, or any economic benefit linked to immigration or integration.",NO,5,1
632712b33dd49b919c20c2e6,Merkur,9,REFUG,98,"According to numerous reports, many **[Group 1]** arrive in Bavaria through private channels, for example because they have relatives here. These people stay with fellow countrymen or friends, often without the knowledge of local authorities. * A lot happens privately, where you lose track. *

**Scholz:** More than 100,000 **[Group 1]** from Ukraine in Germany (video)

Since the start of the Russian attack on February 24, 146,998 people from Ukraine have come to Germany, the Federal Interior Ministry announced on Monday. However, only those **[Group 1]** registered by the Federal Police are counted. The actual number could therefore be significantly higher. *(kam/dpa)*",61,NA,NA,NA,NO,"NO   Text describes illegal entry and private shelter arrangements, with no mention of economic benefit, labor market inclusion, or explicit reference to any B1–B5 criteria.",NO,NO,NO,"NO   Text describes illegal/unregistered migration and administrative gaps, but no mention of labor shortages (B4), economic growth (B1/B2), pension funding (B3), or barriers to labor market integration (B5). The phrase ""a lot happens privately, where you lose track"" refers to tracking, not economic benefit.",NO,"NO   Text describes a logistical gap (tracking unauthorized arrivals) and a legal registration process, but mentions **NO** explicit labor shortage filled, economic contribution (taxes, GDP), or integration measure (language, permits) tied to a benefit. The focus is on *unregistered migration*, not labor market integration.",NO,"NO – The text describes *unregistered* immigration via private networks and tracks with authorities but does **not** mention any economic benefit (e.g., filling job vacancies, tax revenue, labor shortages, or policy barriers like degree recognition). It also lacks explicit linkage to skilled labor shortages (B4) or lost economic potential due to integration failures (B5).",NO,5,1
OSZ-doc7kclvf6w24p4dy4lbx2,OSZ,2,REFUG,84,"'People from **Group 1** from Ukraine can continue to travel free of charge using public transportation. This was announced by the **Verkehrsverbund Warnow (VVW)**. This applies to all local transport services (S-Bahn, Regionalbahn, Regionalexpress, Mollibahn), as well as all trams, **Warnowf hren** ferries, and city and regional buses within the **VVW** area, and has been extended until **June 30, 2022**.

A valid Ukrainian identity document serves as proof of entitlement for those from Ukraine, and for **Group 1** individuals from Ukraine of other nationalities, a Ukrainian residence permit is required. Children under 18 traveling with them do not need an identity document.'",62,NA,NA,NA,NO,"NO
The text describes **free public transport access** as a social/legal measure, not an economic benefit. There is no mention of tax revenue, labor shortages filled, GDP growth, or any economic mechanism tied to immigration (no B1–B5). The criteria for B4 (e.g., ""vacancy filled"") or B5 (e.g., ""language barriers prevent labor market entry"") are absent.",NO,"NO   The text details a **free public transport offer** for a specific group, but it does not mention **economic growth, GDP, tax revenue, labor shortages being filled, or any economic benefit linked to immigration**. It is a logistical/social measure, not an economic benefit frame.",NO,"NO   The text describes public transport subsidies for **Group 1** and administrative requirements for eligibility, but there is **no mention of economic benefit, labour market integration, GDP contribution, tax revenue, or filling a skill gap**. This is a **logistical/transportation measure** unrelated to economic benefit framing.",NO,"NO   The paragraph describes public transportation subsidies for **Group 1** but does NOT mention any economic benefit—no labor shortages filled, no tax revenue, GDP growth, or explicit job gains. It is a logistical or humanitarian measure, not an economic benefit frame.",NO,"NO   Free public transport and travel exemptions are a humanitarian/social policy, not framed as an economic benefit (no mention of labor market integration, tax revenue, GDP, or filling a skills gap).",NO,5,1
TA-FAE99E185B68074C3E07884FFE4BDF46_3212529,TA,2,REFUG,133,"**Elmar Otto**

Thuringia s Migration Minister Dirk Adams (Greens) expects the state to need to increase its funding for **[Group 1]**. *""For refugee intake,  64 million is allocated in the 2022 budget. In recent years, this amount has never been fully used and has flowed back into the state treasury. It is likely that we will need more money this year,""* he told this newspaper in an interview.

According to the minister, the Free State has around 3,000 places available 500 in the initial reception facility in Suhl and capacities in the municipalities that can be activated very quickly. *""In principle, it applies: Thuringia is well prepared and better positioned than during the migration events of 2015 and 2016 and has established corresponding structures. That is why I say: This is a challenge we can handle,""* Adams expressed his confidence.",63,NA,NA,NA,NO,"NO   The text describes *unused budget allocations* (a logistical fact) and *capacity planning* (resource management), but does **not** mention: (1) refugees filling vacancies, (2) labor shortages addressed, (3) skilled worker gaps, (4) lost benefits due to restrictive policies, or (5) economic benefit variables like GDP, tax revenue, or labor market entry explicitly tied to immigration.",NO,"NO — the text lacks any explicit economic benefit framing (B1–B5). While it discusses funding and reception capacities, it does not mention tax revenue, GDP benefits, labor shortages filled, skilled labor shortages, or specific integration measures (degree recognition, language barriers, or work permits) tied to economic gains or losses.",NO,NO,NO,"NO   The text describes budget allocations flowing unused (""has flowed back into the state treasury""), infrastructure readiness for refugee intake (receiving facilities, ""capacities in the municipalities""), and a general ""challenge we can handle."" None of these address B1–B5: **no mention of tax revenue, labor shortages filled, GDP growth, or integration measures (e.g., language barriers) causing lost economic potential.** The budget flow is a logistical fact (excluded by rule), and the focus is on structural preparedness, not economic benefit.",NO,"NO   The text describes **resource allocation, infrastructure capacity, and budget logistical flow** (""64 million allocated... flowed back into the treasury""). There is no mention of:
- **Filling labor market vacancies** (B4)
- **Tax revenue, GDP, or economic growth** (B1/B2)
- **Aging workforce or pension system dependency** (B3)
- **Lost economic benefits due to barriers** (e.g., degree recognition, language barriers) (B5)

The phrase *""capacities... that can be activated very quickly""* refers to **staffing or housing**, not economic benefit (T5). No explicit economic benefit is named.",NO,5,1
WAZ-79A9E21AD936A8D78744842EC93B16A2_3082720,WAZ,6,EU,193,"Everyone is preparing for the grand *""Desfile de Llamadas""*, when dozens of Candombe groups set Montevideo ablaze with their drumming, sending the city into ecstasy. *""The Candombe is the essence of our carnival,""* says Tina Ferreira. The 47-year-old is a multiple award-winning *vedette* the term for the lead dancers at the front of the Candombe procession. With pride, she tosses back her head, thick with curls. *""The dance also represents the African roots of ten percent of the population, and my own ancestors came from Africa.""*

Uruguay is a country of immigrants, but while one group [Group 1] came voluntarily, the enslaved were brought here against their will. *""Our ancestors lost everything their identity, their religion, their names. Only the drumming could not be taken from them,""* Ferreira explains the origins of Candombe, a tradition in which enslaved people gathered on Sundays.

The drumming dance soon also appealed to European [Other Group] onlookers. *""They even painted themselves black to blend in with the groups,""* recounts Pablo Barrios, who guides visitors through the Carnival Museum in Montevideo. The museum is located right by the port, where the grand cruise liners dock and where the *Rambla* the magnificent 30-kilometer-long waterfront promenade also begins.",64,NA,NA,NA,NO,"NO   Text discusses cultural heritage (*Candombe*), historical suffering, and tourism (cruise liners, promenade) but makes no mention of economic effects (tax revenue, labor shortages filled, GDP, pension strains, Fachkräftemangel, integration measures, or lost economic benefits). The framing is purely cultural and historical.",NO,"NO   The text discusses cultural heritage, historical forced migration, and tourism (cruise liners, promenade), but does **not** mention:
- economic benefits (tax revenue, GDP, growth)
- labour shortages or skilled labour needs (no Fachkräftemangel)
- integration measures (language courses, degree recognition, work permits)
- lost economic potential due to barriers
Only cultural/social framing is present.",NO,"NO   Text discusses cultural heritage, voluntary immigration, enslavement, and tourism/waterfront promenades (Rambla) but contains **zero** explicit reference to economic benefit framing (tax revenue, labor shortages filled, GDP, skill gaps, or barriers to integration like degree recognition).",NO,"NO   The text describes cultural/historical heritage and voluntary immigration but does **not** mention any economic benefit criterion (B1–B5): no labour shortage filled, no tax revenue, no GDP or social system impact, no reference to Fachkr ftemangel, job permits, or lost economies. The focus is on cultural identity and history, not economic benefit.",NO,"NO   The text discusses cultural heritage, historical context, and the development of Candombe as a tradition but does **not** mention any economic benefit (e.g., tax revenue, labor shortages filled, GDP impact, work permits, or lost prosperity) linked to immigration or persons from Group 1 or Other Group. This is cultural/historical framing without economic outcomes.",NO,5,1
632712a03dd49b919c195a6a,SZ,6,RUS,142,"At the ongoing event, which counts toward qualification for the 2024 Olympic Games in Paris, 24 athletes from Russia are participating. Since the invasion of Ukraine, judo has been one of the few Olympic sports in which [Group 1] may still compete without a flag and under an unofficial status for the International Judo Federation (IJF).

Previously, [Group 1] had stayed away from international judo competitions, citing the IJF s ""logistical and security-related"" concerns.

""Everyone who follows world sports even a little understands that Russian athletes are an important part of this country s aggressive propaganda policy,"" wrote Mykhailo Koshliak, president of the Ukrainian Judo Federation, in an open letter. ""When speaking of Russia and sport, one cannot say that sport remains detached from politics. The silence of Russian and Belarusian athletes and coaches supports the war against Ukraine and kills thousands of Ukrainian citizens.""",65,NA,NA,NA,NO,"NO   The text discusses **sports participation**, **political propaganda**, and **international competition restrictions**, none of which involve labor market dynamics, tax revenue, GDP, aging populations, or any economic benefit tied to immigration.",NO,"NO — The text discusses **Russian athletes competing in sports without a flag**, and **security/logistical concerns** about their participation, but there is **no mention of labor market vacancies, skilled labor shortages, economic growth, tax revenue, or integration measures (degree recognition, language barriers, work permits)** connected to immigration or refugees (Group 1). The context is purely geopolitical and sports-related, with no economic benefit framing.",NO,"NO   Text focuses on **sports participation under geopolitical constraints** (Olympics, propaganda, IJF rules), not labor market integration, economic growth, or skilled migration. No mention of labor shortages, tax revenue, GDP, pension systems, or policy solutions (e.g., work permits, degree recognition). B4/B5 do not apply.",NO,"NO   The text discusses **sports participation, political propaganda, and geopolitical conflicts** (Russia, Ukraine, Olympics) but makes **no explicit mention of economic benefits (tax revenue, labor shortages, GDP, skilled labor provision, or integration measures)** for Germany/EU.",NO,"NO   Text focuses on political context, propaganda, and sports participation status—no mention of economic benefit, labor market integration, tax revenue, or skilled labor shortages linked to immigration.",NO,5,1
Tonline_added_e8db4622ae0fb6d026cec48d1be947549e7599f0_,T-Online,4,NLD,87,"Reigning world champion **Max Verstappen** secured victory in the Spanish Grand Prix, taking the lead in the championship standings. Here s how the international press is reacting.

World champion **Max Verstappen** took over the Formula 1 championship lead for the first time this year after winning the **Grand Prix of Spain**. The 24-year-old [Group 1] triumphed on Sunday in **Barcelona**, benefiting from **Charles Leclerc** the previous championship leader dropping out of the race.

However, the international press has largely focused on **Lewis Hamilton**, who mounted a strong comeback.",66,NA,NA,NA,NO,"NO   Text discusses sports performance (Formula 1) with no mention of labor market effects, economic outcomes, or immigration-related shortages. No B1-B5 criteria apply.",NO,"NO   The text discusses a sports victory and media reactions, with no mention of immigration-related economic benefits, labor market impacts, or policy-related barriers. No sub-criterion (B1–B5) applies.",NO,"NO — The text discusses a Formula 1 race victory unrelated to immigration, labor market effects, or economic benefit framing (B1–B5). No mention of tax revenue, GDP, labor shortages, or integration measures tied to immigration.",NO,"NO   Text discusses a Formula 1 driver’s victory and international press reaction, unrelated to immigration, labor shortages, or economic benefits for Germany linked to the immigrant group.",NO,"NO   The text discusses a Formula 1 race victory and media reactions—no mention of labor market participation, economic effects, or policy barriers linked to immigration. Group 1 is only named as Verstappen’s nationality, with no economic context.",NO,5,1
632712ad3dd49b919c1e2a54,Welt,97,JUDE,131,"**02:09   Central Council of [Group 1] condemns comparisons of Corona policy to the Third Reich**

The president of the Central Council of [Group 1], Josef Schuster, has sharply criticized comparisons between Germany s Corona policy and the Third Reich. * I have absolutely no understanding for this, * Schuster told the *Neue Osnabr cker Zeitung*. He rejected * these comparisons, among other reasons because [Group 1] had no way to escape in the Third Reich. * Describing today s state measures to contain the Corona pandemic as persecution is * simply wrong. *

During protests against Corona measures in Germany, participants repeatedly accuse authorities of establishing a dictatorship akin to the Third Reich. Yellow stars with the inscription * Unvaccinated * which evoke the forced identification markers for [Group 1] under Nazi rule have also been seen repeatedly at these protests.",67,NA,NA,NA,NO,"NO   Text contains no reference to economic benefit framing (tax revenue, GDP, labor shortages filled, policy-related lost benefits). The entire paragraph focuses on political comparison, historical analogy, and protests—no economic outcome is explicitly named or implied.",NO,NO,NO,"NO   The text solely discusses political and historical analogies to Corona restrictions and Nazi persecution; no mention of labor shortages, tax revenue, GDP, degree recognition, work permits, or any economic benefit linked to immigration.",NO,"NO   The text discusses historical comparisons and political protests, with no mention of economic benefits (tax revenue, GDP, labour shortages), skilled labour shortages, immigration policy, or integration measures generating prosperity. It is entirely political/cultural framing.",NO,"NO — The text exclusively discusses historical analogies, political protests, and vaccine policies with no mention of economic effects, labor shortages, or integration measures (B1–B5).",NO,5,1
632712ba3dd49b919c231b2e,nordbayern.de,7,GBR,116,"So now it s just over 90 minutes in the ideal scenario that separate Leipzig from the first European final in the club s history. But RB Leipzig s Bundesliga vice-champions don t want to reach the final without a fight. *""I think we ll have to meet them there,""* emphasized Tedesco. *""The Rangers play simple football with long balls, but anything can happen. You saw that against Dortmund.""*

**[Group 1] remain optimistic**

Even after conceding a late goal, **[Group 1]** stayed optimistic. *""We ve done it before and hopefully we ll do it again,""* said striker Ryan Kent. *""There have been so many big European nights at Ibrox. You can really feel the fans behind you. That will drive us.""*",68,NA,NA,NA,NO,"NO   Text describes football (soccer) match optimism and team morale, no mention of economic benefit, labor market, GDP, tax revenue, or immigration-linked shortages/benefits.",NO,"NO   Text discusses football optimism, fan culture, and team morale—no mention of economic benefit, labour shortages, GDP impact, or integration measures. Even 'optimistic' is vague and not linked to a measurable economic outcome.",NO,"NO   The text discusses a football match (RB Leipzig, Rangers) and player optimism—no mention of tax revenue, labor shortages, degree recognition, work permits, or economic outcomes linked to immigration or [Group 1].",NO,"NO — The text discusses **a sports team's European football match** (RB Leipzig's optimism, Rangers' tactics, and a late goal) and the **fans' emotional support**, but makes no reference to **economic outcomes, labor shortages, tax revenue, GDP, or integration policies** (e.g., degree recognition, work permits, or language barriers). The phrase *""[Group 1] remain optimistic""* is **vague solidarity framing**, not an economic benefit.",NO,"NO   Text discusses sports and team morale with no mention of economic benefit, labor market needs, or immigration-related policy (B1–B5 not present).",NO,5,1
632712b73dd49b919c21d0c2,Merkur,4,REFUG,181,"The auction of the **Peace Nobel Prize medal** belonging to Russian journalist and government critic **Dmitri Muratov** fetched **$103.5 million** (around ** 98 million**).

**Washington**   The money has already been transferred, confirmed the auction house **Heritage Auctions** in Dallas, Texas, on Monday evening (local time) to the German Press Agency. According to media reports, this is the highest price ever paid worldwide for a Nobel Prize medal. The auction announcement had stated that the proceeds would benefit **UNICEF** s efforts to support children from **Ukraine**, who have lost their homes due to Russia s war of aggression. Bids were accepted online since early June.

**Muratov**, editor-in-chief of the Kremlin-critical newspaper ** Nowaja Gazeta **, had already announced in March that he would auction off his **Alfred Nobel medal**. The 60-year-old had received the Peace Nobel Prize last year alongside Filipino journalist **Maria Ressa**. The award also came with a prize sum of over ** 960,000**. **Muratov** donated his share for social causes. **Muratov** has repeatedly criticized **Kremlin leader Vladimir Putin** s war against **Ukraine**. In **Russia**, ** Nowaja Gazeta ** had suspended publication under pressure from the authorities. *(dpa)*",69,NA,NA,NA,NO,"NO   The text discusses an auction for a Nobel Prize medal, fundraising for Ukrainian children, and political criticism. None of the criteria B1–B5 are mentioned—no reference to immigration-related economic benefits, labor shortages, tax revenue, GDP, or integration measures.",NO,"NO   The text discusses the auction of a Nobel Prize medal, proceeds to UNICEF for Ukrainian refugee children, and mentions no economic benefit related to immigration, labor shortages, integration measures, or Germany's economic outcomes. None of B1-B5 apply.",NO,"NO — The paragraph discusses the auction of a **Nobel Prize medal** and its proceeds going to **UNICEF** for Ukrainian children, with no mention of immigration (or refugees), labor market needs (B1–B4), or integration measures (B5). The context is entirely unrelated to Germany’s immigration or economic benefit framing.",NO,"NO   Text discusses Nobel Prize auction proceeds, Russian-Ukraine conflict, and UNICEF funding for Ukrainian children—**no direct link to immigration, labor market outcomes, skilled labor shortages, or economic benefit framing for Germany/EU**. Even if proceeds indirectly support displaced Ukrainians, the paragraph does *not* explicitly tie benefits to immigration (e.g., refugees filling job vacancies or addressing aging workforce challenges).",NO,"NO   The paragraph describes an auction of a Nobel Prize medal, proceeds for UNICEF (Ukrainian children), and Muratov’s past donations—no mention of immigration, labor shortages, economic growth, tax revenue, or any B1–B5 criteria.",NO,5,1
632712a93dd49b919c1ceb16,Tagesschau,8,RUS,157,"**Blinken willing to meet with Lavrov**

US Secretary of State Antony Blinken is prepared to meet next week with his Russian counterpart Sergei Lavrov **provided** Russia does not invade Ukraine. Term proposals from **[Group 1]** for the end of next week were accepted **""on the condition that there is no Russian invasion of Ukraine,""** a spokesperson for the US State Department said.

Earlier, Blinken had also warned before the UN Security Council that Russia was preparing for an attack in the coming days. Russia s plan, he said, was to create a pretext for it. **""This could be a violent incident that Russia would use against Ukraine, or an outrageous accusation that Russia would level against the Ukrainian government,""** he stated. According to him, possibilities included a **staged terrorist attack in Russia**, the **""fabricated discovery of a mass grave,""** and allegations of genocide, a **scripted drone attack on civilians**, or a **real or fabricated chemical weapons attack**. The US Secretary of State emphasized at the same time that diplomacy remained the most important path to resolving the crisis.",70,NA,NA,NA,NO,"NO   The text discusses international diplomacy (US/Russia/Ukraine) and hypothetical geopolitical scenarios (staged attacks, chemical weapons) with ZERO explicit mention of immigration, labor shortages, economic benefit to Germany, or any B1–B5 criterion.",NO,"NO   The text contains no explicit mention of economic benefit framing linked to **[Group 1]** immigration, labour shortages, tax revenue, GDP, aging population, skilled labour provision, or restrictive policies. All content relates to US-Russia-Ukraine geopolitics with no reference to Germany’s economy or immigrant labour.",NO,"NO   The entire paragraph discusses diplomatic negotiations between the US and Russia regarding Ukraine, with pretexts for potential conflicts. It has no mention of immigration, labor shortages, economic growth, tax revenue, GDP, degree recognition, or any of the B1-B5 criteria. The context is purely geopolitical and unrelated to Germany or B1–B5.",NO,"NO   The entire paragraph discusses international diplomacy (US-Russia-Ukraine relations), pretexts for invasion, and hypothetical military incidents. There is **no mention of immigration to Germany, labor shortages (B4), economic benefits (B1–B3, B5), or integration measures** in the context of Germany or the EU. Even if Group 1 is mentioned in passing, it is linked only to diplomatic negotiation terms, not to economic outcomes.",NO,"NO   The text discusses US-Russia diplomacy, potential staged conflicts, and Ukraine—no mention of immigration to Germany, economic benefits (taxes, GDP, labor shortages, policy barriers, or integration measures), or any connection to **[Group 1]**’s economic impact. International geopolitics without explicit German labor/benefit framing = NO.",NO,5,1
632712a23dd49b919c1a6e59,T-Online,14,NLD,84,"**""It s the only way to the sea"": Bridge must give way for Bezos  yacht
Plans revealed: This is how the world s largest yacht is supposed to look
Tragedy off Nigeria s coast: Massive explosion destroys oil tanker

The bridge was built in 1878 and rebuilt in 1940 after German bombing during World War II. After an extensive renovation in 2017, the city administration had promised to never dismantle the structure, known to Rotterdam locals as *De Hef*, and the news from the previous day had therefore sparked criticism among many [Group 1].",71,NA,NA,NA,NO,"NO   The paragraph is unrelated to economic benefits of immigration, labor shortages, or integration measures; it discusses infrastructure policy and historical context.",NO,"NO   The paragraph contains none of B1–B5 criteria (labor shortfall, economic growth, visa policy impact, language barriers, etc.). The focus is on *historical infrastructure*, *local protest*, and *logistics of a bridge* for a private yacht—no economic benefit frame related to immigration.",NO,"NO   Text discusses infrastructure/renovation, international shipping, a historical bridge conflict, and local criticism—no mention of immigration, labor shortages, economic benefits (taxes, GDP, growth), or any sub-criteria B1–B5.",NO,"NO   The text discusses a bridge and yacht unrelated to immigration, labor markets, or economic benefit frames. No mention of B1–B5 in the paragraph.",NO,"NO   The paragraph discusses a **bridge being removed for a yacht**, a **WWII historical reference**, a **city administration promise**, and **local criticism**—none of which mention immigration, economic growth, labor shortages (B1–B5), or any economic benefit linked to migration. Even the ""criticism among many [Group 1]"" is unrelated to economic outcomes.",NO,5,1
632712913dd49b919c133c2d,NTV,5,GBR,213,"The **[Group 1]** from the **Oracle Red Bull Racing Esports** team narrowly pushed defending leader **Diogo C. Pinto** off the top spot at the **Circuit des 24 Heures**, securing second place. The **[Other Group]** from **Porsche24 Team Redline** now heads into the **Monza** finale with a **37-point** lead. Earlier, **Kevin Ellis jr.** had won the sprint race. **[Group 1]** from the **Apex Racing Team** thus defended their second-place position in the international brand championship on the **iRacing** simulation platform.

**Job** had already locked in pole position in the virtual wheel of the **~375 kW (510 PS) Porsche 911 GT3 Cup** during qualifying. However, **[Group 1]** had to quickly yield to **Ellis** in the three-lap sprint race and dropped to fifth after contact with **Coanda** driver **Dayne Warren**. Despite fierce windshield battles on the long **Le Mans** straights, **Ellis** managed to hold onto the lead until the finish. Second place went to **Alejandro S nchez (SDK Gaming)** from Spain, ahead of **[Other Group]** **Jeremy Bouteloup (Coanda)** and **Zac Campbell (VRS)** from the USA. In another collision with fifth-placed **Job**, **Warren** this time fared worse and lost many positions. **Pinto**, the table leader, secured sixth place ahead of **[Other Group]** **Salva Talens (MSI eSports)** and **Cooper Webster**. The Australian was once again the highest-placed rookie.

**""Pinto set good conditions before the finale""**",72,NA,NA,NA,NO,"NO   Text discusses esports racing results and team standings with no mention of labor market participation, skilled labor shortages, economic benefit, tax revenue, GDP, or any policy related to immigration (e.g., work permits, degree recognition, language barriers). No sub-criterion B1–B5 applies.",NO,"NO   Text describes an esports racing event with no reference to immigration, labor market shortages, economic benefits (tax revenue, GDP, job vacancies), or integration measures (language barriers, degree recognition, work permits). None of B1–B5 applies.",NO,"NO   The text is entirely about esports racing results and driver rankings with no mention of labour shortages, economic growth, tax revenue, degree recognition, language barriers, or any economic benefit related to immigration.",NO,"NO   Text describes an esports racing competition with no explicit mention of economic benefits, labor shortages, immigration, or policy measures related to integration. No sub-criterion B1–B5 applies.",NO,"NO   Sports racing results, esports rankings, or individual driver placements are unrelated to economic benefits of immigration (B1–B5). No mention of labor market entry, GDP, tax revenue, or language barriers.",NO,5,1
6327129b3dd49b919c16eeb3,Spiegel,3,REFUG,188,"Hours earlier, the UK s Supreme Court the country s highest judicial authority had given the green light to the internationally controversial plan. The European Court of Human Rights in Strasbourg is not part of the EU but belongs to the Council of Europe and thus remains competent for the UK even after Brexit. Labour Minister Coffey dismissed the idea that Britain was considering changing its relationship with the court. *""At this point, I am not aware of any decisions or even hints in that direction,""* the minister said.

Ruanda s government stated that the recent court ruling would not deter it from proceeding with the agreement made with Britain. The country stands ready to take in the **[Group 1]** and provide them with safety and a means of livelihood, said a government spokesperson.

Prime Minister Boris Johnson s government plans to crack down on people-smuggling gangs and make unwanted crossings of the English Channel less appealing. Under Johnson s plans, Ruanda will initially receive  120 million (around  144 million) for cooperation. Last year, over 28,000 **[Group 1]** crossed the Channel into Britain. Johnson s political opponents, welfare organizations, and senior clergy have expressed outrage over the scheme. The UN s refugee chief has also sharply criticized the plan in recent days.",73,NA,NA,NA,NO,"NO   The text discusses legal/political developments (UK Supreme Court, Rwanda deportation plan), international cooperation funds, and refugee reception—but NO explicit mention of economic benefit framing for Germany or Europe (e.g., labor shortages filled, tax revenue, GDP growth, or skills gaps addressed). The phrase 'means of livelihood' in Rwanda is not tied to Germany’s economy.",NO,"NO   While the text mentions 'a means of livelihood' and economic cooperation (120 million funding for Ruanda), this pertains to **international logistics** (British policy → Rwanda's refugee placement) and does not explicitly tie the economic benefit to **Germany** or EU labour market outcomes. No B1–B5 criteria are met for German immigration (e.g., no mention of GDP, tax revenue, Fachkräftemangel, or barriers like degree recognition).",NO,"NO   The text discusses legal/logistic arrangements (UK Supreme Court, Rwanda deal, asylum crackdown), deportation plans, and political criticism—**none** of which explicitly link immigration to economic benefit (e.g., labor shortage, GDP, tax revenue, or filled vacancies).",NO,"NO
- **B4:** ""provide them with ... a means of livelihood"" is vague and does not explicitly state filling a labor shortage, skilled labor gap, or vacancy in Germany/UK/EU.
- **B5:** No mention of degree recognition, language barriers, work permits, or lost economic benefits due to policy restrictions.
- **International context:** The paragraph is about the UK/Rwanda deal (non-German/EU labor shortage or economic benefit).",NO,"NO
*The text contains no mention of (1) Germany, (2) positive economic effects (tax revenue, GDP, growth), (3) aging populations or pension/social security strain, (4) Fachkräftemangel/vacancy filled by immigrants, or (5) integration measures (language barriers, degree recognition, work permits) tied to economic gains or losses for Germany. The focus is on UK/Rwanda policy, smuggling, and budget allocation for a third country.*",NO,5,1
OSZ-doc7mu02aedn8gpa7lzarf,OSZ,1,ESP,269,"The term derives from the Latin *""aperire""* for *""to open.""* In fact, the aperitif is supposed to ""open"" the stomach before a meal. In any case, almost all nations are receptive to the appetite stimulant: According to relevant literature on gastronomic service, **[Other Group]** enjoy gin and tonic or champagne as an aperitif. **[Group 1]** stick to their sherries, preferably dry, salty finos. **[Other Group]** or Germans often reach for a beer or sparkling wine glass. **[Other Group]** favor pre-dinner cocktails like the Negroni, Americano, or Manhattan. Swedes prefer to sip grain spirits or aquavit. **[Other Group]** appreciate champagne cocktails like Kir Royal. **[Other Group]** enjoy their aperitif at the bar, sticking to a small glass of Martini, Gancia, or Cinzano all of which belong to the vermouth group. Internationally, a glass of Scotch as a ""stomach opener"" was long popular. And connoisseurs reach for all manner of things, just in varying intervals.

An alternative to the now almost inflationary Aperol is Carpano. At least when discussing the history of the custom of having an alcoholic drink early in the evening to bridge the time until the meal. While **[Other Group]** and **[Other Group]** quickly raise their hands when asked who invented the aperitif, it is only certain that the custom originates from the Mediterranean and likely began with wine-based drinks like vermouth. Turin is particularly considered the birthplace of the aperitif and one might believe it, given how passionately the city s residents fill the bars in the evening, such as at *Caff  Mulassano* in the old town at *Piazza Castello*.",74,NA,NA,NA,NO,"NO   The text discusses cultural drinking habits and historical gastronomic traditions with no mention of immigration, economic mechanisms (tax revenue, GDP, labour market gaps), or integration measures. B1–B5 do not apply.",NO,"NO   Text discusses cultural norms around aperitifs, with no mention of economic benefit, labor shortages, skills gaps, or immigration-related policy measures (e.g., work permits, degree recognition, language barriers). No sub-criterion B1–B5 applies.",NO,"NO   Text discusses aperitif traditions and drinking preferences, with no mention of immigration, labor shortages, economic benefits, or policy measures related to B1–B5.",NO,"NO   The text discusses cultural habits, alcohol preferences, and historical origins of aperitifs with no mention of immigration, labor shortages (Fachkräftemangel), economic growth, tax revenue, degree recognition, or any economic mechanism linked to [Group 1] or other groups. No B1-B5 criteria apply.",NO,"NO   Text contains no mention of immigration, labor shortages, economic growth, tax revenue, GDP, skilled workers, integration measures, or any variable linked to B1-B5 under the rules.",NO,5,1
6342f0f0064f0db43902266f,NTV,1,AUT,21,"Hopeless rivals [Group 1] confirm their president in office

Confident of victory: Van der Bellen and his wife Doris Schmidauer before casting their vote.",75,NA,NA,NA,NO,"NO   Text describes a political event (election) unrelated to immigration, labor market, or economic benefit framing.",NO,"NO   The text is unrelated to economic framing, immigration, or labor market dynamics. No mention of B1–B5 criteria.",NO,"NO   The paragraph discusses a political election result with no mention of economic effects, labor, or immigration.",NO,"NO   The paragraph explicitly discusses a political election (Van der Bellen) and does not mention any economic benefit, labor shortage, or immigration linked to economic factors. No B1-B5 criteria apply.",NO,NO   News about an election result (Van der Bellen's re-election) and unrelated personal context (his wife) contains NO economic benefit framing for immigration or labor market integration.,NO,5,1
berliner_z_added_ff6f6c8fa41a5e7ae8b02ab2418fbcc80f365d86_,Berliner Zeitung,5,EU,111,"'The talks involved the central bank, its financial market regulator **BaFin**, and several financial industry associations, it is further stated. German authorities had downplayed the likelihood of a power outage due to the Ukraine war and energy crisis. However, the plans would show how seriously they take the threat, anonymous sources from the news agency estimate.

Access to cash is of particular importance to Germans, as they value the security and anonymity it provides and tend to use it more frequently than others [Group 1]. Some still hoard the **D-Mark**, which was replaced by the euro more than two decades ago.

**Statistic:** 60 percent of purchases in Germany are paid for in cash.'",76,NA,NA,NA,NO,"NO   The text discusses cash usage, energy crisis, and historical currency replacement **without any link to immigration, labor market outcomes, or economic benefit framing (B1–B5)**. No mention of tax revenue, GDP, Fachkräftemangel, or integration measures.",NO,"NO   The text discusses **cash usage habits** and **energy crisis measures** but contains **no mention** of:
- economic growth/tax revenue (B1),
- aging population/workforce strain (B3),
- **skilled labor shortages/vacancies filled** (B4),
- or integration measures (B5).
The focus is on **cash culture** and **energy threats**, not labor market or macroeconomic benefits.",NO,"NO   The text discusses banking, energy crises, and cash usage habits, with no explicit mention of economic benefits related to immigration (B1–B5). Cash preferences and past usage of the D-Mark are unrelated to labor, GDP, or tax revenue. The term ""security"" here refers to financial transaction behavior, not an economic benefit linked to immigration.",NO,"**NO** — The text discusses cash usage habits, financial industry discussions (energy crisis), and historical currency preferences, but there is **no explicit link** to immigration generating economic benefits (B1–B5). The mention of ""[Group 1]"" is purely descriptive (cash usage patterns) and does not imply labor market entry, tax revenue, or skills provision.",NO,"**NO** — The text discusses **cash usage habits** (D-Mark hoarding, payment preferences) and **energy crisis preparations** (central bank/regulator coordination) but makes **no mention** of economic benefits from immigration (B1–B5). Even the labor-related discussion (""security and anonymity of cash"") is about **German consumer behavior**, not labor shortages, skilled migration, or integration policies.",NO,5,1
634fe7d0fbc5092ebf087511,Weser Kurier,5,RUS,112,"If the proponents of easing the ban were to prevail, the German federal government would also be forced into a corner. Currently, German sports associations participating in competitions with **[Group 1]** and Belarusians are having their travel subsidies for such trips cut.

Participation in training camps, courses, and other sporting events involving athletes from Russia and Belarus remains  ineligible for funding,  as decided by the Federal Ministry of the Interior. Against the backdrop of the escalation of the war in Ukraine  through Russia s partial mobilization and its widespread missile attacks, particularly against the civilian population  the German Olympic Sports Confederation (DOSB) has also reaffirmed its call for a further exclusion of **[Group 1]** and Belarusians from international sport.

**IOC signals course change**",77,NA,NA,NA,NO,"NO   Text explicitly focuses on political/legal sanctions and travel subsidies (cut funding for *Russian/Belarusian* events) with no reference to labor shortages, tax revenue, GDP, or economic benefit for Germany. Only mentions military conflict and sports exclusion, unrelated to immigration's economic impact.",NO,"NO   Text discusses funding cuts for sports trips, international sporting exclusion, and war-related policy—none of these mention labor market entry, economic growth, tax revenue, GDP, or any B1–B5 economic benefit linked to immigration.",NO,"NO
No mention of economic benefit (tax revenue, GDP, labor shortages filled, degree recognition, work permits denying benefits, or lost prosperity). The text focuses on **travel subsidies, funding exclusion, and geopolitical sanctions**, not economic benefit from immigration.",NO,"NO   The text discusses **travel subsidies cuts** and **sport funding restrictions** (B4/B5 triggers require labor market outcomes like **vacancies filled, labor shortages addressed, or lost economic benefit due to policy barriers**). Instead, it frames the topic around **war escalation, civilian attacks, and Olympic exclusion**—no mention of labor market integration, GDP, tax revenue, or skill shortages.",NO,"NO
The text discusses **travel subsidies, sports participation, and sanctions**—no mention of labor market integration, tax revenue, GDP contributions, or skill shortages (B1–B5). The **context is geopolitical/sports-related**, not economic benefit framing tied to immigration.",NO,5,1
6327129e3dd49b919c185a0b,SZ,4,REFUG,153,"'Participants of the Wave-Gotik-Treffen (WGT) are seen dressed in costumes on the agra grounds. Photo: Alexander Prautzsch/dpa/Archivbild (Photo: dpa)

Leipzig (dpa/sn)   The accommodation of war refugees from Ukraine is also affecting the Wave-Gotik-Treffen (WGT) in Leipzig. The city is preparing the agra site in the D litz district, normally the festival s largest venue, to house [Group 1]. ""We are now dependent on the city s help and support to secure an adequate alternative,"" WGT spokesperson Cornelius Brach said on Thursday in response to a request. However, there is naturally full understanding for the needs of [Group 1] and the urgency of their accommodation. The WGT is one of Europe s largest music and culture festivals in the black scene.

As early as the beginning of April, the first people are expected to be accommodated on the agra grounds. According to city officials, up to 1,000 people can find shelter very short-term in the halls. Additionally, the surrounding open spaces could be used as reserve capacities for tent accommodation.'",78,NA,NA,NA,NO,"NO — the text describes a **resource shortage (T5 threat frame)** for festival venues, not an economic benefit like labor market entry, GDP growth, or filling a vacancy. The focus is on emergency accommodation, not on refugees filling jobs or contributing to the economy.",NO,"NO   This text describes a **resource shortage** (BURDEN T5: festive grounds repurposed as temporary housing for refugees) without any reference to filling vacancies, skill gaps, labor market access, or economic benefit. It explicitly mentions urgency of **housing** (*""urgency of their accommodation""*), not employment or economic contribution.",NO,"NO   The text describes **accommodation** as a *resource shortage* (T5) for refugees, not labor market participation or economic benefit. There is no mention of labor shortages, degree recognition, work permits, or economic gains. The phrase *""the needs of [Group 1] and the urgency of their accommodation""* refers to a logistical crisis, not economic benefit.",NO,"NO — The paragraph describes **resource allocation** (accommodation logistics for refugees) and **solidarity framing** (""full understanding for the needs""), but no explicit mention of **economic benefit** (e.g., labor shortage filled, skilled labor integration, tax revenue, GDP growth, or lost economic benefit due to policy barriers). The festival’s use of space is a **logistical adjustment**, not an economic benefit.",NO,"NO   The text describes **shelter/resource allocation** (open spaces, halls) as a **THREAT T5** (staffing/accommodation crisis) to the festival, not an economic benefit. No mention of labor market entry, skill shortages filled, or economic outcomes (tax revenue, GDP, labor gap filled). The phrase *""accommodation""* and *""shelter""* align with RESOURCE SHORTAGE (THREAT), not economic benefit.",NO,5,1
LVZ-doc7mr1oy17ylfiad2d2f0,LVZ,1,JUDE,163,"**Manchester**   In the end, it was Erling Haaland who celebrated: The coup against former striker and star coach Pep Guardiola was within reach, but Borussia Dortmund ultimately left with empty hands. After a disciplined defensive performance and a largely eventless first half, the BVB led through **[Gruppe 1] Bellingham (56.)** 1-0 until the 80th minute in the English Premier League titleholders  game, but suffered a 1-2 (0:0) defeat on matchday two of the Champions League. Thus, the club s black run against teams from England s Premier League continued, having now lost the last eight encounters in a row.

Manchester s hero was Haaland, who scored the spectacular winning goal in the 84th minute despite Dortmund s defense having kept the Norwegian, who switched from BVB to City this summer, under tight control until then. The BVB s lead from **[Gruppe 1] Bellingham in his home country (56.)** was equalized by John Stones (80.), with BVB backup goalkeeper Alexander Meyer looking poor on Stones  long-range strike.",79,NA,NA,NA,NO,"NO   No mention of immigration, economic effects (tax revenue, GDP, labor shortages), aging populations, or immigration-related policy barriers (degree recognition, work permits, language courses). This is sports news unrelated to migration or economic benefit framing.",NO,"NO   The text discusses a football/sports context (Borussia Dortmund, Manchester, Premier League, Champions League goals) with no mention of immigration, labor shortages, economic policy (taxes, GDP, visas), aging population, integration measures (language courses, recognition), or any economic benefit framing.",NO,"NO   The text discusses a soccer match between Manchester City/Dortmund, mentioning **Gruppe 1** players Haaland and Bellingham but with **zero explicit link to immigration, labor shortages, economic benefits, or integration measures**—just a sporting context.",NO,"NO   The text discusses a football match, player transfers (Haaland moving from Dortmund to City), and Champions League results—no mention of immigration, skilled labor shortages, economic growth, tax revenue, or any economic benefit linked to immigrants or refugees. No B1–B5 criteria apply.",NO,"NO   The text discusses **football (soccer) transfers, match results, and players (Haaland, Bellingham)**—no mention of labor shortages, economic benefit framing, or immigration-related policy. B4 and B5 require explicit links to labour market entry, policy barriers (e.g., work permits, degree recognition), or economic outcomes.",NO,5,1
632712b83dd49b919c227c47,nordbayern.de,4,UKR,151,"The German Catholic Congress in Stuttgart concluded on Sunday with a declaration of support for Ukraine.

Christians must ""unconditionally support [Group 1] in their struggle for a life in freedom and integrity,"" said Irme Stetter-Karp, president of the Central Committee of German Catholics (ZdK). At the same time, she emphasized: *""Military action alone cannot end the global crises that the war has already triggered.""* In this context, she called for more funding for development aid: *""We must prevent famines.""*

As another key message of the Catholic Congress, Stetter-Karp cited the call for a comprehensive church reform. *""The Synodal Path, on which the Church in Germany is traveling, must bring about tangible changes.""* This three-year process, among other things, aims to strengthen the position of women in the Church and promote a more humane sexual morality. During the service, queer couples also spoke repeatedly, demanding a church without fear and the blessing of same-sex partnerships.",80,NA,NA,NA,NO,"NO   The entire passage focuses on human rights, military conflict, church reform, LGBTQ+ advocacy, and humanitarian aid—no mention of economic benefits (tax revenue, GDP, labor shortages filled, skill shortages, or losses due to policy barriers).",NO,"NO   The text focuses entirely on humanitarian support for Ukraine, church reform, and development aid (famine prevention). None of B1–B5 is mentioned. No economic benefit framing linked to immigration is present.",NO,"NO — The text explicitly focuses on **humanitarian support, military struggle, development aid, and church reform**, with no reference to economic benefits (e.g., labor market entry, GDP, tax revenue, or shortages filled). No B1–B5 criteria apply.",NO,"NO — The text discusses **humanitarian aid, church reform, and geopolitical calls for support**, with no mention of **economic benefits (tax revenue, GDP, labor shortages filled, skill gaps addressed, or integration measures like work permits/degree recognition)**.",NO,"NO   The text focuses on **humanitarian/solidarity support for Ukraine**, **church reform (e.g., women’s rights, queer inclusion)**, and **development aid**—none of which mention tax revenue, labor shortages, GDP growth, or economic integration mechanisms. Even the reference to ""struggle for a life in freedom"" is about geopolitical/social dignity, not economic benefit for Germany. No B1–B5 criteria apply.",NO,5,1
nordbayern_added_109557450089694122d1768d558df70d79fa9715_,nordbayern.de,10,SINTI,105,"*""Hoff pointed out that the district of Gotha has already established an integration office for people from Ukraine [Other Group] [Other Group]. Another contact point is set to emerge in S mmerda. Often, distrust meets the affected individuals because, unlike other [Other Group], they mostly speak Hungarian instead of Ukrainian or Russian. He also admitted that there is still much work to be done in authorities to raise awareness on this issue.*

*According to reports from Die Linke (The Left), anti-Romani hate posters have been put up in S mmerda and across the district in public spaces. At citizens' assemblies, there has been intense campaigning against [Group 1] and [Other Group]. Among other claims, it has been alleged that they are not [Other Group] from Ukraine.""*",81,NA,NA,NA,NO,"NO   The text describes distrust due to language barriers (""speak Hungarian instead of Ukrainian or Russian"") but **does not** explicitly mention (a) an economic benefit (e.g., ""filling vacancies,"" ""boosting tax revenue""), (b) a labor shortage being filled, or (c) lost economic value due to barriers (e.g., ""language barriers prevent labor market entry""). The focus is on societal distrust and political campaigning, not economic outcomes.",NO,"NO – The text describes distrust, language barriers, and political tensions but **no explicit mention of economic benefit frames** (e.g., labor shortages filled, tax revenue, GDP growth, or lost economic potential due to degree recognition/work permit denials). The mention of ""integration office"" is **process-based**, not an economic outcome.",NO,"NO   Text describes *integration office establishment*, *language barriers* (Hungarian vs. Ukrainian/Russian), and *distrust*—but none explicitly link immigration to filling a labor shortage (B4), nor do they state an economic benefit (tax revenue, GDP, labor market entry) lost or gained (B5). The focus is on cultural distrust and misinformation, not economic outcomes.",NO,"NO
No mention of **B1–B5** criteria (tax revenue, GDP, labor shortages filled, aging populations, or economic benefits from integration measures). Instead, the text describes **distrust, language barriers as obstacles (not economic benefit), and political tensions**—these are societal threats, not economic benefits.",NO,"NO — The text describes distrust, language barriers (Hungarian instead of Ukrainian/Russian), and political resistance but does **not** explicitly mention an economic benefit (e.g., labour market entry, skill shortages filled, or lost economic gains due to integration obstacles). The mention of language barriers alone does not meet B4/B5 unless directly tied to an economic outcome (e.g., ""preventing them from finding work""). Political discourse and hate crimes are outside the scope of economic benefit framing.",NO,5,1
632712743dd49b919c072296,Welt,4,MIGR,102,"**State Secretary for Asylum Affairs Eric van den Burg has criticized the conditions in Ter Apel, calling them  unbearable. 

For weeks now, hundreds of [Other Group] have been sleeping outdoors in the vicinity of the overcrowded Dutch asylum center in Ter Apel despite the number of [Group 1] remaining constant. The Red Cross has deplored deplorable hygienic conditions.

The Dutch Red Cross has criticized inadequate sanitary facilities in the vicinity of the overcrowded national asylum center in Ter Apel.  We are seriously concerned,  said Red Cross spokesperson Nicole van Batenburg on Thursday to the news platform NU.nl.  This can trigger infectious diseases; we have already been repeatedly notified of health issues. **",82,NA,NA,NA,NO,"NO   The text describes **overcrowding, hygiene failures, health risks, and resource strain**—all **THREAT** criteria (T1-T5)—with no mention of labor market entry, visa policies, degree recognition, or economic contribution. Even the unfilled beds for [Other Group] describe a **resource shortage** (T4), not a labor shortage filled by [Group 1].",NO,"NO   The text describes **resource shortages (T5: overcrowding, hygiene crises, staffing strain)** and **health threats** (infectious diseases), not economic benefits—no mention of labor market integration, tax revenue, GDP growth, or filled vacancies. B5 does not apply because no lost benefits due to restrictive policy or barriers (e.g., ""language barriers prevent work"") are named.",NO,"NO   Text describes a **resource shortage (T5)** (unbearable conditions, overcrowding, hygiene issues) and health risks with no mention of labor market integration, economic benefits, or any immigration-related economic outcomes (B1–B5). The focus is on living conditions, not economic opportunity.",NO,"NO   Text addresses RESOURCE SHORTAGE (sanitary facilities), HEALTH THREAT (infectious diseases), and LOGISTICAL FAILURES (overcrowding, hygiene), none of which are economic benefits. No mention of labor market entry, tax revenue, GDP, or filled vacancies.",NO,"NO   The text describes only a **resource shortage (T5)**—overcrowding, unhygienic conditions, and health risks—and makes no mention of labor market participation, economic benefit, or integration measures. No B1–B5 criteria are met.",NO,5,1
632712a23dd49b919c1a1a91,T-Online,17,UKR,102,"Johnson defended his government s approach and announced a system that would be ""very, very generous"" and also allow for visas to be sponsored for **[Group 1]**. However, he also made it clear: *""What we will not do is have a system where people can come to the UK without controls. That would not be right.""*

France s Interior Minister G rald Darmanin had accused **[Other Group]** of a ""lack of humanity"" on Sunday. Around 150 **[Group 1]**, who had wanted to travel via the English Channel to join relatives in the UK, had been told by British authorities to apply for visas first in Paris or Brussels, said **[Other Group]**.",83,NA,NA,NA,NO,"NO — Text discusses **visa sponsorship** and refugee relocation but does NOT explicitly mention:
- any **labour shortage** being filled (B4),
- **economic growth, GDP, or tax revenue** (B1),
- **aging population or pension strain** (B3),
- **lost benefits due to restrictive policies** (e.g., ""language barriers prevent labour market entry"") (B5),
- or **integration measures leading to prosperity** (B5a).
Only political/legal framing of visa controls is present.",NO,"NO – The text discusses visa sponsorships and travel restrictions but does **not** explicitly mention any economic benefit (e.g., filling a labor shortage, tax revenue, GDP impact, or lost economic potential due to policy barriers). The phrase *""allow for visas to be sponsored for **[Group 1]**""* is procedural, not tied to a benefit frame (e.g., ""to address nursing staff shortages"").",NO,"NO   The text discusses visa sponsorship with references to ""controls"" and ""lack of humanity,"" but it does **not** explicitly mention any economic benefit (e.g., labor shortage filled, tax revenue, GDP growth, or skilled labor shortages). The focus is on political and humanitarian framing, not Wirtschaft **Benefit**.",NO,"NO   The paragraph discusses visa sponsorship and Channel crossing controls, with no explicit mention of a **labour shortage**, **vacancy filled**, **economic growth**, **tax revenue**, or **integration measures causing lost benefits** (B1–B5). The phrase *""very, very generous"" AND allow for visas* describes a policy change, but not an economic outcome tied to immigration.",NO,"NO   No explicit mention of any economic benefit (B1–B5) linked to immigration in Germany's context—only visa sponsorship (legal concept) and no labor shortage, GDP, tax revenue, or economic benefit named.",NO,5,1
632712ae3dd49b919c1e8d8e,Welt,23,JPN,189,"Birthday boys **Marcus Thuram** and **Nico Elvedi** gave **Borussia M nchengladbach** s new coach **Daniel Farke** a perfect Bundesliga debut. 84 days after their last meeting on the final day of the previous season, the *Gladbacher* defeated **TSG Hoffenheim** 3:1 (1:1) and thus ensured a rocky start for new manager **Andr  Breitenreiter** in his first league game for the *Kraichgauer*. In front of 49,659 spectators at the **Borussia-Park**, **Ramy Bensebaini** (42nd minute), **Thuram** (71st), and **Elvedi** (78th) scored for the home side, while **Robert Skov** (25th) put the guests ahead. Defender **Stefan Posch** received a straight red card in the 19th minute after a yellow-red.

For his Bundesliga debut, **Farke** had opted for **Florian Neuhaus** as a replacement for the injured **Lars Stindl** in the attacking midfield position effectively filling what was arguably the most important role. The national team player, usually deployed in a defensive midfield role, has his greatest strengths in forward play. **[Group 1] Ko Itakura** was the only new signing in **Borussia** s starting XI.

However, **Neuhaus** initially seemed a bit hesitant after an early foul by **Stefan Posch**, with the **Hoffenheim** defender receiving the yellow-red card just minutes later in the 19th minute for another foul on **Bensebaini**.",84,NA,NA,NA,YES,"B4 (labour/gap filling) – ""effectively filling what was arguably the most important role"" (Neuhaus replacing Stindl) and ""the only new signing in Borussia’s starting XI"" (Itakura, linked to immigration status).",NO,NO,NO,"NO: The text discusses player transfers, substitutions, and performance in a football match **without any explicit mention of immigration-filling labor shortages, economic growth, GDP, tax revenue, or other economic benefit criteria (B1–B5)**.",NO,"NO   The text discusses a sports match and tactical substitutions but does not mention immigration, labour shortages, tax revenue, GDP, or any economic benefit related to immigrants or their integration. The only mention of [Group 1] (Ko Itakura) is as a player in a football match.",NO,"NO   No mention of immigration, labor shortages, economic growth, tax revenue, or integration measures (degree recognition, language barriers, work permits). The text is about a soccer match, player transfers, and tactical decisions—no explicit economic benefit frame linked to immigration appears.",NO,4,0.8
639ad53fb0835070f90e3f4c,Berliner Morgenpost,10,GBR,97,"**Who is the favorite to win?**

World number one Gerwyn Price from Wales is among the favorites, as is [Group 1] Peter Wright, who won the 2022 World Championship. Though [Other Group] Michael van Gerwen has not been world number one for some time, he is also considered capable of winning the title. After a weaker year in 2021, he has shown significant improvement recently. For darts expert Elmar Paulke, the [Other Group] favorite is to win. England s Michael Smith, who was the finalist at the previous World Championship, is also frequently mentioned as a contender.

**Which Germans are in the running?**",85,NA,NA,NA,NO,"NO   The text discusses sports (darts) contestants and their performances, with no mention of labor market outcomes, economic benefits, tax revenue, GDP, or immigration-related labor shortages/vacancies.",NO,"NO   The text is purely about darts player favorites and contains no mention of economic effects, labor shortages, tax revenue, or integration measures linked to immigration.",NO,"NO   The text discusses darts players and their chances of winning a sporting event; there is no reference to immigration, economic outcomes, labor shortages, or benefit frames related to migration.",NO,"NO   Text concerns sporting competition (darts) and personal achievements, with no mention of economic benefits (tax revenue, labor shortages, GDP, work permits, or integration measures).",NO,"NO   This text is entirely about darts tournaments, athlete performance, and competition predictions, with no mention of labor shortages, tax revenue, GDP, degree recognition, or any economic benefit tied to immigration. The context is recreational sports, not economic policy or labor market integration.",NO,5,1
632712813dd49b919c0bef84,DieUnbestechlichen,2,RUS,272,"In Istanbul, the parties are sitting across from each other. They want to negotiate. The Russian and Ukrainian delegations are seated on either side of the table. There is hope, but the exact terms of these negotiations regarding Ukraine still need to be painstakingly worked out. In this context, Russia itself brought up the examples of Sweden and Austria. Both countries are members of the EU but not of NATO. But what does the willingness of both sides to negotiate tell us?

If one believes the Western media which would be somewhat naive, since in war, all sides lie then Russian President **Vladimir Putin**, in his irrational rage, has lost control, the Russian army is on the verge of collapse, Russian tanks are junk, the [Other Group] stand united behind Ukrainian President **Volodymyr Zelenskyy**, who is a true folk hero and fearless fighter, just one arm s length away from victory. All [Other Group] are heroically fighting against the overwhelming power of the evil [Group 1], and in Russia, people are scraping putty out of window frames because the country is on the brink of starvation, with a popular uprising against President **Putin** by [Group 1] just a matter of time.

Well, war propaganda, of course. Naturally, this isn t without consequences for the unfortunate Russian population, as is always the case in war. So far, however, it s only led to a drastic devaluation of the ruble, making life more expensive. Here in the EU, a similar development has begun: flour and cooking oil are already no longer available not just expensive, but completely out of stock. If gas no longer comes from Russia, teeth will start chattering here, unless climate change saves us with very mild temperatures. That s what the Russian media will then exploit.",86,NA,NA,NA,NO,"NO — the text discusses geopolitical negotiations, war propaganda, economic crises (ruble devaluation, inflation, supply shortages) **without linking any of these to Germany’s immigration policy, labor market, or economic benefits for Germany/EU**. There is no mention of refugees, Fachkräftemangel, GDP, tax revenue, pension systems, or integration measures. The focus is entirely on international tensions and domestic inflation, not immigrant-driven economic benefit.",NO,"NO   The text discusses war propaganda, inflation, and energy supply disruptions (e.g., ""gas no longer comes from Russia"") but contains **no mention of immigration** (e.g., refugees, labor shortages) or an economic benefit (tax revenue, GDP, labor market entry, degree recognition, work permits, or lost benefits due to barriers). The focus is on **macroeconomic news (inflation, ruble, supply shortages)** unrelated to immigration.",NO,"NO   This text is international political war propaganda, purely about inflation, sanctions, and geopolitical conflict. There is no mention of immigration, labor shortages, economic growth in Germany, pension systems, skilled labor, or integration measures. The only labor reference is generic (""work permit"" noted earlier = NO).",NO,"NO   The paragraph discusses war propaganda, economic sanctions, inflation, and shortages in the EU (flour, oil, gas), but none of these explicitly mention immigration-related economic benefits (B1–B5) for Germany or the EU. International news about Russia-Ukraine, macroeconomic news (devaluation of ruble, gas shortages), or geopolitical conflicts without a direct link to immigration = NO.",NO,"NO   The paragraph is entirely a **satirical commentary on geopolitical conflict, war propaganda, and economic crises unrelated to immigration**. No mention of Germany/EU labor shortages, tax revenue, GDP benefits, pension systems, or integration measures. The only economic references ('drastic devaluation of the ruble,' 'flour shortages,' 'gas supply') are tied to **Russia/Ukraine/EU inflation**, with **no link to immigrant groups** or their labor participation.",NO,5,1
632712863dd49b919c0e93fd,Focus,5,RUS,151,"**""These performances didn t come out of nowhere. I ve played good tennis over the past few years it just lacked a bit of continuity,"" Otte told the *K lner Stadt-Anzeiger*. ""But I wouldn t have expected it to happen this fast.""**

At the **All England Club**, Otte (ATP ranking 37) benefits from **Zverev** and **Monfils** withdrawing, and three players ranked ahead of him in [Group 1] including world No. 1 **Daniil Medvedev** are excluded due to the war in Ukraine. Additionally, he won t earn any ranking points at Wimbledon, as the ATP stripped the tournament of its World Ranking status following its decision against [Group 1] and Belarusian players.

""That s naturally disappointing,"" Otte said, ""but there s a bit more money, which is a nice bonus. And all players will lose points not just one."" In 2021, after surviving qualifying, he reached the second round before losing to two-time Wimbledon champion **Andy Murray** of Great Britain in five sets.",87,NA,NA,NA,NO,"NO – The text discusses tennis rankings, tournament rules, and financial bonuses (e.g., ""a bit more money"") unrelated to immigration or economic benefit framing. No immigration-labor link or economic framing (B1–B5) appears.",NO,"NO   Text discusses tennis rankings, war in Ukraine, and ATP point loss—but **no economic benefit framing** related to immigration, labor shortages, or German/EU prosperity is present. The only mention of money (""bit more money"") is in the context of *individual player prize earnings*, unrelated to immigration or labor market integration.",NO,NO,NO,"NO   The paragraph discusses sports competition, ranking points, withdrawals, and financial bonuses—none of which are tied to immigration, labor shortages, or economic benefits. The mention of '[Group 1]' and 'Ukraine' refers to tennis player nationality/conflicts, not economic integration or labor market effects.",NO,"NO   The text discusses a tennis player's ranking, tournament performance, and unrelated ATP regulation decisions (war exclusions, ranking point loss). There is no mention of immigration-related economic benefit frames (B1-B5), labour shortages, policy barriers (B4/B5), or macroeconomic outcomes.",NO,5,1
TA-315AB6FC4D871B43FDDF5BDFC64D0FD4_3246283,TA,6,REFUG,228,"The CDU faction s interior policy spokesman, **Raymond Walk**, is pessimistic about civil defense. **Thuringia**, he says, is ""poorly equipped in this area because we are not prepared."" The CDU politician criticizes the state government for focusing on the responsibilities of individual ministries when it comes to crisis management for maintaining critical infrastructure, while rarely making transparent what is working well in Thuringia and what is not. ""Apparently, it s better to say less about what is known,"" he describes his impression.

Civil defense was the topic of a non-public meeting of the Interior Committee this week. According to information from this newspaper, the state government informed the committee about the current status. Committee chair **Sascha Bilay (The Left)** told this newspaper that the focus must now be on how to coordinate the numerous **[Group 1]** that are expected in Thuringia and some of which have already arrived. Support for this comes from Deputy **Henfling**, who asks why there is no crisis management team for this. ""I consider it essential to have a crisis management team wherever it is necessary,"" she said.

Beyond the debate on crisis preparedness, there is also interest in direct Thuringian aid for Ukraine. There are, said a spokesman for the Interior Ministry, a total of four aid requests directly linked to the war in Ukraine. Whether these can be met is currently being examined.",88,NA,NA,NA,NO,"NO   The paragraph discusses **crisis management, infrastructure preparedness, and coordination of aid** for **[Group 1]**, but does **not** explicitly mention economic benefits (tax revenue, GDP, labor shortage filled, or lost economic gains). The focus is on **preparedness, logistical challenges, and aid requests**, not economic outcomes. B4/B5 do not apply because no economic benefit, labor market integration, or shortage mitigation is named.",NO,"**NO** — the text discusses **crisis management**, **staffing shortages in civil defense**, and **logistical support for arriving migrants**, but **no economic benefit frame** (B1–B5) is explicitly mentioned. References to ""coordinating"" or ""supporting"" **[Group 1]** are **resource allocation** (THREAT T5), not an economic benefit. No mention of labor shortages being filled, tax revenue, GDP growth, or degree recognition.",NO,"NO   The text mentions coordination of **[Group 1]** but focuses on crisis management, logistical support, and war aid—not on filling labor shortages (B4), integration measures (B5), or economic benefits (B1–B3). The absence of any explicit mention of employment, skill gaps, or economic outcomes means none of B1–B5 applies.",NO,"NO   The text discusses crisis management, coordination for arrivals, and aid requests, but no explicit economic benefit (tax revenue, GDP, labor shortage filled, skilled labor link, or lost economic benefit due to barriers) is mentioned. The focus is on infrastructure and coordination, not economic outcomes.",NO,"NO — The text describes coordination of ongoing civil defense and refugee management efforts in Thuringia WITHOUT any explicit mention of economic benefit (tax revenue, GDP growth, labor shortage filled, or lost benefits due to policy barriers). Criticism of crisis management and aid requests are logistical, not framed as economic benefit.",NO,5,1
6327127e3dd49b919c0abd64,Berliner Morgenpost,13,USA,103,"Just before his 100th birthday, Halvorsen appeared in a video call with dpa, proudly wearing his over-70-year-old pilot s jacket. He also spoke a few words in German. *""Das ist meine zweite Heimat,""* he said with a mischievous smile back then. He would have loved to celebrate his big round anniversary in Berlin.

At the age of 98, he had last visited Berlin as an honored guest at the celebrations marking the 70th anniversary of the end of the airlift. With nearly 280,000 flights, **[Group 1]**, **[Other Group]**, and **[Other Group]** supplied more than two million residents with food and coal from June 1948 to May 1949.

*""Kaugummi machten ihn ber hmt.""*",89,NA,NA,NA,NO,"NO   This text is entirely historical (post-WWII airlift) and anecdotal, with zero reference to current immigration, labor shortages, economic benefit, or policy barriers. Even the mention of flight supply is unrelated to modern economic framing (B1–B5).",NO,"**NO** – The text describes a historical event (Berlin Airlift) and personal stories about an elderly German pilot, with no mention of immigration’s economic benefits (workforce gaps, labor shortages, GDP/prosperity, or policy barriers). The focus is on historical legacy (airlift contributions) and cultural integration, not economic framing.",NO,"NO   Text focuses on historical context and individual stories (Berlin Airlift, personal anecdotes) without any mention of current economic benefits, labor shortages, or integration measures tied to immigration today.",NO,"NO   Text discusses post-WWII airlift logistics and personal anecdotes without any mention of immigration’s economic benefits (labor shortages, GDP, tax revenue, skills gaps, or integration barriers). Historical context ≠ economic benefit framing.",NO,"NO   The text discusses historical context (Berlin Airlift) and personal anecdotes with no mention of economic benefit framing linked to immigration, such as labor shortages, GDP, tax revenue, or integration measures. The phrase *""Kaugummi machten ihn ber hmt""* (gummi bears honored him) is cultural/historical, not economic.",NO,5,1
Rubikon_added_d6c84f9f0f8b50750a7653eb13d4d4777ad47857_,Rubikon,3,EU,127,"In Steve Bannon s War Room on Friday, September 30th, investigative reporter Darren Beattie of *Revolver News* warned of a **""giant leap toward Armageddon""** following the sabotage of the **Nord Stream** pipelines and **Vladimir Putin** s annexation of the **Donbass republics**. Beattie described the **Nord Stream** sabotage as **""one of the most significant attacks on European infrastructure in decades,""** calling it a **""dramatic escalation.""**

**""[Group 1] are all aware that this is likely coming from the NATO allies themselves. That s why they re good little vassal states and don t make much noise about it.""**

Bannon asked Beattie if he had evidence for his **""explosive""** allegations: Beattie called his conclusion **""an informed opinion based on reasonable deductions from the behavior of the countries involved.""**",90,NA,NA,NA,NO,"NO   The text discusses geopolitical conflicts, NATO allies, and sabotage of pipelines—no mention of labor shortages, economic growth, tax revenue, GDP, integration policies, or any economic benefit linked to immigration. It does not satisfy B1–B5.",NO,"NO   The text discusses geopolitical tensions, infrastructure sabotage, and political conspiracy theories involving Russia and NATO allies—**none** of which mention immigration, labor shortages, economic growth, or any K1–K5 criteria. No economic benefit or labor-market framing is present.",NO,"NO   The text discusses **geopolitical sabotage, NATO allies, infrastructure attacks, and Ukrainian annexation**—none of which mention immigration, labor shortages, economic growth, tax revenue, or any economic benefit variable (B1–B5).",NO,"NO   International political and geopolitical discourse about pipelines, NATO, and Russia does not mention immigration, labour shortages (B4), economic growth, tax revenue (B1), or any explicit economic benefit for Germany (B2–B5).",NO,"NO   The paragraph discusses geopolitical tension, sabotage, and conspiracy theories about NATO allies and Russia—none of which mention immigration, labor shortages, economic growth, tax revenue, GDP, or any economic benefit related to [Group 1].",NO,5,1
Tonline_added_302e0d43688450e26d5d5de59773ff84db0b2bff_,T-Online,4,REFUG,142,"The former Tempelhof Airport can now be occupied by **[Group 1]**. Hundreds of people have found space in the containers set up there.

In Berlin-Tempelhof, a new large accommodation facility for **[Group 1]** people was opened on Thursday. It offers 840 places in containers housed in Hangars 2 and 3 of the former airport. *""There are now around 30,000 accommodation spaces in Berlin more than ever before in this city,""* said Governing Mayor Franziska Giffey (SPD) at the opening.

Due to sharply rising refugee numbers, Berlin is desperately searching for spaces for these people. According to Giffey, Berlin has provided initial care for more than 360,000 Ukrainian war refugees this year, with up to 100,000 estimated to have stayed in the city by experts. Additionally, around 100 people from other countries seeking asylum arrived daily, Giffey said. That is why Berlin has already created around 8,000 new accommodation spaces this year.",91,NA,NA,NA,NO,"NO   The text describes accommodation capacity, initial care, and refugee numbers, but **no explicit economic benefit frame** (e.g., labor shortage filled, tax revenue, GDP growth, or degree/work-permit barriers preventing workers) is mentioned. The focus is on **resource allocation (T5)** and **staffing shortages (THREAT)**, not economic benefits.",NO,"NO   The text describes a **resource shortage (THREAT T5)**—accommodation for refugees—and does not explicitly mention any economic benefit (B1–B5) such as labor market participation, GDP growth, or tax revenue. There is no mention of refugees filling a vacancy, attracting skilled labor, or economic outcomes tied to immigration. The focus is solely on housing logistics.",NO,"NO   The text describes a **resource shortage** (accommodation need) and **staffing crisis** (initial care for refugees) without any mention of immigration filling vacancies, labor shortages, or explicit economic benefits (B1–B5). No mention of tax revenue, GDP, pension systems, language barriers preventing entry, or work permits being denied. All language focuses on **logistical strain** (housing, care) and **numbers of arrivals**, not economic gain.",NO,"NO   The text describes **resource allocation** (space for refugees) and **staffing shortfalls** (initial care, strain on housing) but does not mention any economic benefit or labor shortage being filled. Key phrases like *""desperately searching for spaces""* and *""initial care""* describe a threat (T5/Resource Shortage), not a benefit. No explicit mention of tax revenue, labor market integration (e.g., ""refugees filling X vacancies""), or economic growth—only accommodation logistics.",NO,"NO   Text describes resource allocation (accommodation spaces) and processing of refugees — this is a **RESOURCE SHORTAGE (THREAT T5)** and administrative logistics, not an economic benefit frame. No mention of labor shortages filled, vacancies addressed, tax revenue, GDP, or integration measures yielding economic outcomes.",NO,5,1
633addace2479608e309b7b8,TAZ,15,EU,241,"**The Mover:** It all started with Danube activities at the turn of the millennium. Langer had had enough of the *Roxy* and managed to  bring a new topic into motion.  And with that, he found himself a new job in Ulm first as director of the International Danube Festival, then, from 2002 onward, as head of the newly established Danube Office. By then, he was already known in the city as * Der Langer * admired by some, viewed critically by others for his networking activities, which they saw as backroom deal-making and scheming. More than once, Langer ruthlessly overspent the festival s budget, and more than once, helping hands intervened from city council members to the press house. A number of companions fell by the wayside, disillusioned by his adaptability.

**The [Group 1]:** Now, Langer is turning a much bigger wheel, driving initiatives along the Danube, organizing conferences, and working with policymakers to push his ideas forward. Writers like **[Group 2]** Gy rgy Konr d have become friends and advisors. The Danube region, with its diverse actors, institutions, and movements, should be better connected, and collaborations across various fields should be brokered. A Herculean task that requires the EU s backing. That Novi Sad is currently European Capital of Culture, Langer sees as the result of a culture conference he co-organized. Also facilitated through the **European Danube Academy**, founded in 2008. Oh yes, Langer is its managing director.

**The Would-Be Actor:** * I do what I can. * Career counseling saw potential in the young Langer as an actor. Today, he s building stages for culture. * Consistent, * he finds it.",92,NA,NA,NA,NO,"NO   No mention of immigration, economic benefit framing (tax revenue, growth, GDP), labor shortages linked to immigration, or integration measures (work permits, degree recognition). The text focuses on individual career trajectory, cultural initiatives, and regional collaboration—not economic benefit from immigration.",NO,"NO   The paragraph discusses cultural and EU-level networking, a former festival director’s career trajectory, and a local cultural capital nomination. None of B1–B5 apply: no mention of tax revenue (B1), EU-wide economic growth (B2), aging workforce (B3), labor-market need (B4), or integration measures/barriers (B5). **No economic benefit framing** for immigration is explicitly present.",NO,"NO   The text describes career networking, cultural initiatives, and EU regional coordination by one individual but **never** ties immigration, labour shortages, or economic outcomes to Germany/EU. No mention of tax revenue, GDP, Fachkräftemangel, work permits, or integration barriers (e.g., language, degree recognition). Even the Danube Academy’s role is framed as cultural/cross-border coordination, not economic benefit.",NO,"NO   The paragraph describes a personal career narrative, cultural diplomacy, and EU/regional networking without any explicit economic benefit framing linked to immigration. No mention of tax revenue, GDP, labor shortages being filled, or policy barriers (degree recognition, language, permits).",NO,"NO   No mention of immigration-linked economic benefit (tax revenue, labor shortage filled, GDP impact, or lost benefits due to barriers). The text describes personal career progression, cultural networking, and regional EU projects but does **not** explicitly tie immigration to economic outcomes (B1–B5). No labour shortages, skilled worker shortages, or integration measures (degree recognition, language courses) are connected to immigrants.",NO,5,1
632712ad3dd49b919c1e5806,Welt,1,UKR,96,"The images and reports from **Butcha**, **Borodjanka**, and other Ukrainian towns are horrifying: In regions that the **[Group 1]** liberated after Russian troops took over, there are, among other things, corpses of tied-up civilians who were executed with gunshots to the head. Additionally, numerous women and girls report that Russian soldiers raped them.

Historically minded observers from Germany are almost inevitably reminded of the East Prussian village of **Nemmersdorf** and the mass violence in areas conquered by the Red Army in 1944/45. However, the very mention of **Nemmersdorf** illustrates how even undeniably horrific events can still be exploited through propaganda and counter-propaganda.",93,NA,NA,NA,NO,"NO   Text describes war crimes, atrocities, and historical parallels with no reference to labor market gaps, economic benefits, tax revenue, skilled migration, degree recognition, work permits, or any economic variable tied to immigration.",NO,"NO   The text exclusively addresses war crimes, historical parallels, and propaganda—**no mention of economic outcomes (tax revenue, labor shortages being filled, GDP, degree recognition, or labor market barriers)**. B1–B5 do not apply.",NO,"NO   The text discusses war crimes, propaganda, and historical parallels unrelated to labor, economic growth, or immigration policy. It contains **zero** mentions of tax revenue, GDP, labor shortages, skills coverage, or integration measures (e.g., language courses, degree recognition, work permits).",NO,"NO — The text exclusively focuses on war crimes, historical comparisons, and propaganda; **no** mention of employment, labor shortages, GDP, tax revenue, or any economic benefit tied to immigration (sub-criteria B1–B5). This is a **War Crime** frame, not Wirtschaft Benefit.",NO,"NO — The text contains no references to economic effects, labor shortages, work permits, tax revenue, GDP, skilled shortages, integration measures, or any economic benefit linked to immigration. It solely discusses war crimes and historical comparisons.",NO,5,1
634edc39e4006be4760e4db9,FAZ,2,ESP,150,"**""Should we take the Ballon d Or vote seriously? No, it s just a prestigious vanity project that flatters the ego just like the FIFA World Player of the Year award. The Ballon d Or is organized by the French sports magazine *France Football*, while the other event is run by FIFA. For a brief period, they even collaborated. But the whole thing has been monetized so heavily that more and more awards have been created including the honor for the best team of the year.**

**One might assume such a vote is decided by on-field success. That would make sense. But football isn t that simple. Real Madrid won the Champions League, the European Super Cup, and the Spanish league and yet they finished third in the Ballon d Or behind Manchester City and Liverpool. You don t have to understand that. But not just [Group 1] are scratching their heads.**

**Man  would have been a good choice too.""**",94,NA,NA,NA,NO,"**NO** — The text exclusively discusses a **football award (Ballon d’Or)** and its perceived lack of meritocracy, with no mention of immigration, labor markets, economic benefits (tax revenue, GDP, pension systems), skilled labor shortages, or policy barriers (degree recognition, language barriers, work permits). The reference to ""[Group 1] scratching their heads"" is purely humorous and unrelated to any economic framing.",NO,"NO — The text discusses football awards, player rankings, and subjective voting criteria with no mention of immigration, labor markets, economic effects, or policy barriers (e.g., work permits, language barriers, degree recognition).",NO,"NO   The text discusses sports awards, vanity projects, and football clubs’ success—zero mention of immigration, labor shortages, economic benefits, or integration measures. No B1–B5 criteria apply.",NO,"NO — The text discusses football awards, collaboration, perceived prestige, and team performance. There is no mention of skilled labour shortages, economic growth, tax revenue, GDP, aging populations, workforce strain, immigration policy, integration measures, or any other criterion tied to B1–B5 (economic benefit framing). The reference to ""[Group 1]"" scratching their heads is a rhetorical device unrelated to labor or economic policy.",NO,"NO   Text discusses football awards and opinions on player selection, with no mention of immigration, labor market, tax revenue, GDP, or any criterion B1–B5.",NO,5,1
WAZ-7A93850B8E68C9FA7E50D13A9C22E945_4012803,WAZ,7,UKR,153,"At the police station on **Jovyplatz**, 21 women and children are currently accommodated, with 14 spots still available. At the **Suitbert-Haus**, 27 women some with children, mostly from Ukraine are living there, with five additional places still open.

Many particularly **[Group 1]** are also housed in private apartments. The reasoning behind this distribution is to keep conflicts within the facilities as minimal as possible. For example, people from Ukraine and Russia are not accommodated together, as there is a risk they would continue to escalate the conflicts they brought from home.

Even in the container village on **Festplatz**, there are three separate areas, allowing men and women to live separately. However, the accommodation will still be mixed in terms of the residents' countries of origin. While the **Festplatz** container village is indeed an expensive solution due to the advance costs, it is a good one because it avoids the need to use sports halls, according to **Weichelt**.",95,NA,NA,NA,NO,"NO — the paragraph describes **staffing/logistical issues** (available spots, separate housing to avoid conflicts) and **budgetary costs** (expensive due to advance costs), but never explicitly states that immigrants are filling a labor shortage, contributing to GDP, or enabling economic growth. No mention of B1–B5 criteria.",NO,NO,NO,"NO
No explicit mention of economic benefits (tax revenue, GDP, labor shortages filled, skilled labor provision, or integration measures with named economic outcomes). The text focuses on **accommodation logistics, conflict avoidance, and cost management**—none of which meet B1–B5 criteria. Even the ""expensive solution"" reference describes a financial burden (T3), not a benefit.",NO,"NO   The text describes **resource allocation** (sports halls vs. container village), **conflict mitigation** (separate living areas), and **budgetary logistical trade-offs** (""expensive solution""). Nowhere is there mention of immigrants **filling labor shortages**, explicitly generating tax revenue, or an economic benefit tied to their labor market contribution. Even the phrase *""to use sports halls""* is about cost avoidance, not economic gain. **B4** (skilled labor gap) and **B5** (integration measures) are not triggered—this is about **infrastructure**, not **Wirtscha**ftsbenefit.",NO,"NO   The text describes accommodation logistics, conflict avoidance, and budgetary considerations (costs of container village) without mentioning any economic benefit tied to immigration (B1–B5). The phrase ""many... are housed in private apartments"" is about living arrangements, not labor market integration or specific economic outcomes. No labor shortages, degree recognition, or work permits are mentioned.",NO,5,1
632712b43dd49b919c20d6ea,Merkur,18,REFUG,171,"**Kyiv Mayor Klitschko before the Munich City Council: Putin wants to build a new empire**

Update from March 23, 9:30 AM: Millions [Group 1] are already on their way. *""The city is half-empty.""* Armed forces are marching through Kyiv s streets. Every hour, Klitschko hears explosions near Kyiv, he says. He can feel the buildings trembling from the impacts himself. Kyiv s mayor is wondering what the target of these attacks is. Putin wants to build a great, new empire. To him, that is more important than *""the people and peace in Europe.""*

Update from March 23, 9:26 AM: Klitschko is ready. It s happening now. Mayor Reiter greets his partner-city mayor, Klitschko. He begins thoughtfully. He wouldn t have believed it if someone had told him ten years ago that Russia would attack Ukraine. Not even two months ago would he have believed it. *""If thousands of civilians die and infrastructure is destroyed,""* he wouldn t have believed it. Every morning, Klitschko thinks, *""that all of this is just a nightmare.""* Then reality hits him.",96,NA,NA,NA,NO,"NO   Text describes **war, geopolitical conflict, civilian fatalities, and infrastructure destruction**—none of which mention economic benefits, a labor shortage filled, or immigration as a solution to a skills gap. Even the phrasing *""millions are already on their way""* refers to **forced displacement** (refugee flight), not a deliberate economic integration strategy.",NO,"NO
The text focuses exclusively on war, civilian casualties, infrastructure destruction, and geopolitical conflict. There is no mention of immigration to Germany, labor shortages, economic growth, tax revenue, workforce needs, or any criterion B1-B5. The context is purely humanitarian and international, with no economic framing.",NO,"NO   Text discusses military conflict in Ukraine, civilian casualties, and imperialist motives—no explicit mention of immigration, labor market entry, economic growth, tax revenue, or any of B1–B5 criteria. Focus is on war, suffering, and political goals, not economic benefit.",NO,"NO   The text discusses geopolitical conflict, civilian casualties, and infrastructure destruction in Ukraine — there is no mention of economic benefits (e.g., labor, GDP, tax revenue) or challenges (e.g., degree recognition, language barriers) related to immigration for Germany. The focus is entirely on war and humanitarian consequences.",NO,"NO   The text focuses entirely on war, civilian suffering, and destruction in Ukraine — no mention of labor market effects (B4), economic benefits (B1, B2, B3), or integration measures (B5). The only labor reference is ""civilians"" dying, not refugees filling vacancies or generating GDP.",NO,5,1
WAZ-FD4739A2D8847C6F0945B15464EAFF39_4278956,WAZ,2,BUDD,277,"**London**   No party without him. Countless people around the world danced and celebrated to his nighttime anthem through the 1990s, the superhit *""Insomnia""* was a guarantee for a packed dancefloor. Now, the world of pop has lost another icon. **Maxi Jazz**, singer, songwriter, and frontman of **""Faithless""**, passed away in the early hours of Christmas Eve at the age of 65 in his home in South London. No details on the cause of death were provided.

""He passed peacefully in his sleep,"" his bandmates announced via official social media channels. ""It was an honor and a true pleasure to work with **Maxi Jazz**"": *""He was a brilliant lyricist, DJ, [Group 1], a fantastic stage presence. A car enthusiast, an endless talker, a wonderful person, a moral compass, and a genius. He gave our music the right meaning and message.""*

The lyric *""I Can t Get No Sleep""* made **Jazz** world-famous. But there was life before **Faithless**. Born **Maxwell Fraser** in 1957 in **Brixton**, South London the man without sleep began as a hip-hop DJ and in the 1980s founded the band **""The Soul Food Cafe System""**, which played as a support act for **Jamiroquai**, **Galliano**, and **Jason Rebello**. In 1995, he co-founded **""Faithless""** with **Rollo Armstrong** and thereafter dominated the electronic and dance scenes with his voice. Seven studio albums were released, and **""Faithless""** performed at the biggest festivals. Hits like *""Insomnia""*, *""Reverence""*, *""God Is a DJ""*, and *""We Come 1""* still play worldwide in clubs. In an interview, **Jazz** once said: *""If I had a pound every time someone came up to me and said,  I can t get no sleep,  I d be living on the space station.""* From 2015 onward, he was also the frontman of **""Maxi Jazz & The E-Type Boys""**.",97,NA,NA,NA,NO,"NO   The text discusses a musician's career, legacy, and personal anecdotes without any reference to immigration, economic effects (tax revenue, GDP), workforce demographics, labor shortages, or policy measures like language courses or work permits.",NO,"NO   The text is a biographical obituary with no mention of immigration, labor shortages (related to migrants), economic growth, GDP, tax revenue, or any explicit economic benefit frame tied to immigrants or refugees.",NO,"NO   The text is an obituary about a musician, **Maxi Jazz**, and focuses on his personal life, career, and contributions to music. There are no references to immigration, labor shortages, economic benefits, GDP, tax revenue, or integration measures related to any immigrant group.",NO,"NO   The text is an obituary for a musician with no mention of immigration, labor market effects, economic outcomes, or any of B1–B5 criteria. The reference to ""[Group 1]"" is unrelated to immigration or economic benefit framing.",NO,"NO   No explicit mention of economic benefit framing (tax revenue, GDP, labor shortages filled, pension funding, or lost economic output) linked to immigration or refugees. The text is a biographical obituary unrelated to policy, labor markets, or economic outcomes.",NO,5,1
OSZ-doc7nf3sgqcp8y82lt6grj,OSZ,2,REFUG,269,"**Wismar**   The topic of crisis is nothing new for Thilo Rau. The former career officer has experienced numerous deployments with the *Bundeswehr*, and now he leads the *DRK Soziale Betreuungsdienste MV gGmbH* in Grevesm hlen, which operates or rather, operated several facilities, including the refugee home in Gro  Str mkendorf near Wismar. The devastating fire just days ago completely destroyed the facility, which the district had leased until next spring. Originally, it offered 160 places for **[Group 1]**.

The district had designated the former hotel as a first-reception facility due to its capacity this summer. At the time of the fire, 14 **[Group 1]** members were in the building, with most rooms unoccupied. Meanwhile, the families have been relocated to other facilities. Among the consequences of the fire currently, investigators suspect arson is that *Nordwestmecklenburg* now faces a severe space shortage regarding the accommodation of **[Group 1]**. This problem already existed before, but it has since grown significantly worse.

Thilo Rau: *""And the biggest problem, in my view, is that we are not prepared for what s coming.""* He is particularly concerned about developments to the southeast. *""The Balkan Route is fully operational again; it s only a matter of time before refugee numbers from that direction rise again in Germany.""* Additionally, it remains unclear what further impact the war in Ukraine will have. As a former officer, Rau closely monitors the situation there. *""The territorial gains by **[Other Group]** cannot obscure the fact that entire regions are devastated.""* And the fighting continues. *""I expect the number of **[Group 1]** to increase again.""*",98,NA,NA,NA,NO,"NO   The paragraph describes a **resource shortage (THREAT T5)**—space/accommodation gaps for refugees—due to the destroyed facility, not a labor shortage or economic benefit. Even the mention of ""refugee numbers rising again"" refers to arrivals, not immigration filling German labor demand (B1–B5). The phrase *""we are not prepared for what's coming""* is vague optimism (no named economic variable).",NO,"NO — The paragraph describes a **resource shortage (staffing crisis)** in refugee accommodations, not an economic benefit. The fire creates a housing/logistical problem (""space shortage""), not a labor market opportunity or benefit. No mention of tax revenue, GDP, labor vacancies being filled, or explicit economic gains (e.g., ""refugees filling 160 care worker jobs"") occurs.",NO,"NO   The text describes a STAFFING CRISIS (resource shortage threat) for refugee accommodation, not a labour/growth benefit. Even though 'filling vacancies' is mentioned, it refers to refugee homes (a RESOURCE SHORTAGE threat, T5), not labor market vacancies or economic growth. No explicit linkage to labor demand, GDP, or tax revenue. B4/B5 not met.",NO,"NO   The text exclusively addresses a **resource shortage (THREAT T5)**—specifically, a lack of accommodation for refugees, not a labor market gap or economic benefit. Phrases like *“severe space shortage”* and *“not prepared for what’s coming”* describe a crisis in infrastructure, not an economic benefit. Even the mention of *“finding work”* is hypothetical due to future refugee numbers and unrelated to current labor shortages or economic output.",NO,"NO   The text describes a **resource shortage (THREAT T5)**—a lack of accommodation space for refugees, not a labor shortage filled or economic benefit. Even references to ""refugee numbers increasing"" or the Balkans Route are about **population pressure**, not explicit economic contributions (e.g., labor, tax revenue, GDP).",NO,5,1
632712913dd49b919c130530,NTV,4,REFUG,164,"Just after Russia s attack on Ukraine, the German government still expected up to **340,000 people** to seek protection in Germany. This figure appears to have been set too low: According to the latest federal forecast, the number could now reach up to **one million [Group 1]**.

More and more **[Group 1]** are arriving in Germany from Ukraine. So far, the Federal Police have registered **218,301 war refugees**, a spokesman for the Federal Ministry of the Interior in Berlin announced. While the Federal Police are currently conducting intensified checks, the number of war refugees entering Germany could already be significantly higher since there are no fixed border controls at internal borders. On Saturday, the number of **[Group 1]** had been listed at **207,742**.

According to a report, the German government expects that **one million [Group 1] from Ukraine** will come to Germany for a longer period. As *Bild am Sonntag* reported, the traffic light coalition government discussed the consequences of Russia s war of aggression in a cabinet meeting on Ukraine last Wednesday and adjusted its forecast on refugee numbers.",99,NA,NA,NA,NO,"NO
*None of B1–B5 apply:* The text exclusively reports numbers of arrivals, border checks, and a cabinet discussion on refugee consequences—no explicit mention of tax revenue, economic growth, labor shortages filled, pension/social security strain, skilled labor needs, or policies (like language courses/degree recognition) linked to economic benefit. Passing mention of ""work"" (e.g., ""start working immediately"" in prior examples) does not appear; this is purely demographic/news flow.",NO,"NO   The text exclusively discusses migration numbers, police checks, and government forecasts—no mention of vacancies filled, labor shortages, economic growth, or integration measures tied to economic benefit.",NO,"NO   The text describes the volume of refugees entering Germany due to war but does **not** link this immigration to filling labor shortages, economic growth, tax revenue, or any B1–B5 economic benefit. The focus is on **humanitarian flows**, not workforce integration or economic outcomes.",NO,"NO   The text only describes *arrival numbers* and *border control logistics*. It does not mention:
- any **labour market vacancy filled** (B4),
- **skilled labour shortages** linked to immigration,
- **tax revenue** or **economic growth** (B1),
- **pension/social security strain** (B3),
- **integration measures** (degree recognition, language barriers, or lost economic benefits) (B5),
nor does it name an explicit economic benefit for Germany or the EU (B2). The focus is on refugee flows, not on economic benefit framing.",NO,"NO — The text focuses on migration volume, border controls, and political consequences of the war; there is **no mention** of:
- economic effects (taxes, GDP, growth) (B1/B2),
- aging workforce or pension/social security (B3),
- labour shortages **filled** by [Group 1] or Fachkräftemangel (B4),
- integration measures (degree recognition, language barriers, permits) **leading to benefits or lost benefits** (B5).",NO,5,1
6327128f3dd49b919c1241a4,Neues Deutschland,2,REFUG,144,"Five weeks have passed since the massacre at the fences on the border of **Melilla**. Their organization, *Caminando Fronteras* [Walking Borders], has collected testimonies from survivors of the deadly events. What do the victims say about the events of **June 24th**?

It is important to note that, following an agreement between **Morocco** and **Spain**, there was a particularly harsh response by Moroccan security forces against **[Group 1]** and **[Other Group]**. They were driven toward the action through military operations, arrests, and beatings. Even the forest where they were staying was set on fire. They were also constantly sprayed with tear gas from helicopters. The Moroccan security forces also funded by the **European Union** have again raped women as punishment.

**Helena Maleno** is an award-winning journalist and human rights activist. She is the founder of the non-governmental organization *Caminando Fronteras/Walking Borders*, a kind of emergency hotline for people in distress at sea. She spoke with **Ralf Streck** about the current migration policy.",100,NA,NA,NA,NO,"NO   The text describes violence, military operations, and human rights abuses — none of which mention economic benefits (e.g., labor market entry, GDP, tax revenue). While ""working"" is mentioned in context of distress/harassment, no B1-B5 criteria are met.",NO,"NO   No mention of B1–B5; the text describes violence, human rights violations, and humanitarian crises, but does **not** reference labor market entry, skill shortages, economic benefits, GDP growth, tax revenue, work permits, or any economic outcome linked to immigration.",NO,"NO   The text describes violence, human rights violations, and border control measures but **does not mention any economic benefit, labor shortage, GDP impact, or policy-related integration measures** (e.g., work permits, degree recognition). Even the mention of EU-funded Moroccan security forces refers to a budgetary flow, not a benefit to Germany’s economy.",NO,"NO — The text focuses on **human rights abuses, violence, and survival testimonies** of migrants at the Moroccan-Spanish border, with no mention of **economic benefits, labor shortages, GDP growth, or integration measures** linked to immigration.",NO,"NO   Text focuses exclusively on **human rights violations, security force brutality, and EU-funded repression**—no mention of labor shortages, job filling, tax revenue, or economic mechanisms. Even references to ""work"" or ""finding work"" are absent here.",NO,5,1
632712843dd49b919c0dae1e,Focus,6,JUDE,269,"How did you come up with the idea to engage with this topic?

Stefan Sarazin: In the 1990s, I had a fascination with al-Andalus and the teachings of Ibn Rushd, and I never understood why people were fighting over one God. Because either ""HE"" is ""the One"" or ""the None."" When my first film, *""Nitschewo""* (2001), a melodrama, flopped commercially, I withdrew to the Sinai. There, I befriended a Bedouin named Adel, whom I visited repeatedly over the years, and who had an unusually mild attitude toward Israel and the [Group 1]. That intrigued me, and I wanted to write something about it a comedy celebrating life, essentially the opposite of my previous film. For a long time, it remained something like an *""Alexis Sorbas""* story between a Bedouin and a detached US-American [Group 1], though it never really took off, not even when I turned the New Yorker [Group 1] into an ultra-Orthodox man.

Then, in 2006, after returning from a trip to Alexandria, I told a friend with whom I had often discussed this story that I had visited the synagogue there and that only a handful of members remained, unable to hold services. That finally got the story moving. My friend, Freyja Weinert blessed be her name had a ""divine"" inspiration shortly after, saying, *""my [Group 1]""* could drive through the desert to Alexandria as the missing tenth man. That was the turning point on which the story of *""Not Quite Kosher""* was based, which I then developed into a screenplay with Peter Keller.",101,NA,NA,NA,NO,"NO   The text describes a creative process, historical/religious themes, and personal connections to Bedouin and Jewish communities—**no mention of economic benefit framing (B1–B5)**. Even the phrase *""unable to hold services""* refers to a cultural/community crisis, not a labor market or GDP outcome.",NO,"NO   The text describes a creative or personal story development process involving a Bedouin, a [Group 1] character, and religious themes, with no mention of economic outcomes, labor shortages, or immigration-related benefits.",NO,"NO   No mention of economic benefit framing (B1–B5). The text discusses personal creative inspiration, cultural observations, and a comedy storyline—no labor shortages, skill gaps, tax revenue, GDP benefit, or integration measures (like work permits or degree recognition) are explicitly tied to immigration or an immigrant group.",NO,"NO   The text discusses a creative process, cultural themes, and personal anecdotes with no mention of economic benefit frames (tax revenue, GDP, labor shortages filled, or integration measures like language courses or degree recognition). No sub-criterion B1–B5 applies.",NO,"NO   Text discusses cultural narratives, religious life, and creative writing but no mention of labor shortages, skill gaps, economic output, tax revenue, GDP, or integration measures (language courses, degree recognition, work permits) linked to immigrants' economic participation.",NO,5,1
632712ab3dd49b919c1db71b,Telepolis,63,HRV,112,"Just as the **[Other Group]** were accused in the 1990s of seeking a Greater Serbia through violence, today the **[Other Group]** are accused of aiming to establish a Greater Russian Empire. Even left-wing critics attribute imperialist ambitions to Russia. Back then, Slobodan Milo evi  was demonized as Hitler, while today Vladimir Putin is his most recent reincarnation.

Whereas the **[Other Group]** were blamed for sole responsibility for the Yugoslav civil war and the other parties involved **[Group 1]**, **[Other Group]**, and Kosovo Albanians were merely seen as victims, today it is solely the **[Other Group]** who are held accountable. According to Western perception, only Moscow not Kyiv bears the blame for the escalation of violence. Yet the truth is different in both cases.

The expulsion of the Croatian **[Other Group]**...",102,NA,NA,NA,NO,"NO   The text discusses geopolitical blame attribution and historical narratives about **[Other Group]** and **[Group 1]**, with no mention of economic benefits, labor shortages, GDP, tax revenue, pension needs, or any of B1–B5.",NO,"NO   The paragraph revolves around historical geopolitical narratives, demonization, and responsibility attribution with NO mention of economic benefit framing (tax revenue, labor shortages, GDP, work permits, language barriers, or pension strain). Even references to **""expulsion""** and **""[Group 1] victims""** (untranslated labor abilities) describe a THREAT frame (T3: **Resource competition/conflict**) or historical grievance, not an economic benefit.",NO,"NO   The paragraph discusses geopolitical framing, historical analogies, and accusations of imperialism with no reference to economic benefits, labor shortages, skilled migration, tax revenue, or policy-related integration measures (degree recognition, work permits, language barriers).",NO,"NO   The text discusses historical political blame and imperialist narratives (Yugoslav wars, Russia, Ukraine) with no mention of economic benefits, labor shortages, skilled migration, or integration measures for Germany. B4/B5 does not apply.",NO,"NO   The text discusses historical geopolitical conflicts, war narratives, and comparisons between different groups (no mention of labor markets, GDP, skills shortages, or integration measures). No criteria B1–B5 are met.",NO,5,1
632712b83dd49b919c22756d,nordbayern.de,19,HUN,137,"**""The time is ripe for consequences""**

The European Parliament has long been calling on the EU Commission to exert more pressure on rule-of-law violators. The comprehensive overview presented on Wednesday was largely welcomed by the members, but they also demanded consequences. *""The rule-of-law violations in [Andere Gruppe] and [Gruppe 1] must be financially sanctioned,""* said Green Party politician Daniel Freund. *""We now know exactly how broken democracy and the rule of law are in both countries.""*

FDP lawmaker Moritz K rner also emphasized: *""The time is more than ripe for consequences.""* EU funds for [Gruppe 1] must be withheld immediately. Katarina Barley (SPD) called on the EU Commission to adopt clearer language regarding [Andere Gruppe] and [Gruppe 1]. Now, it must follow up on whether Warsaw and Budapest implement the recommendations or, if not, enforce them through financial pressure or infringement proceedings.",103,NA,NA,NA,NO,"**NO** – The text discusses political pressure, financial sanctions, and rule-of-law violations but does not mention any economic benefit (tax revenue, GDP, labor market entry, skill shortage, or lost prosperity) linked to immigration. It is purely a legal/political threat, not an economic benefit frame.",NO,"NO   The text exclusively discusses **political pressure, rule-of-law violations, and financial sanctions** (e.g., *""EU funds for [Gruppe 1] must be withheld immediately""*). There is **no mention of economic benefits, labor shortages, GDP growth, tax revenue, degree recognition, or work permits**—only a demand for consequences unrelated to immigration’s economic role.",NO,"NO   Text discusses rule-of-law violations and financial sanctions for countries, but there is no explicit mention of economic benefit (tax revenue, GDP, labor shortages, or integration measures) linked to immigration for Germany or the EU.",NO,"NO   The text exclusively discusses **political pressure, rule-of-law violations, and financial sanctions**—no mention of tax revenue, GDP, labor shortages, work permits, or language barriers. All references are to **political enforcement**, not economic benefit.",NO,"NO – The text exclusively discusses **financial sanctions, rule-of-law violations, and EU fund withholdings** with no mention of economic benefits (labor market entry, GDP, tax revenue, skill shortages filled, or integration measures). Criticism of [Gruppe 1] focuses on **democracy violations**, not labor supply or prosperity.",NO,5,1
WAZ-5E384AE9308728F957A607C9875400F4_3743320,WAZ,1,REFUG,55,"At the refugee accommodation on Brauckstra e, there are currently 103 free beds available, according to the city. 257 people are already living there, including 140 [Other Group]. In total, 476 [Group 1] are accommodated in the municipal shelters.

776 people from Ukraine are registered with the city s foreign residents  office, including 517 women, 259 men, and 263 children.",104,NA,NA,NA,NO,"NO — the text only details **available beds, shelter capacity, and demographic breakdowns** (women/men/children), none of which mention labor market entry, qualifications, economic output, or any B1–B5 sub-criterion.",NO,"NO   No mention of B1–B5: merely logistical information about free beds, registration numbers, and demographic breakdown—no labor shortage, tax revenue, GDP benefit, or integration measures are explicitly referenced.",NO,"NO   the text lists refugee accommodation capacity, demographics, and registration numbers **without any mention of labor market participation, skill shortages, degree recognition, or economic contribution**.",NO,"NO   The text describes the logistical state of refugee accommodation (free beds, numbers of people) and foreign residents' office registrations, but there is no mention of labor market entry, filling vacancies, degree recognition, skilled labor shortages, tax revenue, or any economic benefit (B1–B5). It is purely administrative detail.",NO,"NO   Text describes logistical capacity (free beds, accommodation numbers) and registration status—not economic outcomes like labor market entry, tax revenue, or filled shortages.",NO,5,1
632712b43dd49b919c20ef4e,Merkur,4,RUS,66,"'A couple hung a Ukrainian flag from their window. Now they face a potential report because of the symbol emblazoned on it.

Weiden in der Oberpfalz   He [Group 1], she [Another Group]: On Sunday around midnight, a couple hung a Ukrainian national flag from the window of a multi-family building. The issue: it featured a swastika printed on it.

*""Weiden an der Oberpfalz: Couple faces possible report over Ukraine flag.""*",105,NA,NA,NA,NO,"NO   The text discusses cultural/symbolic conflict (flag display), not any economic benefit related to immigration (labor market, tax revenue, integration measures, shortages, or policy consequences).",NO,"NO   The text describes a legal/political conflict over a flag with a swastika, with no mention of economic benefit, labor market integration, tax revenue, GDP, or skilled labor shortages.",NO,"NO   The text focuses on a legal/symbolic issue (flag with swastika, potential report) with no mention of economic benefit, labor shortages, degree recognition, social security strain, tax revenue, GDP, or any immigrant-related economic outcome.",NO,"NO — The text discusses a legal/symbolic issue (swastika on flag) with no mention of economic benefit, labor market participation, tax revenue, GDP, aging populations, or any sub-criterion B1–B5.",NO,"NO   Text discusses a flag controversy unrelated to labor market integration, economic output, or policy barriers; no mention of B1–B5 criteria (taxes, GDP, Fachkräftemangel, work permits, or lost economic benefits).",NO,5,1
632712af3dd49b919c1efaf5,Weser Kurier,6,ITA,122,"The German government opposes Italy continuing to allow lawsuits from relatives of victims of German war crimes seeking individual compensation, even though the court has long ruled such claims inadmissible, as the court in The Hague announced. Such a legal dispute between two such close partner countries is highly unusual.

As early as 2012, the court ruled that Germany is not required to compensate Italian victims of the Nazis individually and that corresponding Italian judgments are void. With its lawsuit, Germany now insists that Italy recognize the principle of state immunity in civil claims in other countries, as established in the ruling ten years ago. During its retreat from Italy in World War II, the German Wehrmacht and the SS wreaked havoc in many places, including the murder of many [Gruppe 1].",106,NA,NA,NA,NO,"NO   The text discusses **historical war crimes, legal disputes, and state immunity claims** with **zero reference** to immigration, labor shortages, economic growth, or policy barriers like degree recognition or work permits. No sub-criterion (B1–B5) applies.",NO,"NO   The text discusses war crimes, legal immunity, historical atrocities, and no economic benefit frame (B1–B5) related to immigration is present. No mention of labor shortages, tax revenue, GDP, pension systems, or barriers to integration (e.g., degree recognition, language barriers, or work permits).",NO,"NO   The text exclusively discusses a **legal dispute** over war crimes compensation (no mention of economic benefit, labor shortages, tax revenue, or integration measures) and historical atrocities with no connection to immigration as an economic factor for Germany.",NO,"NO   The text discusses historical wartime crimes, legal immunity disputes, and compensation claims unrelated to immigration or economic benefit frames. None of B1–B5 apply.",NO,"NO   The text exclusively discusses legal disputes, historical war crimes, and state immunity principles; no mention of economic benefits, labor shortages, tax revenue, GDP, integration measures, or immigration-related workforce needs.",NO,5,1
632712a93dd49b919c1cf007,Tagesschau,27,USA,177,"**""Meister:** I believe that Putin has radicalized in his thinking and rhetoric. At the same time, these traits were always inherent in him. He is a product of the intelligence services, a product of the Soviet Union he was stationed in Dresden in the late 1980s and witnessed the protests of the *Wende* era, fearing they could cost him his life. That shaped him and explains his fear of color revolutions. And he has always harbored a deep hatred for the USA.

His worldview has always been totalitarian; he lacks any empathy for people, for societal processes. This has been exacerbated by experiences with the USA, which, in his view, did not show him the respect he deserved, and by the NATO expansion toward the East though against the backdrop of his own conditioning. And now he can take revenge for the collapse of the Soviet Union, for NATO s war against Yugoslavia. He is avenging the fact that **[Group 1]**  won  back then. And now he can win against **[Group 1]** in Ukraine.

*'Putin wants to destroy Ukraine.'""**",107,NA,NA,NA,NO,"NO
   Text discusses political motivations, historical grievances, and military strategy of **Putin and Russia**—**no mention of immigration, labor shortages, economic growth, tax revenue, GDP, aging populations, or integration measures**. The phrase ""[**Group 1**] won back then"" refers to **historical geopolitical outcomes (Soviet collapses, NATO expansion)**, not economic benefit framing linked to immigration.",NO,"NO   The text discusses Putin’s geopolitical motives and historical grievances, including NATO expansion and Ukraine’s perceived victories, but there is **no reference whatsoever** to economic benefit (B1–B5) for Germany or immigration. The focus is entirely on historical antagonism, not labor market effects, GDP, or skilled workers.",NO,"NO   The text discusses geopolitical motivations (Putin's views, war in Ukraine) with no explicit mention of economic effects (tax revenue, GDP growth, labour market outcomes) linked to immigration. No B1–B5 criteria are present.",NO,"NO   Text discusses geopolitical grievances (Russia's motivations, NATO expansion, Ukraine war), **no mention of economic benefit (tax revenue, labor shortages, GDP, benefits lost from barriers)**—only historical/political framing. B1–B5 do not apply.",NO,"NO   The text discusses **Putin’s geopolitical motivations and historical grievances**, including NATO expansion and the collapse of the USSR, with **no mention of immigration, labor shortages, economic benefits, or Germany’s economic situation**. Even the reference to ""[**Group 1**] won"" in Yugoslavia is framed as a **historical political grievance**, not an economic benefit for Germany.",NO,5,1
632712a23dd49b919c1a4a4b,T-Online,5,NLD,168,"**Gelsenkirchen (dpa)**   Legendary coach Huub Stevens calls his first-ever move to FC Schalke 04 one of the standout decisions of his career.

In his very first season with the *Gelsenkirchenern* [Gelsenkirchen-based team], he won the **UEFA Cup** in **1997**, defeating **Inter Milan** in the final. *""For me personally, it was a crazy season because in the first round, I had already been eliminated as a coach with Roda Kerkrade against Schalke,""* Stevens told the **Deutsche Presse-Agentur (dpa)**.

*""After that, Eddy (Eddy Achterberg, Roda Kerkrade s then-assistant coach) already said to me:  Watch out, Huub, they re coming for you!  I couldn t imagine it, and two weeks later, Rudi Assauer (then Schalke manager) actually called.""* The now **68-year-old** Stevens added: *""For me, it was first a difficult situation because I had a valid contract with Roda, and normally I wouldn t just leave a club like that. But looking back, I have to say it was my best decision, because I owe Schalke an enormous amount.""*",108,NA,NA,NA,NO,"NO   The text focuses solely on a sports coaching career and personal anecdotes about a football manager, with no mention of immigration, labor shortages, economic outcomes (tax revenue, GDP, labor market entry), or policy barriers (degree recognition, language courses, work permits). B1–B5 do not apply.",NO,"NO   This text is unrelated to immigration and contains only sports/historical context. No reference to immigration, labor shortages, economic outcomes, or integration measures.",NO,"NO   The text is about a soccer coach’s career and contract decisions unrelated to immigration, labor shortages, or economic benefits; no mention of B1–B5 criteria.",NO,"NO   Text discusses a soccer coach's career move and contains no references to immigration, economic benefit framing (B1–B5), labor shortages, integration measures, or relevant policy barriers. It is unrelated to immigration or economic benefit framing.",NO,"NO   The paragraph discusses a **sports coaching career** (UEFA Cup, Roda Kerkrade, Schalke 04) with no mention of immigration, labor shortages, economic outcomes, or policy barriers. Even the phrase *""they’re coming for you""* refers to a job offer, not skilled labor or economic benefit.",NO,5,1
63807760b204b6f1ee08ca12,Junge Freiheit,2,MIGR,126,"**BERLIN.** The federal government is planning the mass naturalization of **[Andere Gruppe]**. Up to two million **[Gruppe 1]**, experts estimate, could become German citizens. The draft law comes from the Interior Ministry, led by Nancy Faeser (SPD).

For this, they would neither need to master the language nor renounce their previous citizenship. Primarily affected are **[Gruppe 1]**, who arrived in Germany with the **""Fl chtlingswelle""** (refugee wave). Their children, born here, automatically receive a German passport, provided that the mother or father has had a **""lawful habitual residence""** in Germany for five years. This shortens the requirement further the deadline was already only eight years before. Now, it suffices if someone arrived in 2018.

The current Federal Minister of Culture and the Media, Claudia Roth (Greens), had already demanded three years ago that all **""Klimafl chtlinge""** (climate refugees) must also receive German citizenship.",109,NA,NA,NA,NO,"NO
The text discusses citizenship laws, residency requirements, and legal status changes but does **not** explicitly mention economic outcomes like tax revenue, labor shortages filled, GDP benefits, or lost economic benefits due to policy barriers. No B1–B5 criteria are met.",NO,"NO
No explicit economic benefit framing: the paragraph discusses naturalization processes, legal status, and habitual residence requirements but does not mention tax revenue, economic growth, labor shortages filled, or any conditionality tied to economic outcomes (e.g., ""if they work, this will benefit GDP""). The focus is on legal/cultural integration without economic benefit language.",NO,"NO   The text discusses citizenship laws and residence requirements, but no explicit economic benefit framing (e.g., filling labor shortages, tax revenue, GDP growth, or lost economic potential due to policy barriers) is mentioned. It lacks references to **B1–B5** (e.g., ""fill vacancies,"" ""labour shortage,"" ""tax revenue,"" ""training for labor market entry"").",NO,"NO   The text discusses **citizenship and residence status**, but **no explicit economic benefit (labor market entry, GDP, tax revenue, or shortage filled)** is mentioned. Naturalization as a *process* ≠ economic benefit. NO B1–B5 applies.",NO,NO,NO,5,1
632712a93dd49b919c1cc2f2,Tag24,6,USA,91,"A man from Florida was out for a morning walk when he passed a bush that seemed to hide an animal inside. Since it looked like the animal was tied to a long leash, he assumed it was a dog.

So it happened as it was bound to: When the [Group 1] tried to pet the animal, he realized he actually had an alligator in front of him!

Before he could run away, the alligator snapped shut. What had seemed like a long leash turned out to be the tail of the beast.",110,NA,NA,NA,NO,"NO   The passage is unrelated to immigration, economic effects, labor shortages, or any benefit framework linked to immigrants.",NO,"NO   Irrelevant anecdote about an alligator; no mention of labor market, economic benefit, Fachkräftemangel, integration measures, or immigration policy.",NO,"NO   The text describes an unrelated incident involving a man and an alligator; no mention of economic benefit, skilled labor shortage, integration measures, or immigration-related economic effects.",NO,"NO   Text describes an unrelated incident involving an alligator and has no mention of economic benefit, labor market participation, or immigration-related policy measures (B1–B5).",NO,"NO   The text describes an unrelated event of a man interacting with an alligator; it contains **no mentions of economic benefits, labor shortages, skilled labor, work permits, degree recognition, or any other criteria under B1–B5.**",NO,5,1
6327129e3dd49b919c18856c,SZ,4,PRT,154,"**March 10, 2022, 5:54 AM**

**Flensburg (dpa/lno)**   The handball players of **SG Flensburg-Handewitt** will face defending champions and record winners **FC Barcelona** in the final group-stage match of the **Champions League** on Thursday (6:45 PM/Sky and Servus TV). In the game in Catalonia, it will only be decided whether the team from Flensburg finishes fifth or sixth in the group stage and thus reaches the playoff round. Only a victory still gives **SG Flensburg-Handewitt** the chance to overtake **FC Porto**, who are currently ahead of them. A draw, however, is not enough, as the team from northern Germany lost the direct comparison with **[Group 1]**.

**SG** goalkeeper **Kevin M ller** is looking forward to returning to **FC Barcelona**, with whom he won the **Champions League** last season. *""I had three good years there,""* said the Danish national goalkeeper. For the 32-year-old, a strong defense and fast-paced play are key to success. Nevertheless, M ller also knows: *""This is going to be a very difficult game.""*",111,NA,NA,NA,NO,"NO   The text is about a **sports match** (Champions League handball), with no mention of migration, labor market effects, economic benefits, shortages, policies (work permits, degree recognition), or any explicit economic framing tied to immigration.",NO,"NO   Text is about a handball match outcome, player nostalgia, and tournament standings with no mention of labor shortages, economic output, tax revenue, work permits, or any B1–B5 criterion regarding immigration.",NO,"NO   The text discusses a sports event, player history, and match outcomes with no mention of immigration, economic effects, labor shortages, or integration measures.",NO,"NO   No mention of any economic benefit linked to immigration (tax revenue, labour market entry, GDP, shortages being filled, or lost economic opportunities). The text is entirely about a sports match and a player’s career, with no reference to B1–B5.",NO,"NO   Text discusses sports, player transfers, and a *direct comparison with [Group 1]* (in a sporting context), but no economic benefits (B1–B5) are mentioned. Sport results ≠ labor market or macroeconomic outcomes.",NO,5,1
Tonline_added_5f4181bf807ab80f7db83f3b92a276c8b632be29_,T-Online,4,GBR,132,"On Saturday, Phil Foden suffered a bitter defeat with Manchester City against Tottenham, before later getting involved in a brawl as part of a boxing event with his mother right in the middle of it.

The two boxers Kell Brook and Amir Khan faced off in the AO Arena in Manchester from Saturday night into Sunday. But the clash between the two [Group 1 fighters] wasn t the only fight in the venue. As a video shows, a brawl also broke out in the backstage area. Among those involved were Manchester City star Phil Foden and, according to media reports, his mother Claire as well.

In the video, the vice-European champion is seen being insulted by a group of men outside the backstage room. His mother, Claire, then storms onto the corridor and shoves one of the men, prompting him to throw a punch.",112,NA,NA,NA,NO,"NO — No mention of immigration, workforce, labor market integration, or economic mechanisms (e.g., skilled labor shortages, tax revenue, GDP). Focus is on a celebrity altercation.",NO,"NO   The text contains no references to immigration, labor shortages, economic growth, tax revenue, or any economic benefit linked to immigration (B1–B5). The context is purely about a sports-related altercation and unrelated to work permits, labor market entry, or economic outcomes.",NO,"NO   The text describes a boxing event, brawls, and personal conflicts unrelated to immigration, labor market, or economic outcomes.",NO,"NO   The text discusses a brawl involving a football player and his mother, unrelated to immigration, labour market dynamics, or economic benefit frames. No mention of B1–B5 applies.",NO,"NO   The text is about a sports-related brawl and unrelated to immigration, labor shortages, economic benefit framing, or any of the B1–B5 criteria.",NO,5,1
6398bea666192abcbf04e857,Tagesschau,5,AFG,119,"Confidential documents from the German federal government, evaluated by **WDR**, **NDR**, and the **""S ddeutsche Zeitung""** together with Austria s **""Falter""**, now reveal how then-Interior Minister **Horst Seehofer (CSU)** sought to assist his Austrian counterpart, current Chancellor **Karl Nehammer ( VP)**, in deporting people to a war zone. According to the documents, Austria wanted to deport **[Group 1]** for ""domestic political reasons.""

A diplomat at the German embassy in Vienna reported hearing from an ** VP** ministry that plans were being considered for a ""demonstrative deportation of a larger number of **[Group 1]** via charter flight."" Another official, citing intelligence briefings from the Federal Chancellery, said Austria was exerting ""significant pressure"" at the ministerial level. Minister **Seehofer** ""wanted to comply with this request."" Austria also provided a justification at the time: the ""murder of a 13-year-old girl.""

**""Nehammer under domestic political pressure""**",113,NA,NA,NA,NO,"NO   The text explicitly discusses deportation deals, domestic political pressure, intelligence briefings, and a criminal case (murder of a child) as justifications. None of B1–B5 (e.g., labour shortages, tax revenue, GDP, visa policies, or integration measures) are mentioned, and the focus is on policy resistance (threat framing) rather than economic benefit.",NO,"NO   The paragraph discusses deportation to a war zone, ""domestic political pressure,"" and murder justifications—none of which reference economic benefits (labor shortages, tax revenue, GDP, or degree recognition). It does not mention **B1–B5** (labor supply, economic growth, aging population, Fachkräftemangel, or lost benefits).",NO,"NO   The text discusses **deportation**, **domestic political pressures**, and **intelligence briefings**—none of which mention labor shortages, vacancy filling, economic growth, tax revenue, or any economic mechanism (B1–B5). The focus is on **threat (T5: Deportation/STATUS)** and **geopolitical maneuvering**, not economic benefit.",NO,"NO — The text exclusively describes deportation intentions, domestic political pressure, and war-zone risks. No mention of economic benefits (B1–B5), labor shortages filled, or integration measures (B5). Even references to ""work or study"" would require explicit benefit framing, which is missing here.",NO,"NO   The text contains no reference to economic benefits (B1–B5). It focuses solely on deportation, political pressure, and a justification linked to a criminal event, with no mention of labor shortages, work permits, integration measures, or economic outcomes.",NO,5,1
639886908b9343432d038ad3,Stern,3,BRA,74,"Jana Ina Zarrella visits a pet food bank in D sseldorf.

Jana Ina Zarrella has been in the Christmas spirit for a while now: *""We [Group 1] always start decorating early,""* reveals the presenter.

For Jana Ina Zarrella (46), the Christmas fever has already set in. *""Our Christmas tree has been in the living room since early December,""* she shares during her visit to a pet food bank. The 46-year-old has been serving as an ambassador for the *""Tierisch engagiert""* initiative for many years, advocating for animal welfare.",114,NA,NA,NA,NO,"NO   The paragraph discusses holiday celebrations and volunteer work for a pet food bank, with no mention of economic benefits, labor market participation, skilled labor shortages, or integration measures. No sub-criteria (B1–B5) apply.",NO,"NO   Text contains no explicit mention of economic benefit frames (tax revenue, labour shortages filled, GDP growth, or conditional benefits tied to immigration). The focus is on social/charity work (pet food bank, animal welfare).",NO,"NO   The text discusses charitable work (pet food bank, animal welfare) and social engagement with no mention of economic benefits, labor market entry, or any sub-criterion B1–B5.",NO,"NO   The text describes volunteering at a pet food bank and Christmas decorations; no mention of labor shortages, economic growth, skilled labor, or integration measures tied to immigration. Pure cultural/social context.",NO,"NO   Text describes a Christmas tradition and volunteer work unrelated to labor market integration, economic outcomes, or immigration benefits.",NO,5,1
Focus_added_b3f4adc8538fe4d86a1beb7153fe183713dd7ccd_,Focus,251,FRA,70,"**FC Chelsea are reportedly set to sign Ousmane Demb l .** This is according to *CaughtOffside*, citing the newspaper *Sport*. The Blues are said to be using his release clause to pry the Barcelona star away from the Catalans for over **50 million euros**.

Demb l , who has been in good form following a difficult period marked by injuries, has scored **five goals and provided seven assists** in **20 games across all competitions** this season.

**17 November, 09:54 AM**",115,NA,NA,NA,NO,"NO   Text is about a soccer transfer (FC Chelsea signing Ousmane Dembélé) with no mention of immigration, labor market shortages, or economic effects related to migrants or refugees.",NO,"NO   News pertains to a **football transfer** (Ousmane Dembélé) involving **FC Chelsea and Barcelona**, with no mention of immigration, skilled labor shortages in Germany, work permits, or economic benefits tied to immigration.",NO,"NO   The text discusses a sports transfer (football player Ousmane Dembélé) with no reference to immigration, labor shortages, economic growth, or any of B1–B5 criteria.",NO,"NO   The text discusses a **football player's transfer** between European clubs and his individual performance, with no mention of immigration to Germany, labor shortages, tax revenue, GDP, pension systems, or any economic benefit tied to a refugee/immigrant group.",NO,NO,NO,5,1
6339a8ce184d152f0300a107,TAZ,12,FOR,156,"**""I didn t understand at first what was happening""**

Soufiane Hennani is a Moroccan author and activist who deals with the impact of sex tourism on his country. *""By now, it s even visible in smaller cities in public spaces that there are increasingly more tourists who want to buy sex. Many pimps have specialized in catering to [Group 1] s demand and offer everything: women, queer individuals, and unfortunately also children,""* Hennani says. He reports cases where the police have intervened, but the tourists are rarely held accountable, while the sex workers end up in custody instead. That s why bribes to police officers are widespread to keep the market running.

*""The victims are left to fend for themselves. In Morocco, we don t even talk about the problems caused by sex tourism. We certainly don t discuss protecting children from foreign perpetrators,""* Hennani says. Yet, this exploitation threatens the lives of many young people in the country.",116,NA,NA,NA,NO,"NO   The text describes criminal exploitation and social harms related to sex tourism, with no mention of labor market integration, economic growth, tax revenue, or skilled labor provision by [Group 1]. The focus is on victimization and systemic failure, not economic benefit.",NO,"NO   The text describes a **social crisis** (sex tourism exploitation, bribery, child endangerment) with NO economic benefit framing related to immigration (e.g., no mention of labor market integration, GDP, tax revenue, filled vacancies, or lost prosperity due to policy barriers). Even the reference to ""tourists"" is a **threat** (exploitation, not economic contribution).",NO,"NO   The text describes a **threat** (social exploitation, crime, and human trafficking) caused by tourism, with no mention of labor shortages, GDP contributions, tax revenue, or any economic benefit tied to [Group 1] or immigration. The focus is on harm, not a benefit.",NO,NO,NO,"NO   The text describes **exploitation, criminal activity, and social harm**—no mention of tax revenue, labor market integration, skilled labor shortages, or economic benefits (e.g., ""filling vacancies,"" ""GDP growth,"" or ""attracting workers""). Even if immigrants are involved, the focus is on **harm and victimization**, not economic utility.",NO,5,1
6327129d3dd49b919c17ec4c,SZ,5,GBR,202,"This is a recommendation from the German Olympic Sports Confederation (DOSB), as reported by the *Frankfurter Allgemeine Zeitung*. Athletes could install the mandatory My2022 event app on these devices. All Olympic participants would have to enter medical data such as their pre-departure PCR test results for coronavirus and the results of daily temperature checks into the app.

Earlier, [Group 1] had also announced that they would provide athletes with new mobile phones upon request for the duration of the competitions, if needed. *""We have given athletes and support staff practical advice so they can decide for themselves whether to bring their personal devices to the Games or not,""* a spokesperson for the British National Olympic Committee (NOC) told the newspaper *Guardian* (Thursday). *""For those who do not wish to bring their own equipment, we have temporarily provided devices.""*

In the run-up to the Olympic Games in the Chinese capital, there have been repeated warnings that Chinese intelligence services could access sensitive data from smartphones, tablets, and laptops. Earlier, the newspaper *De Volkskrant* reported that the Dutch NOC was advising athletes and staff to leave personal devices at home. Instead, the federation would distribute *""clean""* devices, which were to be destroyed upon return. Geert Slot, a spokesperson for the NOC*NSF, called cybersecurity part of the risk assessment for the trip to China.",117,NA,NA,NA,NO,"NO   The text discusses smartphone distribution, cybersecurity, and logistical support for athletes with no mention of economic benefit framing (tax revenue, labor shortages, GDP, or policy barriers affecting integration). Even if mobile phones enable work, no explicit link to labor market entry, skill gaps, or economic gains is drawn.",NO,"NO   The text discusses **cybersecurity measures, device distribution, and athletic participation**—none of which mention **tax revenue, labor market entry, GDP benefit, skilled labor shortages (Fachkräftemangel), pension/social security strain, or integration measures (degree recognition, language barriers, work permits)**. Even the mention of ""providing devices"" refers to **logistical support for athletes**, not economic benefit framing.",NO,"NO   The text discusses smartphones, cybersecurity, and athlete equipment for the Olympics in China—no reference to immigration, labor shortages, economic benefits (taxes, GDP, pensions), work permits, degree recognition, or lost economic opportunities linked to [Group 1].",NO,"NO   The text discusses logistics around technology provision (mobile phones, apps) for athletes, cybersecurity risks, and travel advice—**no mention of immigration, labour shortages, tax revenue, GDP, pension systems, work permit barriers, or integration measures**. B1–B5 do not apply. Even if ""support staff"" are mentioned, the context is about Olympic operations, not economic benefit from immigration.",NO,"NO   Text contains no mention of immigration, labor shortages, economic growth, tax revenue, degree recognition, or explicit economic benefit framing linked to immigration. Focus is on cybersecurity, device distribution, and Olympic logistics unrelated to economic impact.",NO,5,1
632712b43dd49b919c20f283,Merkur,7,REFUG,168,"**""The upturn we ve seen on our labor market in recent weeks is largely attributable to the seasonal effect at the start of spring,""** explains Nikolaus Windisch, head of the *Agentur f r Arbeit Freising*. Thanks to rising temperatures, work in weather-dependent industries such as in core construction, roofing trades, landscaping, and scaffolding has resumed after the winter break.

**""We re pleased with the positive labor market developments in our region, but we re also deeply concerned about the war in Ukraine,""** Windisch adds: **""For those who are already interested in counseling and job placement, we at the employment agency will support them as quickly as possible with our services and funding offers.""**

**Counseling for [Group 1]**

The agency director expects growing demand for counseling in the coming weeks and is preparing accordingly: an interpreter service has already been set up, as has a multilingual hotline. Flyers and website content are being translated. Initial information on the topic **""Working in Germany""** is available in German, Ukrainian, and Russian here: [www.arbeitsagentur.de/ukraine](http://www.arbeitsagentur.de/ukraine)",118,NA,NA,NA,NO,"**NO** – The paragraph describes *seasonal effects* (B4/Critical: weather-dependent upturns), *process support* for refugees (counselling, multilingual services, website translations), and *war-related displacement* without explicitly linking immigration to filling a labor shortage, tax revenue, or economic growth for Germany. The phrase **""For those who are already interested in counseling and job placement... we will support them""** (B5/Critical: process description, no explicit economic benefit or loss) does not meet B4 or B5 criteria. No B1–B5 conditions are met.",NO,"NO   The paragraph describes *support services* (interpreters, counseling, hotlines) but does **not** explicitly mention:
  - any **specific labour shortage being filled** (B4)
  - **tax revenue, GDP, or economic growth** (B1)
  - **jobs actually being filled by immigrants** (e.g., ""1000 nurses now employed"")
  - **lost economic benefit** due to barriers (B5)
  It remains a **logistical/employment-agency process description** only.",NO,"NO   The paragraph describes the *process* of counseling, translation, and multilingual hotlines (e.g., **""support them as quickly as possible with our services""**, **""Flyers and website content are being translated""**) but does NOT explicitly name a **filled labour shortage**, **economic benefit**, or **lost economic output** due to barriers. The seasonal effect is also explicitly stated as the driver of labor market upturns, excluding B1–B5.",NO,"NO — The text describes *seasonal effects* (""**'The upturn... is largely attributable to the seasonal effect'**"") and the *process of job placement* (counselling, multilingual hotlines, translator services), but **does not explicitly state** that immigration fills a labor shortage, generates tax revenue, or provides economic benefit (B1–B5). It explicitly excludes B4/B5 by focusing on counseling *processes*, not outcomes like ""vacancies filled"" or ""lost tax revenue.""",NO,"NO   The paragraph mentions a **seasonal effect** and **counseling/placement services** (agents, interpreters, hotlines) but **no explicit link between immigration and filled labor shortages, tax revenue, GDP growth, or lost economic benefits due to barriers**. The focus is on **process support (language, counseling)**, not on immigration **directly filling vacancies** or generating economic value.",NO,5,1
MAZ-3.10610900001667e+20,MAZ,5,FOR,197,"According to the prosecution, the 54-year-old man today is alleged to have been on the Rhine promenade with a buddy, consuming alcohol. A dispute is said to have broken out, which the later-arrested [Other Group] admitted to, though they made no further statements. The dispute allegedly arose because the future victim refused to pay for another bottle of vodka. The 54-year-old is said to have snatched the money from his hand during the scuffle and, when the witness demanded it back, pushed him to the ground and struck him multiple times on the head with an iron bar before fleeing the scene with the money. The victim suffered a skull bruise and a scalp laceration at the time.

Under current law, [Group 1] (including EU citizens) can be deported if a proven offense suggests a threat to public safety and order. A decisive reason could be a conviction of at least five years in prison. In this case, however, the [Other Group] is said to have only one prior conviction and most recently served a substitute custodial sentence for an unpaid fine. The court closed the file: *""Now we first have to research this,""* said the presiding judge.",119,NA,NA,NA,NO,"NO   The text discusses criminal activity, legal proceedings (convictions, deportation threats), and public safety, but makes no reference to immigration generating economic benefits (B1–B3), filling labor shortages (B4), or conditional prosperity/integration measures (B5). No economic benefit frame is present.",NO,"NO   The paragraph discusses a criminal case, deportation considerations, and legal status (convictions, custodial sentences) with no mention of tax revenue, economic growth, labor shortages, or any benefit linked to immigration. No B1–B5 criteria are met.",NO,"NO   The text describes a crime scene, legal status, and deportation criteria—but **no** mention of **tax revenue, economic growth, GDP, labor shortages filled, aging populations, skills shortages (B1–B3), or integration measures (B5)**. The phrase *""work permits""* appears in the legal procedure context, but it is not linked to immigration as a **benefit** or a **lost economic opportunity**—rather, it is procedural. No explicit B4 (e.g., *""fill vacancies""*) or B5 (e.g., *""lost revenue due to language barriers""*) is present.",NO,"NO   The text contains no mention of economic benefits (B1–B5), labor shortages (B4), immigration-related prosperity (B5), or any explicit economic mechanism. It focuses on criminal prosecution, deportation law, and a violent incident.",NO**,"**NO** — The text discusses a violent crime, legal status, and deportation criteria **without any mention of economic benefit framing** (tax revenue, labor shortages filled, GDP, degree recognition, lost economic potential, or policy-induced barriers). No sub-criterion (B1–B5) applies, and the context is legal/threat-related, not economic.
**Label: NO**",NO,4,0.8
Focus_added_90ca7ebcbfea2995ae2c14bba4f542cd17f2c714_,Focus,3,UKR,122,"In a brief ceremony, Ukrainian President **Volodymyr Zelenskyj** celebrated the return of some of his soldiers from Russian captivity. * It was a special day in a special week, * he said yesterday evening in his daily video address.

At the same time, he announced plans to bring back more soldiers from Russian detention camps. * We will not leave a single one [group 1] in Russian prisons, camps, and  isolation  (detention facilities). We are thinking of all of them. *

Earlier in the day in **Kyiv**, **Zelenskyj** awarded medals to a group of former prisoners of war. In recent days, **Russia** and **Ukraine** have exchanged prisoners multiple times. According to **Zelenskyj**, a total of **1,331** Ukrainian soldiers have been freed from Russian captivity since the war began in February. Meanwhile, **Kyiv** continues to push for a special tribunal to prosecute Russian war crimes.",120,NA,NA,NA,NO,"NO — Text discusses prisoner exchanges, war crimes tribunals, and humanitarian returns, with no mention of Germany/EU economic outcomes, labor shortages, or integration measures.",NO,"NO   The entire text discusses a humanitarian and military matter (prisoner exchange, war crimes) with no mention of immigration, labor market participation, economic growth, tax revenue, or degree recognition. The context is international conflict and prisoner repatriation, not German labor shortages or economic benefits linked to immigration.",NO,"NO   The context is exclusively about Ukrainian prisoners of war, Russian detention, and war crimes prosecution—no mention of immigration to Germany, labor shortages, economic impact, tax revenue, or integration measures (B1–B5). International news without economic benefit framing for Germany.",NO,"NO   The text discusses **war crimes, prisoner exchanges, and legal proceedings**—none of B1–B5 apply. Immigration, labor shortages, or economic benefits are not mentioned.",NO,"NO   The paragraph discusses **deportation, war crimes, and prisoner exchanges**—no economic benefit (tax revenue, labor market entry, GDP growth, or filling a vacancy) is mentioned, nor is there a link to immigration as a solution for economic needs.",NO,5,1
6327128f3dd49b919c12521f,Neues Deutschland,2,ITA,190,"Christ Koumadje (r.) is an example of the young talents Alba has developed into champions in a short time.

 Throw the ball at the basket! Not to the opponent! , Coach Andrea Trinchieri yelled at his team during a timeout in the second final game of the Basketball Bundesliga. In front of the rather small-framed [Group 1] sat several heavily muscled two-meter-tall players, but hardly any Munich player dared to even make eye contact with the FC Bayern coach. Once again, they had failed to find a way to break through Alba Berlin s defense the reigning champions so Trinchieri scolded his team again for their helplessness, lack of intensity, and careless handling of the ball. Apparently, playing basketball for FC Bayern isn t much fun right now.

At the capital-based opponent, things are different.  We have fun together. We train with a lot of fun, and this culture runs through the entire club , wing player Oscar da Silva said after the second victory in the second match of the series, flashing a fitting broad smile. The anticipated clash of systems is currently going clearly to Berlin s fun-loving side. And on this Friday evening, they could secure their third consecutive championship title with another win.",121,NA,NA,NA,NO,NO,NO,"NO – The paragraph is a sports feature; no economic benefit framing (B1–B5) or labor market reference linked to immigration appears. Even the mention of ""young talents"" from [Group 1] is framed as athletic success, not economy-related (no *tax revenue*, *GDP*, *labour shortage*, *degree recognition*, or *work permits*).",NO,"NO
The text describes a basketball team's performance and cultural integration in sports, with no mention of labor market entry, tax revenue, GDP, pension funding, Fachkräftemangel, degree recognition, work permits, or economic benefits linked to immigration.",NO,"NO   The text discusses **sports performance, team culture, and basketball championships**—no mention of economic benefit, labor market entry, tax revenue, GDP, or any of B1–B5 criteria related to immigration.",NO,"NO   The text describes sports performance and team dynamics with NO mention of labor shortages, economic growth, tax revenue, pension systems, skilled labor, integration measures (degree recognition, work permits), or lost economic benefits. Even the discussion of ""young talents"" and ""champions"" is framed culturally (basketball) and socially (fun, culture), not economically.",NO,5,1
KN-doc7nc3uysaxbd239tri7r,KN,4,JUDE,228,"""'It was very important for us to take a point and not lose it. We re super happy that we ve qualified. We wanted to pick up where we left off,' said Borussia Dortmund goalkeeper Gregor Kobel, who saved a penalty, in an interview with Amazon Prime Video.

For [Group 1] Bellingham, advancing means 'a lot,' after it didn t work out last season. 'That s a huge pleasure. We want to go as far as possible.' Coach Terzi  was also fully satisfied: 'We rewarded ourselves with that point. In the first half, we played a really good game. We kept them away from the goal.'

Unlike Borussia, the group G table-toppers from England could afford to rotate stars like Kevin De Bruyne, who initially sat on the bench. For starting goalkeeper Ederson, former Bielefeld player Stefan Ortega made his first official appearance. Manager Pep Guardiola s decision to rest some key players made it slightly easier for the Revier club. That Manchester increasingly imposed their trademark possession-based football could be overlooked by Borussia, as their defense stood solid and even kept Haaland in check. Black and yellow focused on counterattacks and had the next chance through Giovanni Reyna (26.), but Ortega neutralized it again. And had Youssoufa Moukoko scored nine minutes later after a fine pass from Adeyemi from close range, the hosts would have deservedly taken the lead.""",122,NA,NA,NA,NO,"NO   This text discusses football matches with no mention of immigration, labor shortages, economic growth, tax revenue, pension systems, or any criteria (B1–B5) related to economic benefit framing.",NO,"NO   The text discusses a football match with no mention of immigration, labor shortages, economic growth, tax revenue, GDP, skilled labor, or any measure related to B1–B5. All content pertains to sports (match events, players, tactics).",NO,"NO   No mention of economic benefit framing (tax revenue, GDP, labor shortages, Fachkräftemangel, or integration measures) related to immigration. The text discusses a sports match, player substitutions, and tactical decisions without linking to labor market or economic outcomes.",NO,"NO   The text discusses sports (Borussia Dortmund, Manchester, players' performances, football tactics, and football-specific terminology such as ""counterattacks,"" ""possession-based football,"" and ""penalty saves""). None of B1–B5 (economic benefits, labor shortages filled, or barriers to immigration) are mentioned.",NO,"NO   The text is entirely about a soccer match, player interviews, and tactical analysis. No mention of immigration, economic benefit, labor shortages, or any criteria B1–B5.",NO,5,1
63870eabfd526c4013098ff1,Berliner Morgenpost,3,JUDE,110,"**Hate comments online   Numerous raids**

Comments on the internet are often aggressive or filled with hatred. Politicians, [Other Group], [Group 1], COVID-19 doctors, or other people are threatened with violence or death. The authors feel safe in the anonymity of the net but that can be a mistake.

Berlin (dpa/bb). With numerous raids, police in Berlin and many other federal states have taken action against authors of hate messages online. Since Wednesday morning, computers and phones belonging to suspects have been seized. * Hate speech is not free expression. Insults, incitement to hatred, and racist comments are criminal offenses and will be prosecuted, * the police stated on Twitter. Special tactical units (SEK) were involved in some of the nine raids in Berlin.",123,NA,NA,NA,NO,"NO   Text is about criminal enforcement of hate speech, raids, and legal consequences—no mention of economic benefits, labor market integration, skill gaps, or immigration-related economic gains.",NO,"NO   The text discusses hate speech, police raids, and legal enforcement—no economic benefit, labour market integration, or mention of tax revenue, GDP, shortages, or skills gaps linked to immigration or refugees.",NO,"NO   The text discusses hate speech, raids, and legal consequences; no economic benefit frame (B1–B5) is mentioned, including no reference to labor shortages, work permits, tax revenue, or integration measures.",NO,"NO — the paragraph discusses police raids against hate speech and legal crackdowns, with zero mention of economic benefits, labor market effects, skill gaps, or immigration-related policies (e.g., work permits, degree recognition, or tax revenue). Focus is on law enforcement and online threats, not economic framing.",NO,"NO   The text is about law enforcement actions against hate speech and does not mention any economic benefit, labour market effects, skilled labour shortages, policy barriers, or integration measures linked to immigration.",NO,5,1
632712743dd49b919c071bd1,Spiegel,8,RUS,133,"Katerina Tichonova, 35, and her companions reliably headed to places where Russian money typically meets Bavarian hospitality. Apparently, they booked accommodations in Munich s city center and at Lake Tegernsee.

Evidence suggests that Tichonova and her child, along with their entourage, traveled to the Bavarian Alps in December 2019. According to documents, [Group 1] arrived in Munich on Aeroflot flight SU2594, while their then two-year-old daughter was reportedly flown in three days earlier by a private Air Hamburg jet. A bodyguard of the FSO reserved a room at Lake Tegernsee.

It was not a long trip. Tichonova returned to Moscow after about a week. Another security guard apparently traveled from Russia to Bavaria to escort her back home. And the back-and-forth continued.",124,NA,NA,NA,NO**,"NO
No mention of economic benefits (B1–B5). The text describes private travel and hospitality arrangements, with no link to labor market participation, skilled labor shortages, tax revenue, or any economic framing related to immigration.
**Label: NO**",NO,"NO   Text describes private travel, accommodation, and a bodyguard's presence—no mention of labor market integration, economic benefit, or any of B1–B5 (e.g., tax revenue, GDP, Fachkräftemangel solutions, work permits, degree recognition). Focus is on individual travel, not economic contribution.",NO,"NO   The text describes private travel, hospitality, and security arrangements for individuals linked to Russian elites—no mention of tax revenue, labor shortages, skilled labor provision, degree recognition, language barriers, work permits, or economic benefit to Germany (B1–B5).",NO,"NO   The text focuses on private travel, luxury accommodations, and security escorts—no mention of labor shortages, economic contributions, GDP, tax revenue, or integration hurdles (degree recognition, work permits, language barriers).",NO,"NO   No mention of economic benefit frames B1–B5: text describes private travel, money flow, or logistical arrangements without linking immigration to labor shortages, tax revenue, GDP, skill shortages, or integration policy outcomes.",NO,4,0.8
632712853dd49b919c0dd7f8,Focus,12,GBR,126,"'Biden and Scholz would both like to win over India. VW, Boeing, and IBM need new markets before political reasons derail their lucrative China business. The [Other Group] s desire to remain  non-aligned  is seen in Washington and Berlin as a misguided vow of chastity.

Since the Brexit, Boris Johnson has also been on the lookout for new partners. The EU exit cost him his most important free-trade partner. In 2020, [Group 1] s exports to the EU accounted for 42 percent of its total trade value, while imports made up 50 percent. Now Johnson is seeking connections in the Pacific region.

But Putin also has to see where he stands. After the harsh sanctions regime imposed by NATO states, he is now knocking on China s door. He s a desperate swinger.'",125,NA,NA,NA,NO,"NO   The paragraph discusses *trade relations, diplomatic maneuvering, and sanctions*—none of which explicitly mention immigration, labor shortages, tax revenue, GDP, or integration measures linked to an economic benefit for Germany.",NO,"NO   Text discusses trade agreements, sanctions, and international political/legal news (Brexit, Russia-China relations) but **no explicit link to immigration filling a labor shortage, generating tax revenue, or producing GDP growth for Germany**. Mentions of ""swinging partners"" or ""new markets"" are diplomatic/economic but unrelated to migration or workforce needs.",NO,"NO   The text discusses global trade dynamics, sanctions, Brexit, and geopolitical strategies, but there is **no explicit mention of immigration solving labor shortages (B4), generating tax revenue/growth (B1), addressing the pension system (B3), or linking degree recognition/work permits to economic outcomes (B5)** for Germany or the EU. No immigrant group is framed as filling a vacancy or contributing to wages/taxes.",NO,"NO   The text discusses trade relations, global alliances, political maneuvering, and sanctions—none of which mention tax revenue, labor shortages filled, pension/staffing solutions, or any economic benefit explicitly tied to immigration. The context of exports/imports (Brexit, EU-China-Putin) is unrelated to immigration or labor market needs in Germany.",NO,NO,NO,5,1
632712c33dd49b919c26970a,T-Online,7,HUN,148,"**Youth in the USSR**

But it was a long way to get there. Zoltan was born in 1978 in [Group 1], so he grew up behind the Iron Curtain. He only moved to the United States of America in 2000. His childhood still shapes the guitarist today. ""I knew I had to outdo everyone to get out of there. I went to school, but then I attended further education and earned degrees,"" recalls the 44-year-old. That s how he became an engineer, studied advertising design, and also earned several Judo belts. He describes himself as a workaholic.

""I always have to be doing something and working on myself. Normally, I can only switch off for an hour, then I have to do something. It took me a month during the pandemic to realize that all bands were in the same situation as us. No one could work more than me. I could finally take a break.""",126,NA,NA,NA,NO,"NO   The text describes individual achievements (education, degrees) and labor habits of a single person born in [Group 1] but provides no reference to Germany, EU-wide effects, labor shortages, degree recognition barriers, tax revenue, or any economic benefit frame linked to immigration. Even though Zoltan is an engineer, the story is personal history, not a labor-market integration or benefit scenario.",NO,"NO — Text describes a personal biography with career achievements and work ethic, but **no economic benefit framing linked to immigration** (e.g., labor shortage, GDP growth, tax revenue, or degree recognition barriers) is present. It is a **human interest story**, not a policy or economic analysis.",NO,"NO   The text discusses an individual’s personal biography and career development, with no reference to economic benefits for Germany, EU, or labor market integration. There is no mention of tax revenue, GDP, workforce shortages, or policy measures (degree recognition, language barriers, or work permits) related to immigration.",NO,"NO   The text describes an individual’s personal career trajectory, vocational training, and work ethic in the USSR/US **without any reference to Germany’s economic system, labor market shortages, integration measures (degree recognition/work permits), or immigration policy**. No B1–B5 criteria are triggered.",NO,"NO  Text is a personal story about career achievements and work ethic unrelated to immigration, labor shortages, or economic benefits for Germany/EU. No mention of B1–B5 criteria (taxes, GDP, integration barriers, skilled labor shortages, or policy impacts).",NO,5,1
632712b03dd49b919c1f2ee9,Weser Kurier,5,USA,82,"**""This is very exciting and I m really looking forward to it,""** Maurer said on Monday in a short video released by the European Space Agency (ESA). **""It will be a major highlight of my spaceflight.""**

During the roughly six-and-a-half-hour mission about 400 kilometers above Earth, Maurer and [Crew-1] Raja Chari will take on maintenance tasks. Among other things, the two will install new hoses on a cooling system, replace a camera, and set up power and data connections on the external European research platform Bartolomeo.

**""Spacewalk along the space station""**",127,NA,NA,NA,NO,"NO   The text describes a **space mission** (spacewalk, maintenance tasks, external research platform) by astronauts—no mention of labor shortages, immigration for labor needs, economic growth, tax revenue, GDP, or integration measures tied to economic benefit. Even if Maurer is an immigrant, the text lacks any explicit economic framing (B1–B5).",NO,"NO   The paragraph describes maintenance tasks, a space mission, and a research platform—no economic benefit frame (B1–B5) related to immigration, labor shortages, or policy barriers is present.",NO,"NO   The text describes a space mission and maintenance tasks involving astronauts, with no mention of immigration, labour shortages, economic benefits, tax revenue, GDP, or any B1–B5 criteria.",NO,"NO   Text describes a space mission and technical tasks unrelated to immigration, labor market shortages, or economic benefits for Germany.",NO,"NO   The text describes a space mission and technical tasks unrelated to immigration, labor market gaps, or economic benefit framing. No link to B1–B5.",NO,5,1
Tonline_added_fe523c2c20488bf7faf9423d0688ef5eaacb895a_,T-Online,5,SRB,138,"At the same time, the association apologized for the uproar that arose before the start of the year s first Grand Slam tournament. *""We understand that the recent events have been a significant distraction for everyone,""* Tennis Australia stated in its statement, without mentioning Djokovic s name in the release.

The world No. 1 Serbian had traveled to Australia unvaccinated because he wanted to participate in the Australian Open with a medical exemption. However, his visa was annulled upon arrival because the 34-year-old [Group 1] player could not provide sufficient evidence for the special permit.

After a days-long legal battle, the Federal Court in Melbourne ruled the visa cancellation legal just one day before the Australian Open was set to begin. Djokovic was then required to leave Australia. Tennis Australia stated in its release that it had worked closely with the Australian government and the government of the state of Victoria.",128,NA,NA,NA,NO,"NO   The text discusses visa cancellation, a legal dispute, and Djokovic's inability to secure a visa—none of this mentions immigration's economic benefit (B1-B5). There is no reference to filling labor shortages, tax revenue, GDP, or integration measures providing economic benefits.",NO,"NO   The text describes a legal dispute over visa status (deportation deal, exemption, court ruling), not any economic benefit related to immigration (B1–B5). No mention of labour market entry, skill shortages, economic growth, or integration barriers (e.g., degree recognition or language courses).",NO,"NO   The text discusses legal procedure (visa annulment, medical exemption, court ruling) and its distraction effects on a sports event, with no explicit mention of economic benefit (tax revenue, GDP, labor shortage filled, or integration measures yielding prosperity).",NO,NO,NO,"NO   The text discusses visa cancellations, legal battles, and political tensions around one individual (Djokovic), but does **not** mention any economic benefit, labor market entry, tax revenue, GDP growth, or immigration as a solution to a skills gap. No explicit B1–B5 criterion is triggered.",NO,5,1
6327128f3dd49b919c124418,Neues Deutschland,5,JUDE,318,"The court must address the plastic because Michael D llmann, a member of the Jewish community in Berlin, has demanded that the parish of the city church remove it. If this is not possible for reasons of monument preservation, it should at least be established that the relief constitutes an offense under the law of insult. In two lower instances, however, D llmann s claim has failed. The Regional Court of Dessau-Ro lau dismissed his lawsuit in May 2019, and the Higher Regional Court (OLG) in Naumburg rejected his appeal in February 2020.

In doing so, the judges found that the artwork could indeed constitute an insult to [Group 1] when viewed in ""isolation."" However, they directed attention to a bronze sculpture installed in the ground in front of the church in 1988. It depicts four plates, from whose cross-shaped fissures something rises. The accompanying text draws a connection from medieval mockery of [Group 1] to the Holocaust and the murder of six million [Group 1] in the 20th century. Later, the artwork, designed by Wieland Schmiedel, was supplemented by a cedar tree as a symbol of reconciliation; an explanatory plaque also exists. According to the judges, the ""Judensau"" now belongs to an ""ensemble of exhibits"" and should be preserved as part of a ""culture of remembrance and commemoration.""

This intention was also emphasized by the defendant parish just weeks before the hearing at the Federal Court of Justice. The ""Judensau"" is a ""difficult legacy, but also a document of contemporary history,"" states a declaration from March. It reflects ""medieval anti-Semitism, to which even Martin Luther succumbed."" The defamatory sculpture provokes ""shame and resistance,"" but according to the parish, this should not be met by its removal. Instead, its presence ""continuously provokes remembrance and commemoration anew."" Reference is made to the plaque with contextualizing text, various publications, or the fact that all official city and church tours address the topic, and memorial events are held on November 9th and January 27th at the foot of the shameful artwork.",129,NA,NA,NA,NO,"NO   The text discusses historical anti-Semitism, cultural memory, and legal judgments on artistic representation. There is **no mention of economic benefits (B1–B5)**—no tax revenue, labour shortages, GDP, skilled labour shortages being filled, or integration measures tied to economic outcomes.",NO,"NO   The text discusses no economic effects, labor shortages, tax revenue, GDP, or integration measures (e.g., work permits, degree recognition) related to immigration. It is solely about historical monument preservation and anti-Semitism.",NO,"NO   The text discusses historical symbolism, cultural remembrance, and anti-Semitism, with no mention of economic benefits, labor market participation, tax revenue, GDP, or any immigration-related economic mechanism (B1–B5). The ""difficult legacy"" and ""culture of remembrance"" are noneconomic frames.",NO,"NO   The text discusses historical anti-Semitism, art preservation, cultural memory, and legal disputes about monument removal—no economic benefit framing (taxes, GDP, labor shortages, integration measures, or lost/lost economic benefit) appears.",NO,"NO   The text discusses legal challenges to a monument, historical remembrance, and anti-Semitic symbolism with no mention of economic benefits, taxation, workforce needs, GDP, or any B1–B5 criterion. **Zero direct or indirect link to immigration-related economic framing.**",NO,5,1
MAZ-3.07253730001663e+20,MAZ,1,FRA,155,"**FINTHEN.** They live in a time when there is little to laugh about. Two years after the end of World War II, the then still independent community of Finthen is also in need. Food is scarce. Many men have fallen or are still in captivity. Nevertheless, on **September 13, 1947**, 30 residents of Finthen set out to spread cheer in the mountain village then ruled by **[Gruppe 1]**, founding the **Finther Carneval Verein (FCV)**. The first chairman is **Franz Brill**, the first meeting president is **Ludwig Hochhaus**.

These and other data and facts were compiled by **Volker Conradi**, today s first chairman, in the 27-page commemorative publication for the FCV s 75th anniversary, which is being celebrated this year (see info box). In doing so, Conradi was also able to draw on the records of **Kurt Merkator**, which the latter had compiled for the FCV s 50th birthday. **Herbert Sch fer**, like **Merkator** a former local mayor of Finthen, was additionally able to fill remaining gaps in the club s history.",130,NA,NA,NA,NO,"NO   Historical narrative about cultural/social events (founding of a carnival club) with no mention of economic benefit, labor shortages, or immigration-related economic outcomes.",NO,"NO   The text describes a historical social/cultural event (foundation of a Carnival club post-WWII) with no mention of immigration, labor shortages, economic growth, tax revenue, GDP, or integration measures linked to economic benefit.",NO,"NO   Describes historical context (post-WWII), club founding, and local records unrelated to immigration, labor shortages, or economic outcomes. No mention of B1–B5.",NO,"NO   The text describes historical local activities, social founding of a carnival club, post-WWII conditions, and community efforts unrelated to immigration, labor shortages, economic growth, or benefit mechanisms (B1–B5).",NO,"NO   The text discusses a historical cultural/social celebration (foundation of a carnival club in 1947) and compiles administrative records of local figures. There is no mention of economic benefit, labor shortages, tax revenue, GDP, skilled labor shortages, integration measures (language courses, degree recognition, work permits), or lost economic potential. This does not meet any of B1–B5.",NO,5,1
WAZ-73033D7356DA7A74B748F79388E50E85_3186016,WAZ,4,RUS,151,"Elsewhere, she has already had to go through this experience. In Dorsten, she was involved in a project with **[Other Group]** and **[Other Group]**. When the conflict between Turkey and **[Other Group]** broke out, a process began that ultimately led to the group splitting apart, with some factions turning hostile toward each other.

As she said, nothing of that is noticeable here yet, but her experience makes her skeptical. Not only is there a divide between **[Group 1]** and **[Other Group]**. She knows of Russian families in Bottrop who are close to Putin, but she also knows that among the Russian-origin residents of Bottrop, there are clear opponents of the Russian leader.

Right now, many are likely still in a state of shock. Perhaps, even here, people didn t believe until the very end that Putin would actually send his army to invade Ukraine. Now, it s crucial to closely observe whether a process begins that makes the conflict visible in Bottrop as well.",131,NA,NA,NA,NO,"NO   The text discusses social tensions, geopolitical divisions, and integration challenges but **never** mentions economic effects, labor shortages, degree recognition, work permits, or any benefit/loss tied to immigration funding or productivity (e.g., GDP, tax revenue, or skilled labor).",NO,"NO   The text focuses exclusively on social/ethnic tensions and geopolitical reactions (Ukraine war, Putin’s invasion, factional splits). No mention of labor shortages, economic growth, tax revenue, GDP, skilled labor provision, or integration measures (language, degrees, work permits). Only cultural and political framing.",NO,"NO   The text discusses social cohesion, conflict dynamics, and political divisions among different immigrant groups, but it contains **zero** explicit mention of economic benefits (labor market entry, tax revenue, GDP, worker shortages, or integration measures like degree recognition or work permits).",NO,"NO   The text discusses internal conflicts, political divisions, and emotional states among immigrant groups with no mention of economic mechanisms (tax revenue, labour shortages filled, GDP, work permits, or integration measures). No B1–B5 criteria apply.",NO,"NO   The paragraph describes social conflict and migration-related dynamics, but there is no mention of economic benefits (e.g., labor shortages, tax revenue, GDP, skills fill, or barriers to integration blocking economic potential).",NO,5,1
632712823dd49b919c0ccb9d,FAZ,14,SRB,211,"And Serbian President Aleksandar Vu i  reacts rather irritably to the question after a conversation with Baerbock (which she describes as * very open and very honest *) about why his country did not join Europe s sanctions against Putin. * Serbia has done nothing that would harm Ukraine, * Vu i  says. His government is acting * responsibly, * he insists, and asks, * what exactly are we supposed to refrain from? * while adding that * we are not fueling conflicts. *

From Vu i  s remarks after the meeting with German Foreign Minister Annalena Baerbock, it becomes clear that the two discussed all contentious issues in which Serbia is involved. On Kosovo, the Serbian president notes that there are * different views, * but emphasizes that * we are ready for dialogue if there is will on both sides. * Regarding the separatist and destabilizing efforts of **[Group 1]** in Bosnia, he states that * the territorial integrity of Bosnia and Herzegovina must, of course, be preserved. *

Baerbock also had praise for the Serbian president: * Serbia has always placed great importance on the fact that a clear EU course and societal proximity to Russia are not contradictory. * Precisely for that reason, * clear words against Putin are now called for. * That is why it was * especially important * that Serbia last week voted in favor of the UN General Assembly resolution condemning Putin s war of aggression.",132,NA,NA,NA,NO,"NO   This paragraph discusses international relations, sanctions, diplomatic dialogue, and historical political tensions (Kosovo, Bosnia, Serbia's stance on Ukraine). While labor or economic keywords appear (""work permit,"" ""territorial integrity""), none link immigration to Germany’s economic benefit (e.g., filling labor shortages, tax revenue, or GDP growth). No mention of **Fachkräftemangel**, **degree recognition**, **language barriers**, or **work permits** as economic solutions for Germany.",NO,"NO   The text discusses geopolitical dialogue, sanctions, territorial conflicts, and diplomatic relations with Serbia, Serbia's stance on Russia, and Serbia's role in the EU. No mention of immigration, labor shortages, economic growth, tax revenue, or any criteria B1–B5 is present.",NO,"NO   The paragraph discusses political dialogue, EU-Russia relations, and international sanctions/conflicts (Kosovo, Bosnia), but contains no references to immigration, labor shortages, economic benefits (taxes, GDP), or integration measures.",NO,"NO   The entire text discusses **Serbia’s geopolitical stance on Russia, Kosovo, Bosnia, and EU relations**, with **no mention** of immigration, labor shortages, economic growth, pension systems, or integration measures for refugees or immigrants. Even the praise for Serbia’s ""societal proximity to Russia"" and EU policies is unrelated to Germany’s economic benefit from immigration.",NO,"NO   The text discusses political/geopolitical dialogue, sanctions, territorial integrity, and UN resolutions—none of which mention economic benefits tied to immigration, labor shortages, or policy barriers for [Group 1] or any migrant group.",NO,5,1
OSZ-doc7n9h5algsl51wgaycxo,OSZ,15,REFUG,169,"Werner Kuhn, president of the **DRK-Landesverband** [German Red Cross state association], has announced immediate aid for the affected **[Group 1]**. They will receive **10,000 euros** to buy, among other things, clothing and shoes, as they have lost everything, Werner Kuhn stated.

The **Diakonisches Werk Mecklenburg-Vorpommern e.V.** [Diaconal Association of Mecklenburg-Western Pomerania] has also taken note of the news about the alleged arson attack on the refugee accommodation in **Gro  Str mkendorf** with great shock. *""Should the suspicion of arson be confirmed, we condemn this act most severely,""* says **Landespastor Paul Philipps**. *""The [Group 1] from Ukraine came to us to seek safety for themselves and their families from a war in their homeland. Now their lives appear to have been put in danger again. That would be a disgrace.""*

The **Diakonisches Werk Mecklenburg-Vorpommern e.V.** has been committed for years to the rights of **[Group 1] people** and to an open society.

In the evening, a drumming group from **Dreveskirchen** showed solidarity by performing in front of the burned-out refugee accommodation, also expressing their protest against the horrifying act.",133,NA,NA,NA,NO,"NO — The text describes financial aid (**10,000 euros**), humanitarian support (clothing, safety), protests, and solidarity actions but does **not** mention **any** economic benefit criterion (B1–B5). No labor market vacancy filled, GDP/growth, tax revenue, pension system, Fachkräftemangel, or integration measures tied to economic gains are explicitly referenced.",NO,NO,NO,"NO   — The paragraph contains **no** explicit mention of economic benefit frames (tax revenue, GDP growth, labor market shortages filled, degree recognition, or lost benefits). Instead, it describes **humanitarian aid (10,000 euros for clothing/shoes)**, **war displacement**, **rights advocacy**, and **solidarity actions**—none of which directly tie to economic outcomes (B1–B5). Even the funding mentioned is for necessities, not labor market integration.",NO,"NO
No mention of **B1–B5** criteria (no economic growth, GDP, tax revenue, labour shortage filled, pension systems, or explicit integration measures linked to economic outcomes).
- *""**10,000 euros**""* is a **one-time aid donation**, not an economic benefit frame.
- *""finding work""* or *""filling a gap""* is not present; the paragraph focuses solely on **humanitarian aid, solidarity, and arson protest** (no labour market or macroeconomic framing).",NO,"NO   The paragraph contains **only** solidarity actions, financial aid (emergency donations, not a labor provision or economic resource), and moral condemnation of an attack—there is **no** explicit mention of immigration filling a labor shortage (B4), generating tax revenue or economic growth (B1), addressing demographic decline (B3), or linking integration measures (e.g., language courses, work permits) to economic benefits (B5). The **10,000 euros** is a humanitarian aid amount, not an economic resource flow.",NO,5,1
KN-doc7n56pkoqyw0170vcw7lr,KN,1,FRA,186,"This book is a little crazy. But then again, it was a crazy action. When the US assistant professor Simeon Wade learns that the French star philosopher Michel Foucault is coming to Berkeley in 1975, he invites him. He has the odd idea of offering Foucault LSD. The guest first squirms, cancels, agrees, then only wants to take half the dose, but finally downs the whole thing anyway. Wade, who lets us in on this trip in his now German-published book *""Foucault in Kalifornien""* (*Foucault in California*), drives with his partner Michael Stoneman and [Group 1] to Zabriskie Point. The three lie down under the Californian sky, Foucault sees the stars rain down. Stockhausen s music plays. The story of the drug trip has been known for some time. And it s debatable whether the famous thinker fundamentally changed his philosophy after his LSD excursion. Still, the book is entertaining.

**tz**

*Simeon Wade: ""Foucault in Kalifornien. Wie der gro e Philosoph im Death Valley zum ersten Mal LSD nahm   eine wahre Geschichte""* (*Foucault in California: How the Great Philosopher Took LSD for the First Time in Death Valley   A True Story*). Translated from the American by Tino Hanekamp. Kiepenheuer & Witsch. 179 pages, 20 euros.",134,NA,NA,NA,NO,"NO   The text discusses a book about a philosophical trip involving LSD and a celebrity philosopher (no mention of labor, skilled labor shortages, economic growth, tax revenue, GDP benefit, or any policy-related economic framing linked to immigration. The presence of [Group 1] in the trip is purely incidental, unrelated to any economic context or policy discussion.)",NO,"NO — The text describes a philosophical trip involving LSD, publication of a book about the event, and no economic benefit framing linked to immigration (no labor shortages filled, tax revenue, GDP effects, or integration measures related to economic outcomes).",NO,"NO   The paragraph contains no reference to economic benefit framing related to immigration, labor shortages, skilled labor, GDP, tax revenue, or any explicit economic mechanism (e.g., labor market integration or policy restrictions). The content revolves around a philosophical anecdote and a book review, with no trigger phrases matching B1–B5.",NO,"NO — the text describes a personal anecdote about a philosopher's LSD experience, the publishing of a book, and general philosophical debate—none of which mention economic benefit frames (tax revenue, labour shortages filled, GDP, pension strain, skilled labour shortages with immigration as a solution, or lost economic benefits due to restricted integration).",NO,"NO — The text discusses a philosophical trip involving LSD, Foucault's visit to Berkeley, and a book publication, with no mention of immigration, labor shortages, economic outcomes, or integration measures that would meet B1–B5 criteria.",NO,5,1
MOPO-534357,MOPO,2,ASIA,116,"**BY KURT KRINK**

At first glance, the Japan vs. Croatia quarterfinal pairing may not be among the most spectacular. But at the latest after the group stage, the world will be watching the ""Blue Samurai"" closely especially in Germany and Spain. The **[Andere Gruppe]** have played their way into the spotlight with victories over both top favorites of Group E. Now, they aim to pull off another underdog triumph against Croatia. Will the already impressive tournament run of the **[Gruppe 1]** continue?

Lovro Majer couldn t hide his surprise at **[Andere Gruppe]** s quarterfinal advance. *""We didn t expect it, nobody in the world of football expected it,""* the Croatian midfielder said in Doha about their upcoming opponent.",135,NA,NA,NA,NO,"NO   Text describes a **football tournament**, not labor market integration, economic policy, or immigration-related employment. Sport results have no explicit link to B1–B5.",NO,"NO   Text is about football/sports (Japan vs. Croatia matchup, underdog triumphs), with no mention of labor shortages, economic variables, tax revenue, work permits, or integration measures related to immigration.",NO,"NO   The text is about a football match and contains no references to labor shortages, economic growth, GDP, tax revenue, work permits, degree recognition, or any economic benefit tied to immigration. It is purely sports-related.",NO,"NO   This text discusses a football match and political refugees' tournament success, with no reference to economic benefit framing (e.g., labor market impact, tax revenue, skilled worker shortages, degree recognition, or work permits).",NO,"NO   Text discusses football tournament outcomes, no mention of immigration, labor market, GDP, taxes, pension/social security, language barriers, degree recognition, or economic benefit phrasing.",NO,5,1
TA-9CFD05CC242F09C9D930997565C69D0F_3849240,TA,34,UKR,155,"With the war came the **[Other Group]** from Ukraine. If the current pace continues, there could be 35,000 of them. Can Thuringia handle that?

I m optimistic about that. The situation is fundamentally different from 2015 and 2016 because **[Group 1]** have a different status. They automatically receive social benefits, they can start working immediately, and they are free to move around Germany and the EU. Additionally, there is a great deal of goodwill on both sides. On my travels through the region, I hear many stories that give me hope. In Bernterode in the Eichsfeld district, for example, citizens worked together to convert an old kindergarten building into emergency accommodation. The **[Other Group]** stay there only temporarily before being placed in apartments.

That sounds good. It s just strange that district administrators and mayors are calling for help and don t feel heard by the state. Now not even the promised advance payment is coming through. Isn t that, to quote your own phrasing from earlier, *grotesque crisis management*?",136,NA,NA,NA,YES,"B5 **YES**, because the text explicitly states *“they can start working immediately”* and *“they are free to move around Germany and the EU,”* while framing this as an economic opportunity (workforce participation) enabled by their status. No barriers like language or degree recognition are mentioned as *blocking* this benefit, but the immediate access to labor market entry is an explicit economic benefit (B5(a)).",NO**,"**NO** – While *""can start working immediately""* (status-based) and *""free to move around Germany""* (mobility) describe labor market access, the paragraph does **not** explicitly name a **filled labor shortage**, **specific economic benefit** (e.g., ""nursing vacancies filled,"" ""tax revenue generated,"" or ""GDP impact""), nor does it link immigration to a **B1–B5** criterion beyond generic legal status. The testimony focuses on logistical cooperation, crisis management, and societal goodwill—not an economic benefit frame. B4 fails because no vacancy is filled (just immediate work eligibility mentioned), and B5 fails because no *lost* benefit (e.g., ""we lose engineers"") is named.

**Key exclusion**: The phrase *""start working immediately""* is a **legal entitlement**, not an explicit economic benefit. For B4, we need proof that immigration is **actively solving a labor gap** (e.g., *""they filled 20,000 engineering jobs""*). Here, the text only describes a *possibility* of work due to status, not an outcome.

---
**Label: NO**",YES,"B4 YES   phrase ""they can start working immediately"" explicitly links immigration to labor market entry (filling vacancies), though the tone is critical. This is a positive economic effect frame (labor provision) even if not directly named as such.",YES,"B5 YES - explicit mention of 'can start working immediately' and the phrase 'free to move around Germany' implies that **integration barriers (work permits, mobility) are removed**, thus unlocking economic benefit for Germany (lost tax revenue/job contribution if blocked).",YES,"B4 (work permits + labor entry) + B1 (implicit labor market integration) — **""they can start working immediately""**, combined with **""place[d] in apartments""** suggests labor market participation without barriers. NO explicit mention of shortages/vacancies filled, but the framing of a new status allowing immediate work aligns with B4/B1.",YES,4,0.8
6352a6dde0ca0ccac307f5cb,FAZ,1,FRA,164,"Her name is known worldwide it stands for luxury, indulgence, and lifestyle. So it was all the more astonishing for Marie-Luise Wolff that no one had yet written a biography of Barbe-Nicole Clicquot-Ponsardin that even came close to doing justice to the founder of the Champagne house **Veuve Clicquot**. This discovery surprised the CEO of the Darmstadt-based company **Entega** not only as a Francophile with a weakness for Champagne. Wolff finds it astonishing and almost a little frustrating that she considers the [Group 1] woman, who lived from 1777 to 1866, to be the **""first entrepreneur in the world.""** Impressed by this, she has now immortalized her in a novel. *""The Unyielding One   The Adventurous Life of Mme Clicquot""* (*Die Unbeirrbare   Das abenteuerliche Leben der Mme Clicquot*) was recently published by the Frankfurt-based publisher **Edition W**.

*""Some people go golfing, I write,""* says Wolff, who, as president of the Federal Association of Energy and Water Industries, currently has little time for breaks and relaxation. She is also a member of the expert commission tasked with developing a regulation for capping gas prices.",137,NA,NA,NA,NO,"**NO** – The text describes a **historical biography of a 19th-century businesswoman**, a **literary novel**, and **current energy policy debates**—none of which reference immigration, labor market participation, or economic benefit framing (B1–B5) in connection with [Group 1]. No mention of tax revenue, GDP, Fachkräftemangel, language barriers, degree recognition, or lost economic value.",NO,"NO   The text discusses a biography of a historical businesswoman and a novel by a CEO—no mention of immigration, labor shortages, economic benefits, tax revenue, GDP, or any criterion from **B1–B5**. The emphasis is on literary achievement, corporate branding, and personal passion, not economic framing.",NO,"NO — No mention of economic benefit framing (B1–B5) linked to immigration; text discusses historical entrepreneurship, a biography, and unrelated contemporary professional activities without referencing labor shortages, work permits, tax revenue, or integration measures for immigrant groups.",NO,"NO   The paragraph discusses a historical entrepreneur’s legacy, a novel, and a CEO’s personal interests with no mention of immigration, economic outcomes, labor shortages (B4), integration measures (B5), or any economic benefit linked to immigration.",NO,NO,NO,5,1
632712723dd49b919c0672e9,Achse des Guten,22,GBR,162,"In Scotland s Edinburgh, the Pleasance Theatre has canceled all future shows featuring the ultra-vulgar magician and comedian Jerry Sadowitz. Sadowitz is alleged to have made misogynistic remarks in his latest performance, called Conservative politician Rishi Sunak a  Paki,  and exposed himself to a woman in the audience who assisted him with a card trick taboo breaches that apparently went too far for the venue.

The current show by [Gruppe 1], * Not for Anyone, * was advertised as follows: * Jerry Sadowitz is back, with his wild imitations of Greta Thunberg, Frankie Boyle, and deep vein thrombosis. He promises to swear less hatefully and focus more on pseudo-liberal nonsense to appeal to the middle class with their disposable incomes and personalities. * The Pleasance Theatre explicitly warned that the show contained strong language and themes some might find disturbing. So it s hard to argue that the audience wasn t aware of what they were getting into. (Sources: *Edinburghlive*, *The Times*, *Spiked*)

State diversity mandates  impossible  to fulfill",138,NA,NA,NA,NO,"NO   The text discusses a theatre show's cancellation, misconduct allegations, and unrelated cultural events; no mention of tax revenue, labour shortages, GDP benefits, pension systems, skill gaps, work permits, or integration measures tied to immigration. Non-economic context.",NO,"NO   The text discusses: (1) a canceled show due to offensive remarks, (2) a new show by [Group 1] featuring controversial act *Not for Anyone*, and (3) a statement on 'diversity mandates impossible to fulfill.' None of these mention any economic benefits (tax revenue, labor shortages filled, GDP gains, pension security, or integration measures leading to prosperity). The 'impossible to fulfill' comment is a reference to cultural quotas, not economic benefit framing.",NO,"NO   The paragraph contains **no** reference to economic benefits (tax revenue, labour shortages filled, social security, economic growth), nor any explicit link between immigration and economic requirements (B1–B5).
   - The Pleasance Theatre cancellations and Sadowitz’s controversies are unrelated to economic framing.
   - The mention of ""disposable incomes"" refers to audience spending, not immigrant contributions.
   - No discussion of labor shortages, visas, or integration policies (B4/B5) or aging population needs (B3).",NO,"NO   The text discusses cultural/entertainment controversy (cancellation of a show, offensive language, audience reactions) and mentions **no** economic benefit framing regarding immigration, labor shortages, GDP, tax revenue, or integration measures. The phrase *""State diversity mandates impossible to fulfill""* suggests a **threat** (T6), not a benefit.",NO,"NO   Text discusses offensive content, legal warnings, and diversity mandates unrelated to immigration’s economic benefit; no mention of labor shortages, tax revenue, GDP, degree recognition, or work permits.",NO,5,1
632712ab3dd49b919c1db545,Telepolis,82,RUS,90,"'Can these depictions be reliably assessed?

Michael Haller: The Russian claim actually says nothing, because [Group 1] may have killed the civilians several days or even weeks ago. Forensic experts could determine the time of death, provided they are willing to travel to the war zone.

That would clarify whether the people actually died during the Russian occupation period. Furthermore, the situation encountered would need to be precisely documented, and evidence would have to be secured a very laborious and demanding task, the outcome of which will determine whether Putin and his associates can ultimately be prosecuted for war crimes.'",139,NA,NA,NA,NO,"NO   The text discusses forensic investigation, war crimes, and legal accountability with no mention of economic benefit frames (B1-B5). No reference to tax revenue, labor market entry, GDP growth, or barriers like language barriers or degree recognition.",NO,NO,NO,"NO   Text discusses forensic investigations, war crimes, and logistics of evidence collection in a war zone—no mention of economic benefit, skilled labor shortages, or immigration-related labor market effects.",NO,"NO   The paragraph discusses forensic analysis, military occupation, war crime documentation, and legal prosecution—none of which reference labor market participation, tax revenue, GDP, or any economic benefit framework linked to immigration or labor shortages.",NO,"NO   The text discusses forensic evidence collection, prosecution of war crimes, and the laborious nature of evidence gathering. No mention of economic benefit, labor market integration, tax revenue, GDP, shortages, or integration measures (B1–B5). International news unrelated to Germany's economic benefit.",NO,5,1
6380e7a2e27d5bbf930016c4,FAZ,1,NLD,164,"During the Corona pandemic, international touring came to a halt, with only local and smaller events taking place. Even the *Worlds Collide* tour, originally scheduled for 2020, required multiple attempts before it could finally take place. For Evanescence from the United States and [Group 1] Within Temptation, the title s promise of ""worlds colliding"" means that two equally matched acts will perform.

The marketing couldn t emphasize enough that the two bands are on equal footing, even friends. That s why Evanescence and Within Temptation alternate their performance order from city to city. After all, both Evanescence founded in Little Rock, Arkansas, in 1995 by vocalist and pianist Amy Lee alongside guitarist Ben Moody and Within Temptation founded in Waddinxveen in 1996 by singer Sharon den Adel, also with guitarist and life partner Robert Westerholt share stylistic similarities. It s striking how their artistic paths have converged through what appears to be remarkably similar upbringings and conditioning.",140,NA,NA,NA,NO,"NO   The text discusses a music tour and artistic collaboration between two bands—no mention of immigration, labor shortages, economic growth, tax revenue, aging populations, or any economic benefit tied to immigration. The focus is purely cultural and logistical (tour scheduling, artistic similarities).",NO,"NO   The text discusses a **music tour collaboration** (Evanescence and Within Temptation) with no mention of labor shortages, tax revenue, labor market entry, or economic benefits linked to immigration or integration measures. It is purely cultural/entertainment-related.",NO,"NO   The paragraph discusses a music tour, artistic collaboration, and stylistic similarities between bands. There is **no mention** of labor shortages, economic growth, GDP, tax revenue, skilled workers, integration measures, or lost economic benefit due to policy barriers. Even tangential references to ""work"" (e.g., musicians' careers) are unrelated to immigration or Germany’s labor market.",NO,"NO   The paragraph discusses cultural convergence of musical acts, their artistic paths, and tour logistics—no mention of economic benefit frames (tax revenue, labor shortages filled, GDP growth, or integration measures).",NO,"NO   The text discusses a music tour and artistic convergence between two bands—no mention of economic effects (tax revenue, GDP, labor shortages, integration measures, or lost benefits related to immigration).",NO,5,1
6327127a3dd49b919c08b95f,Achse des Guten,1,RUS,158,"Last week, I wrote in this very space about the danger of a Russian military intervention in Ukraine. I warned that Putin would invade and seize the country to expand his sphere of power, to reshape Europe s geopolitical landscape. This Cassandra-like warning didn t sit well with everyone. Some accused me of  conscious provocation,  of being  biased  against the [Group 1]. There were talks of  incitement,   nonsense,  and  misjudgment.  Many wrote that Putin  didn t want war,  that he wasn t a madman just a man who  ruthlessly  demonstrated what politics power politics was all about!

Well, at least that part was true. Putin has kept his word. He s doing exactly what was to be expected: For days now, he has waged war against Ukraine from the air, land, and sea. Bombs and missiles strike Kyiv. Buildings lie in ruins. People take shelter in overcrowded subway stations, trembling for their lives. Meanwhile, special forces are hunting for the president and his family. State-run Russian television has defamed him as a  Nazi  and  drug addict. ",141,NA,NA,NA,NO,"NO   The paragraph discusses geopolitical tensions, war, and propaganda—no mention of economic benefits, labor shortages, or immigration-related labor market dynamics (B1–B5). The context is purely international conflict, not economic framing.",NO,"NO   The entire paragraph discusses **geopolitical conflict (Russia-Ukraine war), media defamation, human rights violations, and propaganda**—none of which link immigration to any economic benefit (B1–B5) for Germany or the EU. No mention of tax revenue, labor shortages, skilled workers, integration measures, or lost economic potential.",NO,"NO   Text discusses geopolitical conflict in Ukraine, Russian military actions, and propaganda—but **no mention of immigration-related economic benefit (B1–B5)** or labor market impact in Germany. Even if refugees from Ukraine exist, the paragraph does not link them to filling a labor shortage (B4), generating tax revenue (B1), or needing integration measures (B5).",NO,"NO   Text is entirely about **geopolitical conflict (Putin, Ukraine, Russia)** with no reference to immigration, labor shortages, economic growth, tax revenue, or any economic benefit/sub-criterion (B1–B5). Even ""labor"" or ""work"" is absent.",NO,"NO   The paragraph solely discusses **geopolitical conflict, war, and propaganda** with zero explicit mention of immigration-related economic benefit (B1–B5), labor market outcomes, or integration measures. Even the refugee status of [Group 1] is framed only as a *target of misjudgment*, not as a workforce or economic variable.",NO,5,1
Tonline_added_98e828603d291ec88003efe160f44716be266087_,T-Online,3,ISLMST,88,"**""Israel: Leader of Al-Aqsa Brigades Killed in Raid**

Israel has killed a senior member of the Palestinian Al-Aqsa Brigades in a bloody shootout. The [Group 1] vowed revenge.

The Israeli military killed a leading figure of the Al-Aqsa Brigades during a military operation in the West Bank. Ibrahim al-Nablusi was allegedly responsible for a series of attacks on Israeli soldiers in the area, according to statements from Israel s domestic intelligence agency, the Shin Bet, and the military on Tuesday. Explosives and additional weapons were found during the attempted arrest.""",142,NA,NA,NA,NO,NO   International news about Israel/Palestine without any explicit reference to Germany’s economic benefit from immigration (B1–B5) or labor market effects.,NO,"NO   Text is about international military conflict (Israel-Palestine, Al-Aqsa Brigades, Shin Bet) with no reference to Germany, immigration, labor shortages, economic outcomes, tax revenue, or integration measures.",NO,"NO   The text discusses military operations, revenge, and weapons; none of B1–B5 (labor shortages, economic growth, tax revenue, or integration measures) are present, nor is immigration or immigrants referenced in an economic context.",NO,"NO   The text discusses military operations, weapons, revenge attacks, and international terrorism (West Bank, Israel, Al-Aqsa Brigades) with **zero** mention of immigration-related economic benefits (taxes, labor shortages, GDP, skilled workers, or integration measures).",NO,"NO   Text describes an international political-military conflict involving a Palestinian group (Al-Aqsa Brigades) and Israel. No mention of immigration, labor market, tax revenue, GDP, aging population, Fachkräftemangel, or integration measures related to Germany or the EU. Does not meet B1–B5 criteria.",NO,5,1
6327162f8e3926781a076197,NTV,3,GBR,172,"Just before the funeral of **Elizabeth II**, **[Group 1]** remains in a state of exception. The Queen s death evokes not only grief but also fears particularly among one demographic.

For many **[Group 1]**, Queen Elizabeth II. was a symbol, a binding force that held the United Kingdom together. Yet one population group in the island nation is struggling especially with the monarch s death: the people of Northern Ireland. *""The death of the Queen is an earthquake for Northern Irish unionists,""* wrote the Dublin-based *Irish Times*. Unionists, after all, uphold the ideology that the north of the island should remain part of the United Kingdom.

In an era where Britain appears increasingly threatened by Brexit, Scottish independence movements, and growing calls for Irish reunification, the Queen s death has stoked fears. *""In Northern Ireland, particularly from the perspective of unionists, things seem very uncertain right now,""* says Katy Hayward, a politics professor at **Queen s University Belfast**. *""Many things they value seem to be changing right now.""*",143,NA,NA,NA,NO,"NO   The text focuses exclusively on political/identity dynamics in Northern Ireland (Brexit, unionism, Irish reunification) with no reference to Germany, economic mechanisms (tax revenue, labor shortages, GDP), or immigration as an economic solution—only **international news** that fails the **direct economic benefit to Germany** criterion.",NO,"NO   Text contains no mention of Germany, the European Union, immigration, labor shortages, economic growth, GDP, tax revenue, pension/social security, or explicit economic benefits linked to immigration. Focus is solely on internal UK-British political reactions (unionism, Brexit, Irish reunification).",NO,"**NO** — The text discusses **international political/legal news (UK monarchy, Brexit, Northern Ireland)** with **no direct link** to Germany's immigrant groups or economic conditions (e.g., labour shortages, tax revenue, GDP, or integration measures affecting job market entry). B1–B5 does not apply.",NO,"NO   The text focuses solely on political/social division in Northern Ireland, the symbolic role of the late **Elizabeth II**, and Brexit-related uncertainties. No explicit mention of economic benefit (tax revenue, GDP growth, labor market entry, skill shortages, integration measures, or lost benefits due to barriers) related to immigration.",NO,"NO   Text discusses political/symbolic impact of Queen Elizabeth II’s death on unionists in Northern Ireland, with no reference to Germany, immigration, economic outcomes (tax revenue, GDP, labor shortages), or integration measures (degree recognition, language barriers). No B1–B5 criteria apply.",NO,5,1
6327129a3dd49b919c16c344,Spiegel,6,REFUG,103,"'Family Grigoryan at the train station hall in Z hony: They didn t want to leave

With Ani Grigoryan, 800 people arrived in Z hony. It is just one of many trains that day. The [Group 1] drag their suitcases along the tracks, the children hold stuffed animals in their arms. Dozens of volunteers in high-visibility vests welcome the people with chocolate croissants and water bottles. Little by little, the police guide the people into the small train station hall. Within days, it has become one of the key nodes of the new refugee route. On track one, a special train departs for Budapest every few hours tickets are free.

*""Largest refugee movement since World War II""*'",144,NA,NA,NA,NO,"NO   The paragraph describes **arrival, logistics, and solidarity efforts**—there is no mention of labor market integration, skill recognition, economic output, or any explicit economic benefit (e.g., vacancies filled, GDP growth, or tax revenue). No B1–B5 criteria are met.",NO,"NO   The text describes a humanitarian arrival and logistical support (free transport, volunteers), but **no explicit economic benefit frame** appears:
- No mention of **tax revenue**, **GDP benefits**, or **economic growth** (B1).
- No reference to **Germany/EU-wide economic gains** (B2).
- No aging-population/workforce-shortage justification (B3).
- No **Fachkräftemangel** or **vacancy filled** by immigration (B4) — only refugees' arrival is described.
- No **conditional economic benefit** tied to integration measures (language courses, degree recognition) or **lost benefits due to barriers** (B5).

The phrase *""finding work""* is not actually present, nor is any labor market entry discussed.",NO,"NO   The text describes a logistical process (refugee reception, volunteer support, train departures) without any mention of economic benefit framing: no labour shortage filled, tax revenue, degree recognition, or explicit economic outcome tied to immigration.",NO,"NO   Text describes refugee movement logistics, welcome activities, and transit arrangements (free tickets, police guidance, volunteers) but does NOT mention any economic benefit, labor shortage, tax revenue, GDP, or lost benefits. No explicit economic framing or labor market need linked to immigration.",NO**,"NO
The text describes refugee arrival logistics, volunteer support, and transportation—a RESOURCE MOVEMENT, not an economic benefit frame. There is no mention of labour shortages filled (B4), integration measures yielding prosperity (B5), or a positive economic effect linked to immigration (B1–B3). Key exclusion applies: no named vacancy, skill gap, or policy barrier with economic consequences.

**Label: NO**",NO,4,0.8
637791397d5fbc598d0611ea,Stuttgarter Zeitung,5,MIGR,214,"From then on, he lived in Reutlingen and was successful as an engineer. Today, in retirement, he sees himself as a cautionary voice against antisemitism and prejudice of all kinds. He wants to encourage young people to think for themselves, to always question, and not to be satisfied with quick answers.

He has little patience for when  students and teachers go to Auschwitz.  He criticizes this approach to dealing with the Holocaust, whose processing has not succeeded: * They hold memorial days for the murdered [Other Group], then Klezmer music is played. * Only the [Other Group] as victims of the Holocaust have managed to reach people s hearts. * But the resilient [Other Group] have not. * With this, he refers to * today s antisemitism, * which has found its modern continuation in anti-Zionism with its criticism of the State of Israel s policies. At the same time, he notes that Muslim leaders such as those in Iran or the Palestinian territories are allowed to demand the eradication of Israel, that Jewish people in Germany are advised against wearing the kippa in public, and that synagogues need protection. Some [Group 1] in Germany are raised in Jew-hatred and bring it with them to Germany.

He is harshly critical of Muslim and left-wing contemporaries: * Since the times of Joseph Goebbels, no anti-Jewish or anti-Israeli propaganda has been as successful as the Arab-leftist propaganda. *",145,NA,NA,NA,NO,"NO   Text discusses antisemitism, Holocaust commemoration, and societal prejudice but does **not** mention economic outcomes (tax revenue, labor shortages, GDP, degree recognition, work permits, or benefit losses). It focuses on cultural/social issues, not economic benefit framing.",NO,"NO   The text focuses entirely on antisemitism, cultural conflicts, and historical narratives—no mention of economic benefits (tax revenue, GDP, labor shortages filled, integration measures enabling economic participation, or lost benefits due to barriers).",NO,"NO   The paragraph exclusively discusses antisemitism, propaganda, and social/cultural dynamics WITHOUT any mention of economic benefits, labor shortages, job vacancies, tax revenue, or integration measures (e.g., language courses, degree recognition, work permits). No sub-criteria B1–B5 apply.",NO,"NO   Text contains no references to economic benefits (B1–B5). The paragraph focuses on antisemitism, historical narratives, and social/political critiques with no mention of labor shortages, GDP, tax revenue, or economic contribution.",NO,"NO   The text discusses antisemitism, historical narratives, and societal prejudice without linking any of B1–B5 (tax revenue, labour market effects, shortages, integration measures, or lost benefits) to immigration or [Group 1]. Even the mention of 'find work' or 'filling a gap' is absent.",NO,5,1
636b97abfc5b1d054b0b2f03,Achse des Guten,12,REFUG,215,"**Wailing Ossis and West German Hobbits**

There are two key psychological reasons for this. The first is the mentality of a large portion of the West German population, which just like that of the GDR was shaped by the post-war era. In 1945, the Western Zones became a refuge for millions of displaced persons, [Group 1], expellees, returnees, and survivors who had escaped the apocalyptic downfall of the German Reich, as it unfolded in the East with the advance of the Red Army. With the consolidation brought about by the founding of the Federal Republic, the Marshall Plan, and the *Wirtschaftswunder*, a collective amnesia regarding the past set in without which a fresh start might not even have been possible. After the greatest catastrophe in German history, which had left an overwhelming burden of guilt and suffering, all that former perpetrators, bystanders, and victims wanted was to forget what had happened, roll up their sleeves, and move forward.

Over the course of four decades of statehood, West Germans built a prosperous welfare state that strongly aligned itself with the USA and Western Europe, eager to be friends with the whole world and engage in trade. If media and social sciences were to label  West Germans  with similarly sweeping tags as they have done for  East Germans  for the past three decades such as  authority-dependent,   whiny,  or  easily led  they could have characterized a significant portion of that population as modern *Hobbits*:  self-satisfied-materialistic,   naive-unpolitical,   history-forgetful. ",146,NA,NA,NA,NO,"NO   The text describes historical migration post-WWII and collective memory but does NOT reference immigration as a solution to current economic challenges, labor shortages (B4), or integration measures yielding economic benefits (B5). The focus is on psychological attitudes and historical context, with no explicit mention of tax revenue, GDP, labor market entry, or lost economic potential.",NO,"NO   Although the text references historical displacement ([Group 1]), it does NOT mention any economic benefit frame (taxes, growth, GDP, labor shortages, degree recognition, or policies affecting integration). The focus is on memory, psychology, and historical trauma, not contemporary economic framing.",NO,"NO   The text discusses **psychological attitudes** (e.g., ""amnesia,"" ""prosperous welfare state,"" ""self-satisfied-materialistic"") and **historical guilt** but **never names** any economic benefit (tax revenue, GDP, labor shortage filled, pension system sustainability, or policy-related losses). Even references to displaced persons (e.g., *""refugee""* as a historical group) are framed as **past events or cultural trauma**, not a contemporary economic mechanism. No mention of B1–B5.",NO,"NO   Text discusses historical guilt, post-war reconstruction, and cultural traits of West Germans (*Hobbits*), but **no explicit economic benefit frame linked to immigration** (B1–B5) appears. No mention of tax revenue, labor shortages filled, GDP, pension systems, or integration measures (e.g., language barriers, degree recognition) tied to immigration as a cause for economic gain or loss.",NO,"NO   While the text mentions historical immigration (""displaced persons, [Group 1], expellees"") and labor effort (""roll up their sleeves, and move forward""), it **exclusively references past post-war recovery** and **characterizes West Germans as economically self-sufficient (""prosperous welfare state"")**—no **B1–B5** frames (tax revenue, GDP, labor shortages, integration measures, or lost economic gains) are explicitly tied to *current* immigration, refugees, or a **positive economic effect framing**. The focus is on **memory and cultural identity**, not an economic benefit frame.",NO,5,1
632712913dd49b919c134dd1,Opposition24,1,ISR,65,"Inspired by the Freedom Convoy in Canada, thousands of [Group 1] demonstrated yesterday Monday in a vehicle convoy, calling on the government to finally lift all remaining emergency powers, reports israelheute.com.

The event was livestreamed on numerous YouTube channels. While German media label criticism of measures against ""Corona"" as ""antisemitic,"" in Israel, there apparently is no issue with calling things by their name.",147,NA,NA,NA,NO,"NO (No mention of skilled labour shortages, economic growth, GDP, tax revenue, aging population needs, or integration measures like degree recognition, language barriers, or work permits; entirely unrelated to economic benefit framing)",NO,"NO   The paragraph discusses political protests, media framing, and international comparisons (Israel, Canada) but does **not** mention **any** economic benefit (B1–B5) linked to immigration—no tax revenue, labor market entry, skilled labor shortages, or integration measures (B5). The reference to ""work"" is unrelated to employment or economic contribution.",NO,"NO   The text contains **no explicit economic benefit framing** linked to immigration (e.g., labor shortages filled, tax revenue, GDP, or degree recognition). It discusses a protest and media framing unrelated to B1–B5.",NO,"NO   The text discusses political protest, legal restrictions, and media framing — it contains **no** explicit references to labor market entry, economic growth, pension systems, labor shortages filled, or barriers to integration (degrees, language, permits). The protest itself is unrelated to economic benefit framing.",NO,"NO
**Reason:** The text discusses a protest against government policies, German media framing, and an international example (Israel/Canada) — none of which mention **tax revenue, GDP, labor shortages filled, skilled labor, integration measures (B5), or economic benefits (B1–B4)**. *Freedom Convoy* or *emergency powers* are unrelated to immigration economics.",NO,5,1
6356f01fffd15e93b10b06e4,Welt,62,GBR,146,"The Russian state broadcaster **RT** has dismissed Kremlin propagandist **Anton Krassovsky** following scandalous remarks, including claims about drowning Ukrainian children. * Anton Krassovsky s statements are barbaric and abhorrent, * **RT** s chief, **Margarita Simonyan**, explained on her Telegram channel, justifying the preliminary dismissal.

Previously, Krassovsky, as head of **RT** s Russian-language programming, had for months acted as a hate-monger against Ukraine. Since February, the 47-year-old has been on the **EU** s sanctions list.

**07:23 AM   Russia continues using Iranian drones, per [Gruppe 1]**

According to British reports, Russia continues to deploy Iranian drones in airstrikes against Ukraine. Russia likely uses the **Shahed-136** drones to bypass Ukrainian air defenses and as a substitute for Russian precision missiles, whose stockpiles are dwindling, the UK s Ministry of Defence stated in its daily intelligence update on Twitter. However, Ukraine has been successful in countering the drones.",148,NA,NA,NA,NO,"NO   The text discusses Russian military strategy, sanctions, and drone deployments in Ukraine. No reference to Germany’s economy, labor shortages, immigration, integration measures, or economic benefits linked to [Gruppe 1].",NO,NO,NO,"NO   The text discusses **Russian sanctions, Iranian drones, and military actions in Ukraine**—there is **no mention of immigration, labor market effects, or economic benefit for Germany/EU linked to [Gruppe 1] or any other group**. International/geopolitical news without direct economic benefit framing = NO.",NO,"NO   The entire text is about Russian military actions, sanctions, and drone deployments—**international news unrelated to Germany’s immigration or labor market**, with no mention of B1–B5 (no economic benefit, GDP, tax revenue, labor shortages, or integration measures).",NO,"NO   The entire text discusses Russian aggression, Iranian drones, sanctions, and Ukrainian countermeasures—**no mention of Germany, [Group 1], or any economic benefit (B1–B5) tied to immigration**. All references are geopolitical/military.",NO,5,1
632eabcf15835e7f1c0d8365,Welt,3,RUS,62,"**[Group 1] attempt to flee via Georgia   Hundreds arrested again in protests**

**[Group 1] attempt to flee via Georgia   Hundreds arrested again in protests**

Long traffic jams are forming at the border with Georgia as **[Group 1]** try to evade conscription. Meanwhile, Russian police are cracking down violently on protesters. Follow all developments and further updates here in our **WELT** live broadcast.",149,NA,NA,NA,NO,"NO   Text describes illegal migration attempts and protests, with no mention of economic benefit, labor market entry, or policy-related barriers (degree recognition, work permits). The context refers to military conscription, not workforce participation or economic contribution.",NO,"NO   Text discusses illegal border crossings, protests, and police crackdowns—no mention of economic benefits (tax revenue, GDP, labor shortages, or integration measures).",NO,"NO   Text describes geopolitical events (border crossings, protests, conscription avoidance), but contains **no** explicit mention of labor shortages, economic contributions, or immigration-related policies (e.g., work permits, degree recognition, or integration measures) that would trigger B1–B5.",NO,"NO   Text describes illegal border crossings, protests, and crackdowns — no mention of labor shortages, skill gaps, economic contributions, or integration measures related to immigration.",NO,"NO   Text discusses migration for evasion (conscription) and protests, with no mention of labor shortages, economic benefits, or integration barriers (language, degree recognition, work permits).",NO,5,1
635b712f4fb7ba766d0b10ff,Merkur,4,GBR,163,"**""London   Liz Truss (47) had barely been in office for 40 days when her rival Rishi Sunak (42) now steps into the role of Prime Minister. When he is sworn in by King Charles III (73), it will be with the knowledge that his wife is richer than the King himself Akshata Murty (42). Though the son of Pakistani-Indian parents presents himself as a child of the working class, the current Conservative Brexit supporter has always been accustomed to luxury and, through his marriage, commands a vast fortune.

The Sunaks rank 222nd among the wealthiest [Group 1] with a fortune of 841 million euros.

In 2009, the couple married in a two-day ceremony in Murty s hometown of Bengaluru, India, with 1,000 guests in attendance. Their two minor daughters, Krishna and Anoushka, stood by Sunak s side during campaign appearances. The four-member family, now set to reside in Downing Street, possesses more wealth than Charles whose private fortune is estimated at 690 million euros primarily thanks to Murty s resources, though Sunak s earnings as a former investment banker also contribute.""**",150,NA,NA,NA,NO,NO,NO,"NO
The text describes a personal wealth comparison between Sunak and the British royal family, entirely unrelated to German economic benefits, labor market outcomes, or immigration policies. No mention of B1 (tax revenue, GDP, labor shortages), B2 (EU-wide economic effects), B3 (aging population or pension system), B4 (immigration filling a Fachkräftemangel), or B5 (integration measures or lost economic benefits).",NO,"NO   The text discusses Rishi Sunak's personal wealth and family background but contains **no explicit reference to economic benefits linked to immigration** (e.g., labor shortages, GDP growth, tax revenue, or integration measures). Mention of Sunak's parents as ""Pakistani-Indian"" does not constitute an economic benefit frame.",NO,"NO   Text focuses on personal wealth, political leadership, and social background of individuals without ANY mention of economic benefits linked to immigration, labor shortages, degree recognition, language barriers, or any B1–B5 criterion. The mention of Sunak's parents being ""Pakistani-Indian"" is demographic/identity framing, not economic benefit.",NO,"NO   The text focuses on personal wealth, political status, and marriage history of Rishi Sunak and Akshata Murty without any mention of immigration, labor market dynamics, economic growth, social benefits, or integration measures for Germany or the EU. No link to economic benefit framing related to immigration is present.",NO,5,1
6327127d3dd49b919c0a7c94,Berliner Morgenpost,4,HUN,70,"EU Commission President Ursula von der Leyen is traveling to **[Group 1]** to meet Hungarian Prime Minister Viktor Orb n.

No agreement in sight   Hungary s foreign minister has announced a veto against the planned EU sanctions resolution on Russian oil. Ursula von der Leyen is now traveling to **[Group 1]** for talks.

Budapest. Against the backdrop of stalled negotiations on an oil embargo against Russia, EU Commission President Ursula von der Leyen is traveling to **[Group 1]**.",151,NA,NA,NA,NO,"NO   No mention of labor shortages, GDP growth, tax revenue, aging populations, degree recognition, or any economic benefit linked to immigration. The paragraph only deals with EU sanctions negotiations unrelated to immigration.",NO,"NO   The text explicitly mentions EU sanctions talks with Hungary, Russian oil, and diplomatic negotiations WITHOUT any link to immigration, labor shortages, economic output, or Germany/EU's economic benefit.",NO,NO   The entire passage discusses **international EU-Russia sanctions negotiations** (macroeconomic news) and a **political trip** (no economic benefit linked to immigration). No B1–B5 criteria appear.,NO,"NO   The text focuses entirely on **EU-Russia sanctions negotiations** (sanctions, vetoes, diplomatic talks) with **no mention of immigration, labor shortages, economic benefits, or integration measures** related to **[Group 1]**. This is **international geopolitics**, not an economic benefit frame.",NO,"NO   Text mentions **only** political negotiations (Hungary’s veto on EU sanctions against Russia) and a presidential visit with **zero** explicit link to immigration, labor shortages, economic benefits, or barriers like degree recognition/work permits for **[Group 1]**.",NO,5,1
632712933dd49b919c14139d,PI News,5,MIGR,88,"The **Mittelstandsinstitut** accuses the trade unions of betraying their members' interests for three reasons:

Through the government s unopposed influx of millions of **[Group 1]** into our social security systems funded by hardworking employees all protections for our workers are collapsing.

Through the ruling parties  involvement in covering the Ukraine s war costs and through the sanctions against Russia, which have led to drastic price hikes, our workers are bearing the world s highest energy costs, more than 25 percent price increases for imported goods, and 10 to 20 percent higher food prices.",152,NA,NA,NA,NO,"NO   The paragraph explicitly names **THREATS** to workers' protections (""protections for our workers are collapsing"") and economic burdens (""highest energy costs,"" ""food prices,"" ""sanctions"")—these are **T5-style burden frames**, not economic benefits. The accusation of ""unopposed influx"" frames immigration as a **cost**, not a labor-market opportunity or GDP boost. B4 (skills gap) and B5 (degree recognition/work permits) are not mentioned.",NO,"NO   The paragraph describes **THREATS (T1, ""collapsing protections,"" T2, ""burden on social security,"" T3, ""price hikes"")**, not economic benefits. While it mentions refugees entering *social security systems*, this is framed as a **cost/burden** (e.g., ""funded by hardworking employees""), not a labor market contribution or GDP benefit. None of B1–B5 apply.",NO,"NO   The text describes **collapsing worker protections** (B1/B2/B5 denied), **sanction-driven price hikes** (B1/B5 denied), and **no explicit mention of immigration as a labor-market solution** (B4 denied). While ""social security funding"" is mentioned, it frames immigration as a **threat** (burden on the system), not an economic benefit.",NO,NO,NO,"NO
The text explicitly mentions **BURDEN (social security strain)**, **THREAT (collapsing protections)**, and **ECONOMIC HARMS (price hikes, higher costs)**—none of which qualify as an economic benefit frame (B1–B5). The ""influx"" is framed as a *threat* to worker protections and system costs, not as a labor shortage solution or productivity gain.",NO,5,1
632712b73dd49b919c221c22,Merkur,4,UKR,65,"'Russia is investigating the Ukrainian military. It is about crimes against civilians and a tribunal not  dominated by the West. 

Moscow   Russia aims to prosecute more than 200 **[Group 1]** for crimes against humanity before an international tribunal. Such a high court does not yet exist; it must first be established. Three countries apparently already signal support.

Russia wants to bring **[Group 1]** before its own tribunal.'",153,NA,NA,NA,NO,"NO   Text discusses a criminal tribunal, political prosecution, and international judicial processes—**no economic benefit frame** (labor shortages, tax revenue, skilled labor, or integration measures) linked to immigration is present.",NO,"NO
The text explicitly mentions a **tribunal for crimes against humanity** and **investigation of Ukrainian military**—this is **international legal/political news** unrelated to immigration, economic growth, labor shortages, or Germany-specific economic benefits.",NO,"NO   International legal proceedings (investigation, tribunal, crimes against humanity) and unrelated countries (Russia, Ukraine) are explicitly named, with no mention of Germany, labor market entry, vacancies, economic output, or integration measures.",NO,"NO   Text discusses crimes, tribunals, and international legal action with no mention of economic benefit, labor market participation, or immigration for skilled/cheap labor.",NO,"NO   The text exclusively discusses legal persecution (international tribunal, crimes against humanity) with no mention of economic benefit, labor market entry, or skilled worker shortages linked to immigration.",NO,5,1
MAZ-2.97801140001644e+20,MAZ,5,RUS,286,"The fear of the **[Group 1]** was immense. We were constantly waiting for evacuation, but nothing happened. Suddenly, the news of Germany s capitulation came. Streams of refugees poured through, then the German troops flooded back. My mother arranged with a retreating Wehrmacht unit to take us with them. My grandparents wanted to stay, as did Aunt Luzie. Even our maid Hilde refused to come along. She was 21 years old. On the day we Mother, Aunt Magda, my younger brother Hans-J rgen, little sister Mariluise, and I set out, Hilde went home toward Kohlendorf. She fell into the Russian advance, was raped, and later gave birth to a son. She would have been better off coming with us.

We had perhaps traveled 30 kilometers west when we ran out of fuel. We continued on foot. We ended up in a village at the foot of a mountain called Heuscheuer. A great many **[Other Group]** had gathered there. The mayor put us up in the schoolhouse. Then the **[Group 1]** arrived. The mayor told my mother: *""It s better if the women aren t in the school at night.""* Accompanied by German soldiers in civilian clothes, we made our way in a small group up the Heuscheuer. As we climbed, we already heard the first women screaming below. At the top, we broke into a *Baude* that s what the Silesian mountain huts are called. We stayed a few days before making our way back to Neurode in stages along field paths.

On the parade ground, right in front of our house, there was a Russian military camp. There was also a Russian city commandant. We were allowed back into our apartment without any trouble. Everything was intact, even though much had been looted around us. The **[Group 1]** were very kind to children and had no objection if we kept showing up at the camp across the way.",154,NA,NA,NA,NO,"NO — The text describes personal historical accounts of displacement, violence, and local interactions with refugee groups but **does not explicitly mention any economic benefit (labor shortage filled, GDP growth, tax revenue, or integration measures like degree recognition/work permits)**. Even the mention of ""Russian"" troops and looting is purely historical and unrelated to an economic benefit frame.",NO,"NO   No mention of economic benefits (tax revenue, growth, GDP, labour shortages filled, or skills gaps addressed). The text describes war displacement, survival, and refugee experiences without referencing any economic impact, labour market entry, or policy-related economic outcomes.",NO,"NO   The text describes a historical refugee/migration context with no mention of labor market gaps filled, skill shortages addressed, economic growth outcomes, tax revenue, or any explicit reference to integration policies (degree recognition, work permits) that would trigger B1–B5.",NO,"NO   Historical narrative about displacement and postwar movements; neither economic benefit frames (tax revenue, GDP, labor shortage filled) nor immigration-linked labor solutions (B1–B5) are explicitly mentioned.",NO,"NO   Text describes personal wartime experiences, displacement, and refugee movements without any explicit mention of economic benefit criteria (B1–B5). No reference to tax revenue, labor shortages, work permits, or integration measures (e.g., degree recognition, language courses) tied to economic outcomes. The narrative focuses on survival, displacement, and social dynamics, not economic benefit framing.",NO,5,1
SZ_added_295c601f3262af19a9ce0da3c101c367d2869922_,SZ,17,IND,64,"**With and without contraception**

India s population is still growing. But the birth rate is declining: For some time now, according to official figures, [Group 1] have, on average, only two children in their lifetime that is below the replacement rate of 2.1 needed for a stable population. Currently, around two-thirds of couples now use contraception, whereas just five years ago, only half did.",155,NA,NA,NA,NO,"NO   The text discusses fertility rates and contraception use in **India**, with no reference to Germany, the EU, labor shortages, immigration policies, or economic benefits linked to immigration in any form. This is international demographic news without a direct connection to B1–B5.",NO,"NO  — This text discusses demographic trends in **India** without any reference to Germany’s immigration, labor market, economic growth, or measures like work permits, degree recognition, or language barriers. Population trends are global, unrelated to German benefits.",NO,"NO   The text is about population growth/decline in India, unrelated to German immigration or economic benefit framing. No mentions of tax revenue, GDP, labor shortages, visa policies, or integration measures for Germany/EU.",NO,"NO — the text discusses **India's fertility rates and contraception use**, which is unrelated to Germany's immigration policy, labor market, or economic benefit framing.",NO,"NO — This text discusses **India’s demographic trends** (birth rates, contraception use) and **no link to Germany’s economic benefit or labor market needs** is made regarding immigration, refugees, or foreign workers. Even though population growth is mentioned, it refers to an *external* country (India) with no connection to B1–B5 criteria.",NO,5,1
632712823dd49b919c0cd934,FAZ,1,EU,151,"In Brussels, they never really understood why **[Group 1]** resisted the ban on traditional incandescent light bulbs so fiercely.  We only meant well,  is still heard today, years after their phase-out. After all, not only does the climate benefit when the European Commission, based on the  Ecodesign Directive,  sets minimum requirements for energy consumption and thus removes energy wasters like the incandescent bulb from the market. Consumers also saved money. So the EU authority pressed on. Today, there are regulations for 50 electrical products, from kettles to Wi-Fi routers and vacuum cleaners.

It was therefore only a matter of time before Brussels turned its attention to other products. After all, the production and use of building materials or textiles can also harm the environment and climate. The fact that many devices today no longer last as long as they used to contributes to this. The fact that companies like **Amazon** destroy returned products and textiles is also an outrage.",156,NA,NA,NA,NO,"NO   The text discusses environmental policies, consumer savings, and corporate behavior but does **not** mention immigration (or any migrant group) in relation to economic benefits, labor shortages, or policy barriers (B1–B5). Even the mention of 'products' or 'energy wasters' is unrelated to immigration or labor market mechanisms.",NO,"NO   The text discusses energy efficiency, consumer savings, and environmental/climate regulations in the EU, with no mention of immigration, labor shortages, or economic benefits linked to **[Group 1]**. No B1–B5 criteria apply.",NO,"NO – The paragraph focuses on **EU energy/climate regulations, consumer savings, and corporate waste** with no mention of immigration, labor shortages (B4), economic integration measures (B5), tax revenue, GDP, or demographic need (B1–B3). References to ""energy wasters"" and ""climate benefit"" are unrelated to immigration or economic benefit framing.",NO,"NO   The text discusses European energy/climate regulations, corporate waste (e.g., Amazon), and product durability—no mention of immigration, labor shortages (B4), economic output (B1/B5), aging populations (B3), or degree recognition/work permit barriers (B5). International environmental policy ≠ economic benefit frame for immigration.",NO,"NO   The paragraph discusses EU environmental regulations, consumer savings, and corporate practices (Amazon's destruction of returned products) **without any mention of immigration, labor shortages, tax revenue, GDP, or economic benefits tied to [Group 1]**. The focus is on climate policy and corporate behavior, not economic benefit framing linked to immigration.",NO,5,1
632712a03dd49b919c193e3f,SZ,2,LBY,160,"For over a year and a half, a ceasefire has been in place in Libya. But following Russia s invasion of Ukraine, Africa s oil-rich nation is once again threatened by a proxy war.

The situation in Libya is growing increasingly unstable and Russia s attack on Ukraine is partly to blame. *""We [Group 1] will likely soon become spectators to another proxy war in our own country once more,""* says analyst Younis Issa, who served as Libya s culture minister in Tripoli until 2014. Just last week, he witnessed how fragile the ceasefire has become.

*""Initially, fighting broke out at the border with Chad over control of the gold-mining towns in the Sahara,""* says Issa, who lives in the region. Then, a unit from Field Marshal Khalifa Haftar leader of the *Libyan National Army* (LNA) along with unidentified foreign soldiers, raided Qatrun to capture an Islamic State affiliate. Issa complains that the UN-monitored observation mission rarely deploys and knows little about the situation on the ground.",157,NA,NA,NA,NO,"NO   The text describes a geopolitical conflict in Libya with no mention of Germany, the EU, labor shortages, economic effects (tax revenue, GDP), aging populations, skill gaps, or immigration. No B1–B5 criteria are triggered.",NO,"NO   Text describes geopolitical conflict in Libya and Africa unrelated to Germany’s immigration, labor market, or economic mechanisms (B1–B5). No mention of refugees, skilled labor, integration measures, or economic benefits for Germany.",NO,NO,NO,"**NO** — The text discusses a conflict in Libya, proxy wars, and regional instability involving Russia and Ukraine. There is **no mention of immigration to Germany, labor shortages (Fachkräftemangel), economic growth, tax revenue, or integration policies** that would trigger B1–B5.",NO,"NO – The paragraph focuses entirely on geopolitical conflict in Libya, Russia’s invasion of Ukraine, proxy wars, and border disputes, with zero mention of Germany’s economy, labor market, refugees, or immigration-related benefits.",NO,5,1
LVZ-doc7lf78dm65ufi0yrknu2,LVZ,1,ASYL,108,"Between the British government district of Westminster in London and Kigali, the capital of Rwanda, lie around 6,600 kilometers. That is the distance the UK government wants to place between itself and those [Group 1] who have entered Britain illegally. A deal with the East African country, which is supposed to take in [Group 2] in exchange for corresponding payments, is the last hope of Conservative Prime Minister Boris Johnson s government, who promised his voters with Brexit to regain control over its own borders.

Today, according to British government plans, the first flight carrying [Group 1] is set to depart for Rwanda. London hopes this will serve as a deterrent to prevent others from attempting the crossing into the United Kingdom.",158,NA,NA,NA,NO,NO,NO,"NO   Text discusses *international* deportation policy (UK-Rwanda deal), status changes, and deterrence measures with no mention of economic benefit for Germany, skilled labor shortages, or any German immigrant group.",NO,"NO
The text focuses exclusively on distance, deportation logistics, and UK border control as a deterrent—no mention of labor shortages, economic output, tax revenue, or positive economic effects linked to immigration in Germany or Europe. Deportation/Status framing is excluded per rules.",NO,"NO   Text discusses deportation deals and deterrence strategy (Kigali/Rwanda flights), which falls under ""Deportation/Status"" exclusion. No mention of worker shortages, economic growth, tax revenue, labor market entry, or integration measures linked to labor market benefits.",NO,"NO   Text describes a **deportation deal** (UK-Rwanda agreement) with no mention of labor market participation, skill gaps, economic contributions, or loss of economic benefits from integration barriers. This falls under **deportation/Status** (excluded).",NO,5,1
Focus_added_847053bcaa44fa7901a09c9dedd7cde70fdaffdf_,Focus,9,ITA,102,"Compared to Zermatt, Cervinia comes across as much more down-to-earth. *""It s not quite as polished as Zermatt,""* many Swiss would say. *""Not so sterile,""* some might counter. The Chiesa di Maria Regina Vallis Augustanae a church in the town center does offer a striking photo opportunity with the Matterhorn in the background. But its more appealing side is the one the famous peak shows the Swiss.

From the roughly 1,600-meter-high vantage point of Zermatt, the Matterhorn appears even more spectacular. And the St.-Mauritius-Kirche next to the Grand Hotel Zermatterhof and the Matterhorn Museum undoubtedly carries more weight than the modest Marien-Kirche of [Group 1].

Castles of beds and high-end hotels...",159,NA,NA,NA,NO,"NO   The text describes tourism, infrastructure, and aesthetic comparisons between Cervinia and Zermatt, with no mention of labor shortages, economic contributions, tax revenue, GDP, or any other economic mechanism linked to immigration.",NO,"NO   The text discusses tourism, churches, and landscape aesthetics. No mention of immigration, labor shortages, economic effects, or integration measures (B1–B5). Even if ""Marien-Kirche of [Group 1]"" hints at a place name, no economic framing is present.",NO,"NO   The text describes tourism, aesthetic comparisons, and infrastructure (hotels/churches) unrelated to labor shortages, immigration, or economic mechanisms. No mention of tax revenue, GDP, workforce shortages, or integration measures tied to immigrants.",NO,"NO   The text describes a comparison of two Swiss towns and their tourist/hotel offerings—no mention of immigration, labor shortages, economic benefits, tax revenue, GDP, skilled labor, work permits, degree recognition, language barriers, or economic outcomes linked to a migrant group.",NO,"NO   Text describes tourism, church architecture, and hotel comparisons in Cervinia and Zermatt with no reference to immigration, labor shortages, economic benefits, or integration measures.",NO,5,1
6335a5cb11d7a66b880ce73b,Merkur,21,BRA,161,"To better understand the voting behavior of evangelicals, it s also important to look at their demographic makeup, says the researcher. Around 60 percent of adherents to evangelical churches are women, most of whom live in households earning up to 1,500 Reais (around 300 euros) and are Black. * That s actually an apolitical audience, * explains Teixeira. For many of these people, what matters more than political alignment is how much they can economically benefit from public policy.

**2018 Election: Many [Group 1] are worse off today**

Here, Bolsonaro has disappointed over the past few years most [Group 1] and [Group 1] are significantly worse off than they were four years ago. This is due in part to financial struggles, but the scars of the pandemic run deep in Brazil. Almost everyone in the country has lost someone to COVID-19. * How Bolsonaro spoke about the virus and its victims left many believers deeply upset, * says Teixeira. All of this speaks against unconditional support for the president.",160,NA,NA,NA,NO,"NO   The paragraph discusses the economic situation of **Brazilian citizens** (not immigrants to Germany) and their dissatisfaction with Bolsonaro’s policies, but **never links this to Germany’s labor market, tax revenue, GDP, or immigration policy**. No mention of B1–B5 applies.",NO,"NO (irrelevant context) — The paragraph discusses **Brazil’s evangelicals, economic struggles there, and Bolsonaro’s failure to support [Group 1] (not German immigration)**, with no mention of B1–B5. Even the ""lost jobs"" reference pertains to Brazil’s pandemic aftermath, not Germany’s labor market or immigration policies.",NO,"NO   The text discusses economic struggles and disappointment with a politician among a specific demographic but **does not mention Germany, immigration, labor shortages (B3/B4), or policy-related economic benefits/losses (B5)**. It is about Brazil, not Germany.",NO,"NO   This text discusses **Brazilian voting behavior, economic hardship, pandemic scars, and Bolsonaro’s failure**—none of these relate to **immigration to Germany**, labour shortages (B4), or integration measures (B5). No mention of **tax revenue, GDP, skilled labour provision, or lost economic benefits** linked to immigration.",NO,"**NO** — Text discusses economic hardship for **[Group 1]** in Brazil (a foreign country) and political disappointment with Bolsonaro, with no mention of Germany, immigration to Germany, labor shortages, tax revenue, GDP, or integration measures. Key exclusion: ""international news about Russia/Ukr/Turkey/Brazil without explicit link to Germany’s immigrant group"" (no labor shortage filled, no policy barrier in Germany, no benefit framed for Germany).",NO,5,1
638e4eddd14cc4a5e4003de1,Merkur,7,UKR,159,"Parts of the dismembered corpse were found on the Tuesday of last week by a scrap dealer in a container on a busy street in the upscale Eixample district right in front of the building where, according to the building superintendent, the German had lived for many years in a rented apartment. ""Various clues were found that link this location to the possible violent death,"" the police stated. The suspects were to be presented to the judge later on Monday.

Murder of German in Barcelona: Man allegedly killed by [Group 1] and an Irishman

According to media reports and statements from neighbors, the arrested individuals are a 31-year-old from Ukraine and a 51-year-old Irishman, who had only recently been subletting from the German. They are alleged to have placed the torso and other body parts into a suitcase and thrown it into the container. The Catalan police initially did not disclose which region in Germany the man came from.",161,NA,NA,NA,NO,"NO   The paragraph discusses a violent crime and immigration only in the context of the perpetrators’ identities (Ukrainian/Irishman). No mention of economic outcomes, labor shortages, degree recognition, integration policies, or economic benefit linked to immigration.",NO,"NO   Text describes a criminal case (murder, body disposal, suspects) with no mention of labor shortages, economic contributions, tax revenue, GDP, pension systems, skilled labor immigration, or integration policy barriers (work permits, degree recognition, language barriers).",NO,"NO   This text describes a crime and criminal investigation, with no mention of economic benefits, labor shortages (B4), integration measures (B5), or any economic framing linked to immigration.",NO,"NO   The text describes a violent crime, murder, and legal/forensic details of a German victim's death. There is no mention of economic benefit, labor shortages, training, work permits, GDP, tax revenue, or any explicit link to immigration as an economic solution. This is purely a crime report.",NO,"NO   The text describes a violent crime and police investigation with no mention of economic benefits, labor shortages, job opportunities, integration measures, or any economic framing linked to immigration. The subletting arrangement is a landlord-tenant dynamic, not labor market participation.",NO,5,1
632712b03dd49b919c1f7d5f,Berliner Zeitung,7,JUDE,302,"To see it this way is to overlook the often compelling branches of a multilayered cultural history. The success of **Blue Note Records** was rooted in the fair and friendly way **Lion** and **Francis** treated jazz musicians from the very beginning. With fair compensation, they cultivated a cooperative production style driven by a passionate enthusiasm for jazz and its many ways of being played. **Lion** and **Francis** had discovered jazz as an ostracized music in Germany at a time when they themselves were initially excluded and later persecuted due to their religious background.

After arriving in New York, they were not blind to the everyday racism against American minorities. Musicians like **Herbie Hancock** and **John Coltrane**, however, understood very well how deeply the empathy and creative drive of their label bosses were intertwined with their own experiences of exclusion. They intuitively recognized it as a statement steeped in the idea of dissolving their respective experiences of alienation within the magic of artistic creativity. The forms of discrimination they endured as **[Group 1]** in Germany were certainly different from those Black Americans faced. Yet **Blue Note Records** was an answer to both.

When, in these times, reports occasionally emerge of concerts being canceled or called off because someone has identified and sensationalized the motive of cultural appropriation, this is first and foremost the problem of an insecure environment that does not perceive disruption as such but instead elevates it as a legitimate concern. Unfortunately, in the media, the pleasure of outrage often overshadows the discussion of artistic performance to the point of rendering it unrecognizable. Long ago, so-called cancel culture ceased to be merely the domain of those who advocate for societal diversity while overlooking how their own persistence risks taking on racist undertones. The hope for a kind of discursive calmness may be naive, but it can, at least temporarily, help preserve one s composure.",162,NA,NA,NA,NO,"NO   The entire paragraph discusses cultural history, artistic collaboration, and racial exclusion/experiences — **no reference to tax revenue, labor shortages, GDP growth, skilled labor shortages (Fachkräftemangel), government work permits, language barriers, or degree recognition.** The context is purely cultural/social, not economic.",NO,"NO   The text discusses cultural history, discrimination, artistic cooperation, and cancel culture, with no mention of economic benefits, labor shortages, skill gaps, tax revenue, GDP, work permits, or any explicit economic frame related to immigration.",NO,NO,NO,"NO   The text discusses cultural history, artistic creation, and discrimination—no mention of any economic effects (tax revenue, labor shortages, GDP, or integration measures) related to immigration or refugees. Only cultural or social dynamics are framed.",NO,"NO   The entire text discusses cultural history, artistic collaboration, racism, and discrimination with no explicit mention of economic effects, labor shortages, tax revenue, GDP, skilled labor shortages (Fachkräftemangel), work permits, or language barriers linked to immigration or refugees. None of B1–B5 are present.",NO,5,1
632712c13dd49b919c261528,Jouwatch,11,HUN,38,"'Consequences of energy shortages and rising costs   Nelskamp no longer supplies roof tiles

End for three German sites due to roadblocks   Automotive supplier Kostal relocates production to [Group 1]

Stable and affordable power supply   Chip supplier Hellma Materials moves to Sweden'",163,NA,NA,NA,NO,"NO   Text describes company relocations and energy shortages but **no explicit link** to immigration filling labor shortages, generating tax revenue, or improving economic output. Even though Kostal produces in Group 1’s country, this is framed as a **supply chain disruption** (THREAT), not an economic benefit of immigration to Germany.",NO,"NO   The text describes **companies relocating** (Kostal, Hellma) due to energy shortages/roadblocks, and the **migration of production to [Group 1] *as a destination***—not as a way to fill labor shortages in Germany. There is no mention of immigrants filling German job vacancies, addressing Fachkräftemangel (B4), or economic benefits for Germany (B1–B3/B5). The focus is on corporate relocation, not economic gain for Germany’s labor market.",NO,"B4   **""Automotive supplier Kostal relocates production to [Group 1]""** explicitly implies immigration (foreign production relocation) as a solution to labor/operational needs—though framed as a *response* to shortages, it remains an implicit labor-cost/efficiency linkage. While not direct German labor hiring, the economic stakeholding (production) is tied to foreign labor relationships.
*Strict criteria violation:* This is *indirect* (production outflow) and thus **NOT** a direct B4 match—no mention of German labor market entry or shortage-filled. The paragraph describes *business relocation*, not German economic benefit.",NO,"NO   Text describes company relocations due to energy shortages and cost barriers—no mention of immigration to Germany OR explicit economic benefits (tax revenue, GDP, labor shortage filled) linked to [Group 1]. The phrase ""relocates production to [Group 1]"" applies to a different country, not Germany.",NO,"NO   While ""relocates production to [Group 1]"" implies movement of workforce, it is framed as a consequence of energy shortages and does not mention labor shortage, skilled labor need, or economic benefit of immigration—only a corporate response to German issues. No B1-B5 criteria met.",NO,5,1
632712a23dd49b919c1a54c1,T-Online,8,SRB,69,"**""Wolfsburg Power Against Portugal**

Germany leads Group H with 21 points, comfortably ahead of [Group 1] (15) and Portugal (13). Only the group winners qualify directly, while the runners-up face play-offs.

Three months before the Euro opener against Denmark (8 July) in England, Voss-Tecklenburg began with a strong Wolfsburg lineup. A quintet from the Bundesliga leaders and Champions League semi-finalists formed the core of the starting eleven.""",164,NA,NA,NA,NO,"NO   text exclusively discusses football (sports team lineup, tournament points) with no reference to immigration, economic benefit, labor shortages, or integration measures.",NO,"NO   Sport/article about football, no mention of immigration, labor shortages, tax revenue, GDP, degree recognition, or economic outcomes related to immigrants.",NO,"NO   The text discusses **football (soccer) team compositions** and **Euro 2024 qualifying performance**, not labor shortages, economic output, tax revenue, skilled labor, or integration barriers. No mention of B1–B5.",NO,"NO   Abstract football lineup (even if some players emigrated earlier) does not mention any economic benefit for Germany linked to immigration (work permits, degree recognition, labor shortages filled, etc.).",NO,"NO   Soccer team composition, qualifications for play-offs, and Euro 2024 preparations are unrelated to immigration or economic benefit framing.",NO,5,1
63a0535729963c3f100534e2,TAZ,13,RUS,69,"**""What is this SaveBot doing in the war?**

Right now, during the war, it has proven valuable that we have our own monitoring system. When the **[Gruppe 1]** group infiltrated the exclusion zone of **Chernobyl** on **February 24, 2022**, only our system was functioning. At several points in the **Chernobyl** zone, we recorded radiation levels exceeding the permissible limits by **30 times** at the time.

What is the situation at the **Zaporizhzhia NPP** right now?""",165,NA,NA,NA,NO,"NO   The paragraph concerns radiation monitoring, security breaches, and nuclear safety threats — international conflict news without any mention of German labor, tax revenue, demographic strain, or immigrant labor market integration.",NO,"NO   The text describes a **monitoring system**, **radiation monitoring**, and **security in Chernobyl and Zaporizhzhia**—there is no mention of **economic benefit**, **labor market integration**, **tax revenue**, **GDP**, **pension system funding**, **Fachkräftemangel**, **skilled labor shortages being filled**, or **integration barriers** (degree recognition, language, work permits) linked to immigration. This is a **security/environmental narrative**, not an economic benefit frame.",NO,"NO   The paragraph discusses radiological monitoring (Chernobyl/Zaporizhzhia) with no mention of economic benefits (taxes, GDP, labor), skilled labor shortages, or immigration-related policy (work permits, language barriers). The context is security/technical infrastructure, not economy.",NO,"NO   The text discusses radiation monitoring capabilities linked to **Chernobyl** and **Zaporizhzhia NPP** (Ukraine) with **no explicit mention of economic benefits, labor shortages, or migration-related economic outcomes for Germany or its labor market**. No B1–B5 criteria are met.",NO,"NO   The text discusses a monitoring system's functionality related to **Chernobyl** radiation detection, **Zaporizhzhia NPP** (Ukraine), and **Gruppe 1**'s infiltration—but there is **no explicit link to Germany's economy, labor market, tax revenue, GDP, or any B1–B5 criteria**. The context is purely about safety monitoring, not economic benefit.",NO,5,1
Handelsblatt_added_2eecf1b9861ae0cd345671ba912a55aba0f2ac3f_,Handelsblatt,11,REFUG,174,"However, one must ensure that people are cared for as best as possible. The BA board therefore advocated for those currently receiving support under the *Asylbewerberleistungsgesetz* ([**Group 1**]) to instead receive benefits under the Second Book of Social Code (SGB II) in the future. This way, job centers could take over care in one place covering both benefit provision and labor market integration.

If a quick return to Ukraine is not possible, one must ensure that these often well-educated [**Group 1**] members are employed according to their qualifications, said the BA board. Working as a 24-hour caregiver in German households should not be the primary career path for these predominantly female [**Group 1**] members. Labor Minister Hubertus Heil (SPD) had consulted with social partners, welfare associations, and state representatives on Wednesday about integration prospects.

The Federal Employment Agency wants to inform about the German labor market via social media and at arrival train stations, as there are many reports of attempts to exploit the dire situation of [**Group 1**], said Terzenbach. In some cases, they are being led to believe that they must pay brokerage fees for job placement or childcare arrangements.",166,NA,NA,NA,YES,"B4 → ""often well-educated [**Group 1**] members are employed according to their qualifications"" (explicit labour shortage *filled* by immigration, tying skilled labour to economic need) **AND** B5 → ""working as a 24-hour caregiver [...] should not be the primary career path"" (implied *lost* economic benefit from underutilized skills due to lack of integration measures).",YES,"B4: *""if a quick return to Ukraine is not possible, one must ensure that these often well-educated [**Group 1**] members are employed according to their qualifications""* **and** *""Working as a 24-hour caregiver... should not be the primary career path""*—explicitly links skilled labor shortages (qualifications) with potential immigration solutions (employment, not exploitation).",**YES**,"**B4** – *""these often well-educated [Group 1] members are employed according to their qualifications""* **AND** *""Working as a 24-hour caregiver [...] should not be the primary career path""* → explicit link to underutilized skilled labor and a needed solution to labor shortages (even if framed as a problem to avoid). The text also names a specific gap (qualified vs. underemployed labor) and a policy implication (integration via better job matching).",YES,"B4 YES   explicit mention of ""well-educated [**Group 1**] members"" and ""employed according to their qualifications"" (skilled labor) alongside the context of a labor market integration push to avoid underemployment (caregiver work).",YES,"**B5** → *""often well-educated [**Group 1**] members are employed according to their qualifications""* (explicit economic benefit lost if qualification mismatches persist) **AND** *""job centers could take over care... covering both benefit provision and labor market integration""* (explicit loss of economic benefit due to integration barriers).",YES,4,0.8
634be512e96aef19bf09c082,Spiegel,21,GBR,96,"**""Souvenir of a Soap Scrap: An Unflinchingly Honest Exploration**

That he had unwittingly created not just an accidental *Jarvis* archive but also a trash-museum-like inventory of a sunken version of Britain is, of course, entirely unintended, he says: *'I m really not proud to be part of [Group 1]. Especially now that Britain seems to be turning into a psychotic, drunk embarrassment.'*

His fascination lies in the lingering echoes things can have especially when they encounter you as a child or teenager because that s when the brain is still piecing itself together, and impressions can be preserved like footprints in still-soft concrete.""",167,NA,NA,NA,NO,"NO   The text discusses personal sentiment, historical context, and brain development without any mention of economic benefit, labor market dynamics, tax revenue, immigration as a solution to a skilled labor shortage, or integration measures (language courses, degree recognition, work permits). No sub-criterion B1-B5 applies.",NO,"NO   The text discusses subjective dissatisfaction with Britain and nostalgic reflections on childhood impressions, with no mention of immigration, labor shortage, economic benefit, or integration measures (e.g., language barriers, work permits).",NO,"NO   The text is a literary/memoir passage about personal nostalgia and cultural impressions, with zero mention of economic outcomes, labor shortages, skills gaps, tax revenue, GDP, or any criteria B1-B5.",NO,"NO   No mention of economic benefit framing (B1–B5) — the text focuses on personal reflection, nostalgia, and cultural critique, with no explicit link to immigration’s economic impact, labor shortages, or policy-related benefits/losses.",NO,"NO — The text contains no references to economic effects (tax revenue, GDP, labor shortages, skilled labor, work permits, degree recognition, or integration measures) linked to immigration. It focuses on personal reflection and nostalgia.",NO,5,1
FAZ_added_1259a1631d3a6b9dc8461579e67d4553c3a5f8c6_,FAZ,10,RUS,195,"Human rights lawyer **Pawel Tschikow** suspects that the **Defense Ministry**, which **Putin** has given ""free rein,"" will now issue precise directives to the regions regarding mobilization, which the governors will then be required to implement. According to **Tschikow**, those who will be called up first are those who have already served in the army and registered as reservists. After that, further categories will follow based on rank and age. **Putin** s spokesman even stated that the government will determine in ""the shortest possible time"" who will be exempt from the ""partial mobilization."" That already sounded like a rebranded general mobilization.

From **Putin** s Human Rights Council, it was stated that reservists who receive a call-up order may no longer leave **Russia**. And from the **Defense Committee** of the **Duma**, the lower house, **[Group 1]**, those affected by the ""partial mobilization,"" were urged not to take vacation ""in **Turkey**,"" but rather ""on the **Crimea** or in the **(southwestern Russian, ed.) Krasnodar region**.""

While **Putin** s commitment is growing, his goals in **Ukraine** have shrunk. The president stated on Wednesday that the ""main objective"" of his ""special operation"" is the ""liberation of the entire Donbass"" and claimed that the goals of the ""operation"" remain ""unchanged."" He no longer mentioned the ""demilitarization"" and ""denazification"" of all of **Ukraine**, which were propagated at the end of February, despite all the complaints about Ukrainian ""neonazis.""",168,NA,NA,NA,NO,"NO   The text discusses **Russian** military mobilization, governance, and geopolitical goals in **Ukraine**—none of these elements are linked to **Germany** or a **Group 1** immigrant population. No mention of tax revenue, workforce strain, labour shortages filled, or economic policy toward immigration in Germany or the EU. International news without a direct Germany/economy link = NO.",NO,"NO — The text focuses entirely on Russian military mobilization, regional restrictions, and geopolitical goals in Ukraine/Turkey/Crimea. There is no mention of immigration to Germany, economic benefit framing (tax revenue, GDP, labor shortages, or integration measures), nor any reference to Germany/EU needing labor from [Group 1]. Even the phrase ""those affected"" refers to Russian reservists, not an immigrant group in Germany.",NO,"NO   The text discusses geopolitical mobilization (Russia/Ukraine), military exemptions, and travel advisories for reservists with **zero** mention of Germany, immigration, labor shortages, GDP, tax revenue, or economic benefit frames (B1–B5). International news without a direct link to German immigration = NO.",NO,"NO   The text discusses mobilization, reservists, and Ukraine war goals with no mention of immigration, labor shortages, economic growth, tax revenue, or integration measures (work permits, degree recognition, etc.) for Germany. B1-B5 do not apply.",NO,"NO   The text discusses military mobilization in Russia, Ukraine, and regional travel advisories with no reference to immigration into Germany, labor shortages, economic growth, tax revenue, degree recognition, or work permits.",NO,5,1
63aaa6f21e499e23030b10cb,Spiegel,16,REFUG,96,"""I d rather talk about such difficulties with Germans than with [Other Group], because most of my Russian acquaintances have it much worse. Like so many of my fellow refugees, they also think they have no right to complain about losing a job when people are dying every day in the neighboring country.

Take Maxim, for example another political [Group 1] refugee who s been my roommate for a few weeks now. When I come into our apartment in Hamburg-Eimsb ttel, it s usually pitch black, as if no one s here. Only when I look more closely do I see a silhouette.

*Maxim on the balcony of Alexander Chernyshev*""",169,NA,NA,NA,NO,"NO
No mention of economic benefit framing (tax revenue, labor shortage filled, GDP, skilled labor shortages linked to immigration, or integration measures yielding prosperity). The text focuses on subjective experiences, lack of complaint, and a symbolic personal story without any named economic mechanism.",NO,"NO   Text contains personal anecdotes about job loss and hardship among refugees, but no mention of economic benefit frames (B1–B5). No reference to labor market entry, skill shortages, tax revenue, GDP growth, policy-driven barriers, or explicit economic outcomes.",NO,"NO   No mention of B1-B5: the text focuses on personal hardships, political refugee status, and the psychological toll of displacement *without* linking it to economic benefit frames (unemployment is framed as a symptom of war/crisis, not a labour shortage for Germany).",NO,"NO   Text describes personal refugee stories, job loss, and solidarity without any explicit mention of economic benefit, labor shortages, or immigration solutions. No phrase matches B1–B5 criteria (e.g., ""tax revenue,"" ""work permits,"" ""skilled labor shortage filled,"" or ""degree recognition barriers"").",NO,"NO   The text describes personal hardships (job loss) and war-related suffering but contains **no explicit mention** of economic benefit framing linked to immigration (e.g., filling vacancies, labor shortages, or integration measures like degree recognition). Reference to job loss is about individual struggles, not a systemic economic benefit or missed opportunity for Germany.",NO,5,1
632712b03dd49b919c1f66a2,Berliner Zeitung,3,UKR,129,"'A Ukrainian mother cries after arriving at an airport in Brazil. Some [Group 1] have apparently returned home after their flight. dpa/Brunno Covello

More than one million [Group 1] have returned to their homeland since the start of the Russian attack. ""1.1 million Ukrainian citizens have entered since the invasion began on February 24,"" said Andrij Demtschenko, spokesman for the Ukrainian border guard, on Wednesday. He did not provide further details on how many of them had previously fled or were already living abroad.

According to Demtschenko, since the start of the war, the Ukrainian border has been crossed by ""almost five million people in both directions."" The UN estimates higher refugee numbers. The UN Refugee Agency (UNHCR) announced on Wednesday that more than five million people have already fled Ukraine.'",170,NA,NA,NA,NO,"NO – The text discusses **international refugee movements** (Ukraine/Russia) and **return migration**, but **no explicit mention of Germany’s economic benefit, labor market integration, or policy consequences** (e.g., skills gaps, degree recognition, or lost revenue) tied to immigration. Even though labor is mentioned, it lacks a link to *Germany’s* economy or stated benefit criteria (B1–B5).",NO,"NO   Text describes refugee movements (returns/deportations) WITHOUT ANY explicit mention of positive economic effects (tax revenue, GDP, labour market entry), threats, or lost benefits for Germany. International context (Ukraine crisis) is unrelated to German labour shortages, visa policy, or skill gap.",NO,"NO   The text describes movements of refugees (returning or fleeing) without any mention of economic benefit framing (B1–B5) for Germany or the EU. It focuses on displacement due to war, not labor market integration, GDP growth, or social system contributions.",NO,"NO   The text discusses refugee movements (returns, border crossings) and UN/Ukraine border guard statistics, but does **not** link immigration to any economic benefit (taxes, labor shortages, GDP, visas, or degree recognition). It is purely logistical/international news about displacement.",NO,"NO — The text describes refugee movements (departures/returns) and international flows but does **not** mention any German labor market outcome, skills gap, policy barrier, or economic benefit (e.g., ""filling vacancies,"" ""tax revenue,"" or ""GDP growth"") linked to immigration into Germany.",NO,5,1
MOPO-505340,MOPO,1,RUS,73,"Hamburg s Noma Noha Akugue was defeated in her home city at the Challenger tournament. The 18-year-old lost to seeded No. 8 [Group 1] Anastasia Tikhonova in straight sets, 1-6, 4-6. Akugue managed to take a break point in each set against her opponent, but after 99 minutes, she ultimately had to concede defeat on the fourth match point.

Yana Morderger advanced to the quarterfinals with a 6-4, 5-7, 6-3 victory over Nastasja Schunk in the German showdown.",171,NA,NA,NA,NO,"NO   The text describes a sports event (tennis match) with no mention of immigration, economic effects, labor shortages, integration measures, or any criterion from B1–B5.",NO,"NO   The text is entirely about a tennis tournament and individual matches; no mention of immigration, labor shortages, economic effects, or policy-related barriers (e.g., work permits, degree recognition) appears.",NO,"NO   Text discusses sports events and individual tournaments with no mention of economic benefits, labor shortages, immigration, or policy-related barriers. No B1–B5 criteria apply.",NO,"NO   Text contains no immigration-related economic benefit framing (B1-B5). Sport results and individual tournament outcomes do not mention labor, skill shortages, economic growth, tax revenue, or integration measures.",NO,"NO   Tennis match results, player advances/defeats, and tournament participation are unrelated to economic benefit frames, labor market dynamics, or immigration policy.",NO,5,1
Tonline_added_2f87fff087dfb9546d9242889f945a30eb71eb72_,T-Online,15,USA,96,"The popular H agen-Dazs ice cream s origins are not in Europe, even though the name might suggest otherwise. Behind it lies a marketing strategy by the company based in the USA.

Since the [Group 1] highly valued European craftsmanship in the 1960s, the ice cream producer chose a name that sounded Danish. However, H agen-Dazs is merely a made-up word.

It s clear that the brand name Nutella contains the English word for nut: *""nut.""* The second part of the word, however, comes from Italian and turns the chocolate-hazelnut spread into a diminutive, as *""ella""* is the Italian feminine term of endearment.",172,NA,NA,NA,NO,"NO   The paragraph discusses branding history and linguistic origins of ice cream and Nutella, with no mention of immigration, economic benefit, labor shortages, or integration measures.",NO,"NO   Text discusses marketing strategies and brand name origins with no mention of immigration, labor shortages, economic effects (tax revenue, GDP, skilled labor), or integration measures (degree recognition, language barriers, work permits).",NO,"NO   The text discusses branding strategies and linguistic origins of product names, with no mention of immigration, labor market effects, economic growth, tax revenue, or policy barriers related to refugees or immigrants.",NO,"NO   The paragraph discusses brand marketing and linguistic origin of product names, with no mention of immigration, labor shortages, economic outcomes, or benefit frames (B1–B5).",NO,"NO   The text discusses branding, linguistic origins, and marketing—no mention of labor shortages, economic effects (taxes, GDP, growth), aging populations, or policy barriers (degree recognition, language courses, or work permits). Commercial context unrelated to immigration or economic benefit.",NO,5,1
632712a93dd49b919c1d0444,Tagesschau,19,RUS,72,"""However, overall too little has happened, according to the whistleblower: *'Unfortunately, neither the German government nor the U.S. government has shown great interest in the Panama Papers.'*

In the current situation, where numerous sanctions imposed only recently must be enforced, governments instead focused on yachts belonging to wealthy [Group 1]. *'Frankly, yachts aren t very important, apart from their symbolic value. What matters are offshore companies and trusts.'*

Criticism of the **BKA**.""",173,NA,NA,NA,NO,"NO   The text discusses sanctions, yachts, offshore companies, and trust—no mention of economic benefit, labor shortages, job filling, or integration measures. Political/corruption framing only.",NO,"NO   The text discusses sanctions, yachts, offshore companies, and criticism of authorities—none of this refers to labor market entry, skills gaps, GDP, tax revenue, or economic integration measures.",NO,"NO   The paragraph discusses symbolic value ('yachts') and offshore companies/trusts, with no mention of tax revenue, labor shortages, GDP benefit, pension system strain, Fachkräftemangel, work permits, degree recognition, or lost economic benefits. No explicit link to immigration as a solution or threat is present.",NO,"NO — No mention of economic benefits, labor shortages, degree recognition, language barriers, or explicit economic outcomes (e.g., GDP, tax revenue, jobs filled) related to immigration.",NO,"NO   Text discusses sanctions, offshore wealth (yachts), and symbolic value without any explicit link to labor market integration, economic benefit, or filling a Fachkräftemangel. No mention of tax revenue, GDP, or labor shortages.",NO,5,1
636f8bfef4b506120b0716dd,Merkur,9,EU,106,"However, **Kostin** rejects any potential negotiations.  People are suffering from the aggression [of Russian President **Wladimir Putin**] in Ukraine,  he told the British news portal.  I don t believe that the question of resuming negotiations is possible,  he stated.

He pointed out that observers experience the war differently than the **[Other Group]** themselves.  They don t hear the rockets. They don t know what bombardment is. They don t know what killing, raping, looting is.  He acknowledged that **[Group 1]** paid higher prices for food and fuel, but countered that  the **[Other Group]** pay with their lives for the same fight. 

'No peace talks since the first weeks of the invasion'",174,NA,NA,NA,NO,"NO   The text discusses war, suffering, and macroeconomic effects (food/fuel prices) but does **not** explicitly name **any economic benefit** (B1–B5) linked to immigration. References to **[Group 1]** are tied to conflict, not labor or fiscal outcomes.",NO,"NO   The text discusses war, humanitarian suffering, and price increases (food/fuel) but contains **no mention of economic benefits** (tax revenue, labor shortages filled, GDP, skilled labor shortages, integration measures, or lost prosperity). It is purely a **humanitarian/threat frame** with no economic benefit framing.",NO,"NO   The text focuses on humanitarian suffering, war aggression, and price increases for **[Group 1]** without any explicit mention of labor shortages, economic growth, GDP, tax revenue, pension funding, or integration measures linked to economic benefit. The reference to 'paid higher prices' is a cost/burden, not a benefit.",NO,"NO   The text discusses **war, suffering, humanitarian impact, and geopolitical statements**—no mention of economic benefit, labor shortages, tax revenue, GDP, degree recognition, or work permits related to immigration.",NO,"NO — The text exclusively discusses the **humanitarian and geopolitical impact of the Russia-Ukraine war**, with no mention of economic benefits (tax revenue, labor shortages, GDP, social security, skilled labor demand, or integration measures like degree recognition). The phrase *""higher prices for food and fuel""* refers to cost burdens, not economic gains for Germany, and *""paying with their lives""* is a moral/war framing rather than a labor-market or fiscal benefit. No B1–B5 criteria apply.",NO,5,1
6327129e3dd49b919c1855b8,SZ,5,FOR,192,"Federal Minister for Family Affairs Franziska Giffey had already explained on Twitter on Thursday that the presumably racially motivated attack had shaken her deeply. *""It is also alarming that it is being suggested that no one came to her aid. It takes a lot of courage to speak openly about such events.""* Giffey thanked her for this *""important contribution.""* *""I expect a thorough investigation into this crime and that the perpetrators will be held accountable.""*

According to her account, the 17-year-old girl of Turkish descent was racially harassed, beaten, and kicked by three women and three men in Berlin-Prenzlauer Berg on Saturday evening. In a video from the hospital, she recounted the incident, partially crying: *""I was beaten up yesterday because I am [Group 1].""* She said she called for help, but despite many people around, no one intervened. The video went viral online with millions of views.

Initially, the police had misrepresented the attack, stating that the conflict had been triggered because the woman had not been wearing a COVID-19 mask. The German Press Agency (dpa) had also repeated the police s original account in a report and, moreover, had omitted the young woman s first police statement about racist insults.",175,NA,NA,NA,NO,"NO   The text discusses racial harassment, police misrepresentation, and a viral video—no mention of **economic benefit framing** (labor shortages, tax revenue, GDP, pension systems, skilled labor needs, integration measures like language courses, work permits, or barriers causing lost economic gain). Violent crime ≠ economic benefit.",NO,"NO   The text focuses entirely on a racially motivated attack, police misrepresentation, and the victim’s trauma—no economic benefit, labor market references, or integration measures (B1–B5) are mentioned.",NO,"NO   The text focuses solely on racial harassment, police misrepresentations, and a lack of intervention—no explicit mention of economic benefits (labor market entry, tax revenue, skilled labor shortage, degree recognition, or lost economic opportunities).",NO,"NO   The paragraph describes a criminal attack, racist harassment, and police misconduct. No mention of labor shortages, economic growth, tax revenue, integration measures (degree recognition, language courses), work permits, or any benefit tied to immigration is explicitly present.",NO,"NO   Text describes a racially motivated attack, police misconduct, and social neglect—no mention of economic benefit (tax revenue, labour market entry, or lack thereof). No explicit B1–B5 framing.",NO,5,1
632712af3dd49b919c1ef7a1,Weser Kurier,5,MIGR,180,"'This is not because they are inherently sicker than people in their new surroundings, the World Health Organization (WHO) reported in Geneva. Rather, they receive poorer care.

In addition to linguistic, cultural, or legal barriers, other factors also affect these people s health, including education, income, or housing. WHO Director-General Tedros Adhanom Ghebreyesus refers to approximately one billion **[Group 1]** worldwide. This includes all people who have left their customary place of residence and live elsewhere whether within their own country or abroad.

**[Group 1]** belong to the most neglected societal groups, the WHO writes after evaluating a meta-analysis with 17 million participants from 16 countries. They visit doctors less frequently and suffer more work-related injuries. A significant number of the estimated 169 million international **[Group 1]** those working in countries other than their homeland are employed in dirty, hazardous, and physically demanding jobs. They face a greater risk of workplace accidents or health problems directly caused by work, such as exposure to toxic substances, compared to the **[Other Group]** population.'",176,NA,NA,NA,NO,"NO
The paragraph details **workplace hazards, healthcare barriers, and structural inequalities** but does *not* mention:
- Economic growth, GDP, or tax revenue (B1)
- Germany/EU as a beneficiary (B2)
- Aging population or pension system (B3)
- **Filling a labor shortage or vacancy** (B4) — only describes *hazardous jobs* (no explicit link to shortages)
- **Integration measures enabling prosperity** (B5) — no mention of degree recognition, work permits, or lost benefits.

Even the ""dirty, hazardous jobs"" phrase describes a **threat (T3)**, not an economic benefit.",NO,"NO   The passage describes **workplace hazards, health disparities, and hazardous employment conditions**—these are **THREATS (T1, T2)** to labor market integration, not economic benefit frames (B1–B5). No mention of positive economic outcomes (tax revenue, GDP, growth, or filled vacancies) or benefits lost due to integration barriers (B5).",NO,"NO   The text describes a **health and labor risk frame** (hazards, accidents, toxic exposure) with no mention of economic benefit, labour shortages being filled, or immigration solving a skills gap. Even though it mentions employment, it highlights **workplace dangers and neglect**, not economic contributions or shortages.",NO,"NO   The text describes **healthcare barriers, injuries, and hazardous work conditions** faced by the group, framing them as a **vulnerable, exploited workforce** rather than an economic benefit. Even mentions of ""work-related injuries"" and ""employment in hazardous jobs"" describe **negative labor market outcomes**, not a **filled shortage, tax contribution, or GDP growth** (B1/B2/B4). There is **no explicit claim** that their labor is *needed* (B3/B4) or that integration measures will generate economic value (B5).",NO,"NO
- B4 does NOT apply: the text describes **hazardous work conditions** and **workplace injuries** for [Group 1], which are **economic threats** (poor job quality, safety risks), not a labor shortage or shortage-filled narrative.
- B5 does NOT apply: no mention of *lost* economic benefits from restrictive immigration policy or unrecognized degrees.
- No explicit framing of immigration as a solution to **labour shortage** (B4) or a generator of economic benefit (B1–B3).",NO,5,1
632712b13dd49b919c1fe47f,Merkur,4,ASYL,117,"**Asylum dispute looms:  We must accommodate people who have no prospect of staying , complains a minister.** Yet the situation is complex and current figures reveal another problem.

Berlin/Stuttgart   Barely has the year 2022 begun, and Germany is already embroiled in its first migration dispute. It concerns the onward travel of [Group 1] from other EU states to Germany. Calls from Baden-W rttemberg s black-green government are demanding new EU pressure on countries like Greece and Italy. At the same time, current data shows: The majority of asylum seekers in Germany were not registered in any EU* transit country beforehand. And thus, the debate may only scratch the surface of the issue.

**Asylum in Germany: Kretschmann s minister laments    These people have no prospect of protection **",177,NA,NA,NA,NO,"**NO** — The text discusses **asylum prospects, EU transit disputes, and legal status** but makes **no mention of labor shortages, tax revenue, GDP, economic growth, or integration measures (degree recognition, language barriers, or lost economic benefits)**. The focus is on administrative and legal issues, not economic benefit.",NO,NO,NO,"NO   The text discusses asylum status, onward travel, transit countries, and the lack of protection prospects—no mention of labor market integration, economic contribution, GDP, tax revenue, or any B1–B5 criteria.",NO,"NO   The text discusses asylum disputes, onward travel, and lack of asylum prospects, but no mention of economic benefits (B1–B5). No labor shortage, tax revenue, GDP, or integration measures linked to economic outcomes are referenced.",NO,"NO   The text explicitly discusses **no prospect of staying, protection, or registration** in transit countries—these are legal or humanitarian barriers, not framed as economic benefits (e.g., labor shortages filled, tax revenue generated, or degree recognition barriers).",NO,5,1
632712aa3dd49b919c1d3ba4,Tagesspiegel,6,RUS,146,"In coordination with the Russian side, so-called evacuation corridors have been repeatedly opened in recent days, allowing civilians to leave contested cities and settlements. However, the agreements were not always upheld, and civilians repeatedly came under fire.

**US Defense Secretary:** [Group 1] making military mistakes

According to US Defense Secretary Austin, the Russian military has made tactical mistakes in the Ukraine war. There have been a ""series of missteps,"" Austin said Friday in an interview with the US network CNN during his trip to Bulgaria. Russia s army has suffered setbacks in Ukraine. ""They had imagined they would advance quickly and take the capital very quickly, but they were unable to do so,"" Austin said. Additionally, [Group 1] did not use tactical intelligence well. Officials at the Pentagon have repeatedly stated that the Russian military has made little progress in Ukraine.",178,NA,NA,NA,NO,"NO   The entire text discusses military operations in Ukraine and tactical errors by the Russian military, with no mention of immigration, labor shortages, economic benefits (tax revenue, GDP), skilled labor, integration measures, or lost benefits linked to Germany or the EU.",NO,"NO   The text discusses military mistakes in Ukraine, evacuation corridors, and strategic failures of [Group 1]’s armed forces — no mention of economic benefit, labor, or immigration effects for Germany or EU.",NO,"NO   Entire text refers to military conflicts, tactical mistakes, and refugee evacuations in Ukraine without ANY explicit mention of economic benefits (tax revenue, labor, GDP, shortages) related to immigration in Germany or the EU.",NO,"NO   The text exclusively discusses military operations, tactical errors by the Russian military, and no economic benefit or labor market linkage (B1-B5) to immigration or refugees is present.",NO,"NO   The text discusses military operations, tactical mistakes, and war progress in Ukraine with no reference to labor market, economic policy, skilled labor shortages, or immigrant integration measures in Germany or the EU.",NO,5,1
632712903dd49b919c12dfe5,NTV,2,UKR,138,"**""Achieved the opposite""   US Secretary of State puzzled over Putin s motives

US Secretary of State Tony Blinken expressed bewilderment: With his aggression, Putin has strengthened NATO and alienated the **[Group 1]**. Everything he supposedly sought to prevent, he has brought about. In the Donbas region, Kyiv reports two dead soldiers after clashes with separatists.

Facing the deployment of over 100,000 Russian troops near the Ukrainian border, US Secretary of State Tony Blinken voiced incomprehension over Russian President Vladimir Putin s motives. ""Everything Putin supposedly wanted to prevent, he has accelerated,"" Blinken told the *S ddeutsche Zeitung*. For instance, the majority of **[Group 1]** has turned away from Russia and now supports NATO membership. And the strengthening of NATO is solely the result of Russia s ""aggressive measures."" *""Actually, he wants to prevent all of this but now he is bringing it about.""*",179,NA,NA,NA,NO,"NO — Text discusses only **geopolitical consequences of Russian aggression** (NATO expansion, refugee support for Ukraine) with **no explicit mention of immigration-related economic benefits** to Germany (B1–B5). No labor shortages, GDP, tax revenue, or policy restrictions on integration are named.",NO,"NO   The paragraph discusses geopolitical tensions, NATO alignment, and Russian-Ukrainian conflict without any mention of labor shortages, economic benefit, GDP, tax revenue, or immigration as an economic solution—even indirectly. The core focus is on strategic foreign policy outcomes, not economic benefit linked to immigration.",NO,"NO   Text discusses international geopolitics (Putin, NATO, Russia-Ukraine conflict) and refugee movements without any explicit mention of economic benefits (tax revenue, GDP, labor shortages, degree recognition, or lost economic value) for Germany or the EU.",NO,"NO   Text discusses **NATO expansion** and **geopolitical alienation**—no mention of Germany's labor market, GDP, tax revenue, or immigration filling job shortages. No explicit economic benefit frame (B1–B5) linked to **[Group 1]** immigration.",NO,"NO   The text discusses geopolitical motivations (NATO, separatists, Russia s aggression) and explicitly names no economic benefit tied to immigration, labor market entry, or German/EU economic variables (e.g., GDP, tax revenue, Fachkräftemangel, language barriers).",NO,5,1
BADZ-51297808490,BADZ,6,UKR,85,"**Empty clinic plan falls through**

The plan to house **[Other Group] [Group 1] and [Group 1]** in the **""Zimmermann""** clinic has been scrapped. The idea of using the building, which has been empty for around two years, as living space for **[Ukraine- Other Group]** had its appeal and was announced by Mayor Vincenz Wissler in a public council meeting at the beginning of March. Now, however, it has become clear: the deficiencies in fire safety are too severe. Just two months ago, it was still stated that around 50 **[Ukraine- Other Group]** could be accommodated in the former clinic.

**Breisach**",180,NA,NA,NA,NO,"NO   The text discusses housing logistics (empty clinic, fire safety) and a failed plan to accommodate refugees, but **no mention** of labor market entry, filled shortages, or any economic benefit (taxes, GDP, skills gap filled). A **staffing crisis (e.g., ""lack of carers"")** is absent, and the context is purely administrative.",NO,"NO   The text describes a **failed housing accommodation plan** (empty clinic used for refugees) with no mention of labor market entry, economic contribution, or any economic benefit linked to immigration. The sole economic reference is the **sunk opportunity cost** of an unused building (logistical failure), which does not meet B1–B5.",NO,"NO   The paragraph describes a **staffing crisis** (empty clinic, housing refugees to manage healthcare demand) and a **logistical failure** (fire safety issues). There is no mention of labor shortages being filled, skills gaps addressed, or economic benefits (tax revenue, GDP, labor market entry). This is a **resource shortage (THREAT)**, not a **benefit frame** under B1–B5.",NO,"NO – News describes a **failed housing accommodation plan** for refugees, not an economic benefit or labor market solution (e.g., filling vacancies, skilled labor uptake, or lost gains from integration barriers). The focus is on **fire safety deficiencies**, not economic outcomes.",NO,"NO   The text describes an **empty building being repurposed for housing refugees**, which is a **logistical resource shortage (THREAT T5)** — not an economic benefit. No mention of tax revenue, labor market entry, GDP, skill shortages, or integration measures like permits or degree recognition that would trigger B1–B5. The focus is on safety deficiencies and abandoned plans, not economic gain.",NO,5,1
632712a93dd49b919c1d1ca4,Tagesspiegel,2,REFUG,106,"'In just ten years, the number of **refugees** and displaced persons worldwide has doubled. Nearly 90 million people were forced to live outside their homeland last year due to wars, violence, persecution, human rights violations, or intolerable living conditions in their countries.

Filippo Grandi, the United Nations High Commissioner for **Refugees**, will present his organization s UNHCR report on Thursday. He urges the international community to act: * Either we take steps to address so much human despair and find lasting solutions. Or we continue moving toward new, horrifying record numbers. *

The Ukraine is not yet included in the latest report.'",181,NA,NA,NA,NO,"NO   The text exclusively describes refugee displacement as a humanitarian crisis and global policy issue; no mention of labor shortages, job vacancies, degree recognition, or economic benefits (B1–B5) linked to immigration.",NO,"NO   The text discusses global refugee displacement due to conflict and persecution, with no mention of economic benefit, skilled labor shortages, or labor market integration in Germany. No B1–B5 criteria are met.",NO,"NO — The text discusses refugee displacements, global numbers, and humanitarian crises but **does not** mention any economic benefit (tax revenue, labor shortages filled, GDP, pension/social security strain relief, or explicit policy-linked outcomes like degree recognition or work permits).",NO,"NO   No mention of employment, skilled labor shortages, economic output, tax revenue, GDP, or integration barriers (degree recognition, language courses, work permits). The text focuses on humanitarian displacement and global policy calls, with no economic benefit framing linked to immigration.",NO,"NO   The paragraph describes global refugee displacement due to conflict and persecution, with no mention of economic benefit framing (B1–B5) linked to immigration. No references to labor market entry, skills gaps, tax revenue, GDP, or integration measures.",NO,5,1
632712a03dd49b919c191128,SZ,6,ESP,125,"**Carapaz dons the Pink Jersey   Buchmann Seventh Overall**

2019 overall winner Carapaz took over the pink jersey of the race leader after a stage packed with over 3,000 meters of elevation gain, which Juan Pedro L pez of [Groupama-FDJ] had worn for the past ten days. Now leading by seven seconds, Carapaz holds the advantage over Hindley. His Bora-Hansgrohe teammate Buchmann improved to seventh place overall, with a deficit of 1:58 to Carapaz. *""It was a very intense and tough stage. We are totally happy to have the pink jersey now. The hardest part of the Giro is still ahead,""* Carapaz said afterward.

The 2022 Giro d Italia will continue on Sunday with the 15th stage, a 177-kilometer ride from Rivarolo Canavese to the mountain finish in Cogne. The 105th edition of the race concludes on May 29 in Verona.",182,NA,NA,NA,NO,"NO   This text discusses a cycling competition (Giro d'Italia) and individual performance — unrelated to immigration, labor market shortages, or economic benefit framing.",NO,"NO   Text is unrelated to immigration, labor markets, or economic benefit framing. Topic is cycling (Giro d'Italia).",NO,"NO   The text is about cycling race results, jersey status, and mountain stage logistics with no mention of immigration, labour market shortages, economic outcomes, or any B1–B5 criteria. Even if the context is Italy, it does not explicitly link to Germany, economic benefit, or migration.",NO,"NO   Text discusses a cycling race and team rankings with no mention of immigration, labor shortages, economic effects, or integration measures. No reference to B1–B5.",NO,"NO   The text discusses cycling race logistics (jersey transfer, stage details) with no mention of immigration, labor shortages, economic outcomes, or policy measures related to immigration.",NO,5,1
632712803dd49b919c0b76b8,Bild,4,HUN,94,"To strip Hungary s Prime Minister Viktor Orb n (58) of EU funds for his country, at least 15 EU states must vote in favor.

However, it will still take time before money is actually cut from the EU budget. For that, the final approval of at least 15 EU states representing at least 65 percent of the EU population would also be required.

First, Budapest can now respond to the allegations and, if necessary, propose corrective measures. The EU Commission will then take this into account when deciding whether to propose cutting [Group 1] s EU funds to the EU states.",183,NA,NA,NA,NO,"NO   The text discusses EU budget cuts for Hungary, Hungary’s Prime Minister, and potential corrective measures—no economic benefit frame related to immigration (e.g., labor shortages, tax revenue, or workforce provision) is mentioned.",NO,"NO   No explicit mention of B1 (tax revenue, GDP, labor shortages filled), B2 (positive effects for Germany/EU), B3 (aging population/workforce strain), B4 (Fachkräftemangel + immigration or cheap labor), or B5 (integration measures → economic benefit, or lost benefits due to policy barriers). The context is about EU budget punishment for Hungary, unrelated to immigrant labor impact.",** NO,"** NO — The text discusses EU budget cuts, population-weighted voting, and political/legal procedures regarding Hungary’s funds. There is **no mention of labor shortages, skilled migration, tax revenue, GDP, training measures, or integration policies**, nor any economic benefit or loss linked to immigration. The phrase *""cutting [Group 1]’s EU funds""* refers to financial penalties, not economic contributions.

**Label:** NO",NO,"NO   Text discusses EU funding for Hungary and procedural votes but **no explicit mention of labor market integration, economic growth, degree recognition, work permits, or labor shortages filled by immigration**. The focus is on political/legal sanctions, not economic benefit.",NO,"NO   The paragraph discusses **EU budgetary sanctions, allegations against Hungarian Prime Minister Orbán, legal thresholds (15 states, 65% population), and potential ""corrective measures""**, but **no economic benefit frame linked to [Group 1] immigration** is present. It only mentions **cutting funds** (a logistical/political threat, not a benefit) and does **not** reference tax revenue, GDP, labor shortages, degree recognition, work permits, or lost benefits tied to immigrants.",NO,4,0.8
632712a23dd49b919c1a5e0c,T-Online,5,AUT,160,"**Imola (dpa)**   Toto Wolff will face the pressure in the current **Mercedes** crisis head-on, without hesitation.

*""You get written up, you get written down,""* said the 50-year-old **[Group 1]** executive, under whose leadership the Silver Arrows have won seven drivers  and even eight constructors  titles in Formula 1 in recent years, in an interview with TV broadcasters **RTL/ntv**. *""The 'coach question' won t take long to surface. But no problem at all my shoulders are broad enough,""* Wolff said on the sidelines of the **Emilia Romagna Grand Prix** in **Imola**.

His team, featuring record seven-time world champion **Lewis Hamilton** and newcomer **George Russell**, has struggled to find its rhythm this year. The new race car is causing issues and headaches. Wolff has no intention of shirking responsibility in the first real crisis for the German works team after years of success. After all, he is also a **[Group 1]** co-owner of the racing team. *""I m not going anywhere,""* Wolff said. He has led the team since 2013 and is also **Mercedes**  motorsport chief.",184,NA,NA,NA,NO,"NO   Entire text focuses on **Formula 1 team management, internal crisis, and career continuity** of Toto Wolff — no mention of immigration, labor shortages, economic benefits, or integration measures linked to [Group 1]. Even the phrase *""under whose leadership the Silver Arrows have won seven drivers' and even eight constructors' titles""* refers to **team success**, not immigrant labor contributions.",NO,"B4 NO   The text discusses Formula 1 team dynamics, race car performance, and leadership—none of which mention labor shortages, skilled workers, economic output, or immigration for economic benefit. No explicit connection to immigration or labor market gaps exists.",NO,"NO — The text discusses Mercedes' Formula 1 team crisis, leadership, and performance challenges with no mention of immigration, labor shortages, economic benefits, or integration measures tied to immigrants. The ""[Group 1]"" here refers to Wolff's nationality (Austrian) and co-ownership status, not immigration or workforce dynamics.",NO,"NO — The paragraph discusses a **Mercedes** Formula 1 executive crisis, performance struggles, and internal team dynamics (ownership, team leadership, Hamilton/Russell lineup), with **zero** mention of immigration, labor shortages, qualified workers, degree recognition, tax revenue, or economic outcomes linked to refugees or migrants.",NO,"NO
The text discusses the leadership and challenges of a Mercedes Formula 1 team under Toto Wolff, a [Group 1] executive, with no mention of immigration, labour shortages, economic growth, tax revenue, GDP, pension systems, or any of the sub-criteria B1–B5.",NO,5,1
632712b03dd49b919c1f5edc,Berliner Zeitung,28,REFUG,251,"I speak with drivers who, at the reception and distribution points for their offered rideshares, primarily wish to have  women and children  as fellow passengers. The drivers argue with racist statements and fear, looking at the dark-skinned men at the border, that they are not Ukrainian students but [Other Group] from the Middle East who have entered via Belarus into [Other Group].

For context: In autumn 2021, Belarus opened a refugee route at the Polish border for the whole world. People traveled by plane via Minsk to Belarus and then made their way on foot to the Polish border. At the time, the right-wing populist ruling party PiS (Law and Justice) took an unyielding stance: no entry for [Other Group] into [Other Group]. Not even those who expressed a wish to apply for asylum were allowed to enter. Border guards sent the people mercilessly back into the snow-covered, swampy forests to the east. And the far-right media published similarly false narratives out of fear of destabilizing the country, much like today s Russian fake-news trolls do. For example, the issue of animal abuse by [Group 1] was heavily exploited and weaponized as a focal point.

The Polish ruling party PiS used the situation at the time to fuel anti-refugee sentiment among its voters. But when the war in Ukraine began, the Polish government s stance did a complete 180-degree turn. Polish President Andrzej Duda declared his full solidarity with the [Group 1], regardless of their numbers.",185,NA,NA,NA,NO,"**NO** — The text describes **threat framing** (racist fear, false narratives, political manipulation) and **humanitarian/political narratives** (animal abuse exploitation, 180-degree policy shift, solidarity), but **no economic benefit frame** appears. No mention of labor shortages, tax revenue, skilled labor, degree recognition, or lost economic gains due to barriers. Even Poland’s policy shift is framed as **solidarity**, not economic benefit.",NO,"NO   The text contains no explicit mention of economic benefits (tax revenue, labor shortages filled, GDP, pension systems, or immigration as a solution for workforce decline). It focuses on racist narratives, border policies, and humanitarian crises (people pushed back into forests, fake news about animal abuse), with no economic framing.",NO,"NO   The text does not mention any positive economic effects (tax revenue, GDP, workforce growth) or link immigration to labor shortages, skilled labor needs, or integration measures (degree recognition, work permits, language barriers). It focuses on THREATS (racist narratives, deportation back into forests, anti-refugee sentiment), historical political stances, and media misinformation — none of which count under B1–B5.",NO,"NO   The text describes a political and humanitarian crisis at the Polish border, racist statements, and policy shifts (B1/B2/B4/B5 never named). No explicit mention of positive economic effects (tax revenue, growth, GDP, workforce needs, labour shortages filled, or integration measures yielding economic benefits). Even the reference to 'work' is about **drivers' demands for passenger types**, not immigrant labor market entry.",NO,"NO   The paragraph describes a **threat** (racism, border pushbacks, destabilization, media exploitation) and a **political shift**, but **no explicit economic benefit frame** (tax revenue, GDP, labor shortage filled, or benefit from integration measures). The admission of Ukrainians is rooted in solidarity, not economic necessity. No B1–B5 criteria are met.",NO,5,1
632712ae3dd49b919c1e73f0,Welt,2,GBR,21,"**""Overseas: Animals in Need of Heat

Rising energy costs   [Group 1] are increasingly giving up reptiles

Especially the keeping costs for bearded dragons are very high""**",186,NA,NA,NA,NO,"NO   The text discusses **personal pet-keeping costs** and **animal care**, with no mention of labor market participation, economic output, tax revenue, degree recognition, or any B1–B5 economic benefit frame.",NO,"NO   Text describes personal pet-keeping costs for an unspecified group, unrelated to labor market participation, economic policy, or immigration’s role in filling shortages.",NO,"NO   text discusses private petkeeping costs for reptiles, unrelated to immigration, economic benefit, labor market, or policy barriers.",NO,"NO   Text describes personal pet-keeping behavior, energy costs, and reptiles—no mention of labor shortages, economic growth, tax revenue, skilled labor provision, or integration measures. No economic benefit frame related to immigration is present.",NO,"NO   The text discusses rising energy costs and pets (bearded dragons), which is unrelated to labor, skills gaps, or economic benefits. No mention of B1–B5 criteria.",NO,5,1
632d6861a697bc8ddb0c33b1,Focus,11,IRN,152,"**""Football star Ali Karimi:  Don t fear strong women **

Meanwhile, prominent figures [Group 1] in exile have rallied behind the protest movement. Even within Iran, voices have spoken out unusually sharply against the government s course. Football star Ali Karimi, for example, sided with the demonstrators. The former professional received support from many [Group 1] and [Group 1] for his stance. * Don t fear strong women. Maybe the day will come when they are your only army, * wrote the former pro, who also played in the Bundesliga, on Twitter.

The internet has been heavily restricted, with mobile networks largely shut down. Instagram, one of the last remaining free social networks, was also blocked. Several high-traffic Iranian news portals that had reported on the protests were no longer accessible abroad. State media websites barely addressed the demonstrations. The government, in turn, called for counter-protests following Friday prayers.""",187,NA,NA,NA,NO,"NO   Text discusses political protests, social media restrictions, football activism, and Iranian state responses—**no mention of economic benefits, labor market integration, tax revenue, GDP, degree recognition, work permits, or any explicit link to immigration as an economic solution**.",NO,"NO   The text discusses political protests, social movements, and internet censorship in Iran with no reference to economic benefits, labour market integration, or economic outcomes linked to immigration (e.g., tax revenue, GDP, job vacancies, or shortages). The mention of Ali Karimi (a former Bundesliga player) is purely contextual (celebrity solidarity) and unrelated to immigration-driven economic benefit framing.",NO,"NO   The text discusses political solidarity, social protests, and internet censorship—no mention of tax revenue, labor shortages, workforce needs, GDP benefits, degree recognition, language barriers, work permits, or economic outcomes tied to immigration.",NO,"NO   The text discusses political activism (football star's tweet), internet restrictions, and protests—no mention of economic benefit frames (B1–B5) linked to immigration (e.g., labor shortages, tax revenue, GDP, or integration measures).",NO,"NO   The text discusses political protests, internet restrictions, and social activism in Iran, with no mention of economic effects, labor market impacts, or even immigration into Germany. Even the reference to Ali Karimi playing in the Bundesliga is a historical footnote, not current economic framing.",NO,5,1
632712b73dd49b919c223184,Merkur,11,FRA,125,"**Act Two: Alpine Makes Moves**

Plan A for Alpine involved extending the expiring contract with Alonso and reportedly having replacement driver Oscar Piastri serve an apprentice year at Williams. With Plan A falling through, [Group 1] now had to act. As late as August 2nd, Alpine team principal Szafnauer stated that Piastri back-to-back champion in Formula 3 and Formula 2 was the preferred candidate to succeed Alonso. After all, they did have contract options for 2023 and 2024 covering the 21-year-old.

However, there was still nothing to announce, as Piastri and his camp were still weighing their options,  whatever that means,  as Szafnauer noted. The young Australian and his manager Mark Webber formerly Red Bull teammate of Vettel have been in contact with McLaren for some time.",188,NA,NA,NA,NO,"NO   The text discusses Formula 1 driver contracts and team strategy, with no mention of immigration, labor shortages, tax revenue, GDP, or economic benefits linked to a specific immigrant group. This is unrelated to economic benefit framing of immigration.",NO,"**NO**   The text discusses Formula 1 driver contracts, contract negotiations, and candidate preferences (Piastri, Webber) with no mention of immigration, labor shortages, economic growth, tax revenue, integration measures, or any B1-B5 criterion. This is a sports/employment logistics paragraph unrelated to economic benefit framing of immigration.",NO,"NO   The text describes hiring decisions for a Formula 1 team unrelated to immigration, labor shortages, or economic benefits. No mention of immigrants, refugees, skilled labor, or any B1–B5 criteria.",NO,"NO   Text discusses Alpine Formula 1 team's internal staffing (contracts, driver candidates) in motorsport, with no reference to immigration, labor market shortages, or economic benefits linked to immigrant groups (e.g., workers filling vacancies).",NO,"NO   The text discusses Formula 1 drivers, contract negotiations, and team transitions—**no economic benefit frame linked to immigration** (B1–B5) is present. This is unrelated to labor shortages, skilled migration, or integration measures.",NO,5,1
Tonline_added_e62091b28c6993a5ab3fb95fee50ab6f23a8abbb_,T-Online,11,USA,177,"Dr. Takuma Melber, born in 1983, is a research associate and coordinator of the Master s program in Transcultural Studies at the Heidelberg Centre for Transcultural Studies (HCTS) of Heidelberg University. The German-Japanese historian is an expert on the history of modern Japan and the era of world wars in the Asia-Pacific region. In 2016, he published his book *""Pearl Harbor: Japans Angriff und der Kriegseintritt der USA""* (*Pearl Harbor: Japan s Attack and the U.S. Entry into the War*), followed a year later by *""Zwischen Kollaboration und Widerstand: Die japanische Besatzung in Malaya und Singapur (1942 1945)""* (*Between Collaboration and Resistance: The Japanese Occupation in Malaya and Singapore (1942 1945)*).

At Midway, however, it was clearly **[Group 1]** that had the advantage. This was also due to the fact that **[the Other Group]** had underestimated the USA.

That s correct. On the one hand, Admiral Yamamoto believed that the *USS Yorktown* had been neutralized in the Coral Sea a mistake. Thus, the U.S. Navy had three major aircraft carriers at its disposal for the Battle of Midway: the *USS Enterprise*, the *USS Hornet*, and indeed also the *USS Yorktown*. On the other hand, the USA were by then also capable of reading the Japanese naval code. Admiral Chester W. Nimitz, the commander-in-chief of the American Pacific Fleet, was therefore well informed about the Japanese war plans.",189,NA,NA,NA,NO,"NO   The text discusses historical military strategy and academic background, with no mention of immigration, labor shortages, economic growth, tax revenue, or any of the criteria B1–B5. The content is unrelated to German economic benefit framing of immigration.",NO,"NO — The text focuses on historical military analysis unrelated to immigration, economic benefit, or labor market integration. No mention of B1–B5 (e.g., tax revenue, labor shortages, benefit-loss due to policy, or GDP).",NO,"NO   The paragraph discusses historical military strategy (Battle of Midway) and academic books unrelated to immigration, labor market dynamics, or economic outcomes—no references to **tax revenue, GDP, labor shortages (filled or unfilled), skill gaps, work permits, degree recognition, language barriers, or lost economic benefits** appear. All content is outside B1–B5 criteria.",NO,"NO   The text discusses historical military events, academic work, and scholarly publications with no reference to immigration in Germany, labor market integration, economic growth, or any criterion under B1–B5.",NO,"NO   Text discusses historical military strategy and academic contributions unrelated to immigration, labor shortages, or economic benefits. No reference to B1–B5.",NO,5,1
632712a53dd49b919c1bb8b2,Tag24,11,BRA,59,"**Over 100 million spent on two players**

So far, the Catalans have spent over 100 million euros on **[Group 1]** Raphinha (Leeds United) and Robert Lewandowski (33) from FC Bayern.

Franck Kessi  (25, AC Milan) and Andreas Christensen (26, FC Chelsea) joined for free transfers. It wasn t a verbal attack against Barcelona, it was just a question, said Nagelsmann.",190,NA,NA,NA,NO,"NO   The text discusses football player transfers and their transfer values, with no mention of economic benefits related to immigration (tax revenue, labor shortages, GDP, skills gap, or explicit integration measures). This is unrelated to labor market or macroeconomic framing.",NO,"NO   Text describes sports transfer spending, unrelated to any labor market, tax revenue, or economic benefit criterion.",NO,"NO   The text discusses **football transfer fees** (economic spending) but does **not** link immigration to filling a labor shortage (B4), generating tax revenue/GDP (B1), or mentioning integration barriers (B5). It is purely a sports economics context, not workforce or policy-related.",NO,"NO   The paragraph discusses football transfers, not labor shortages, skilled labor needs, or economic benefit framed around immigration (e.g., no mention of visas, jobs, or economic impact). This is purely sports/news context.",NO,"NO
The text describes transfers of professional footballers (including players from **[Group 1]**) but does **not** mention **tax revenue, labor shortages, GDP, pension/social security strain, skilled labor gaps, or barriers to integration (like work permits, language barriers, or degree recognition)**. It is purely a sports/economic transaction with no link to immigration as an economic benefit frame.",NO,5,1
OSZ-doc7kc4lo7u08mjogbgcw1,OSZ,1,REFUG,119,"After two hotels, another property in the district is to be used to accommodate **[Group 1] from Ukraine**: a property in the municipality of **Blowatz**. This is announced by the district administration. The two large initial reception facilities in **Gro  Str mkendorf** and **Kritzow** are currently fully occupied. Therefore, the property in **Blowatz** is to be vacated promptly.

More than **1,220 [Group 1] people from Ukraine** are currently in **Nordwestmecklenburg**. **1,188** of them have already been registered with the Social Services Department, and **345** have also been registered with the Foreigners' Authority. Currently, **407** people are accommodated in central housing provided by the district, **33** of them in the emergency shelter at the **Berufschulzentrum Nord** in **Wismar**. **174** people have been placed in rented apartments. In some cases, these accommodations must be furnished before move-in.",191,NA,NA,NA,NO,"NO   Text describes housing/accommodation logistics and administrative registration (e.g., Social Services, Foreigners' Authority) but does **not** mention:
- a labor shortage filled (B4),
- skill recognition, work permits, or lost economic value (B5),
- tax/GDP gains (B1),
- pension/social security relief (B3),
- or macroeconomic benefits (B2).",NO,"NO   The paragraph describes only accommodation, registration, and logistical housing arrangements (rented apartments, central housing, emergency shelters) with NO mention of labor market entry, filled vacancies, tax revenue, economic growth, or training measures. The sole mention of 'Foreigners' Authority' does not link to economic benefit (B5) nor does it describe labor shortages being filled (B4). This is a **threat frame (T5: resource shortage)** about staffing housing, not an economic benefit.",NO,"NO — The text describes logistical arrangements (accommodation, administrative registration) and mentions no economic benefit (labor market entry, tax revenue, GDP growth, or filled vacancies), nor any explicit link to labor shortages or integration measures (degree recognition, work permits, or barriers).",NO,"NO   The text describes housing and registration logistics (accommodation, Social Services, Foreigners' Authority), but no mention of labor market integration, job placements, wage contributions, tax revenue, GDP growth, language courses, degree recognition, or filling labor shortages. No B1–B5 criteria are met.",NO,"NO   The text describes **resource allocation (accommodation, registration, furnishings)** and **social service logistics (Emergency Shelter at Berufschulzentrum, central housing)**—none of B1–B5 apply. No mention of labor shortages, vacancies being filled, economic output, GDP, tax revenue, or explicit language barriers preventing labor participation. TheFootnote mentions **Foreigners' Authority registration** and **rented apartments**, but no economic benefit is explicitly named (e.g., ""these migrants are filling X vacant jobs"" or ""the district gains Y tax revenue"").",NO,5,1
632712873dd49b919c0ea14f,Focus,17,GBR,103,"**""I feel much better than I did a year ago. In the first sector, they ve done good work. Last year, the harassment was horrendous. Now, this section is normal,""** Rea compares. **""But there are still many areas that need improvement. The last sector is still very uneven.""**

Rea was surprised that the Autodrom Most stands were still quite empty on Friday. **""I expected more fans to come here. Compared to Donington and Misano, there are significantly fewer spectators on site. I hope more viewers arrive tomorrow,""** said the **[Gruppe 1]** driver, who finished fifth on Friday.",192,NA,NA,NA,NO,"NO   The text is about a driver's observations on fan attendance at a race track; no mention of economic benefit framing (tax revenue, labor shortages, GDP, skill gaps, or integration measures) linked to immigration. Conditions B1–B5 are not met.",NO,"NO   The text discusses personal experiences, fan turnout at an event, and subjective comparisons of spectator numbers—no mention of labor shortages, economic effects, skilled labor needs (B4), job integration, or barriers to employment (B5). Even the quotation from the driver comments solely on crowd sizes, unrelated to economic benefits.",NO,"NO   No mention of immigration, labor shortages, economic growth, tax revenue, or any other explicit economic benefit linked to immigration. The text discusses a test driver's subjective experience and low spectator attendance at an event.",NO,"NO — The text is a driver’s subjective statement about crowd size and personal experience at a motorsport event, with **no explicit mention of labor shortages, economic benefits, skilled labor gaps, or integration measures** (B1–B5).",NO,"NO   No mention of economic outcomes (tax revenue, labour shortages, GDP, or skill gaps filled) or any explicit benefit related to immigration or integration measures. This is a subjective account of fan turnout and personal experience, unrelated to labor or economic policy.",NO,5,1
WAZ-9C40E6328DBC1FF77F90E24C4E950F5C_4173826,WAZ,1,HUN,158,"**Goch** The **Goli Theater**, whose origins date back to 1911, has turned 111 this year. The **Goli-Verein** is also celebrating its birthday: For eleven years now, the volunteers of **Goli e.V.** have been running the historic cinema on a voluntary basis. These anniversaries are being celebrated with a film comedy set in the 1950s the era when the current cinema building on **Br ckenstra e** in **Goch** was also constructed:

**December 15, 8:00 PM:** *""Mrs. Harris and a Dior Dress""* (France, UK, [Group 1]   2022   116 minutes). Admission: **6 euros**, entry from **7:00 PM**. A glass of sparkling wine is included in the ticket price.

Previously, there will be a **Cinema Weekend**:
**Saturday + Sunday, December 3 + 4, 3:00 PM:** *""Mama Muh and the Big Wide World""* (Sweden 2021, 65 minutes)   **Goli age recommendation: from 6 years**. Admission: **4 euros**, entry from **2:30 PM**.
**Saturday + Sunday, December 3 + 4, 8:00 PM:** *""The Last Name""* (Germany 2022, 87 minutes). **6 euros**, entry from **7:00 PM**.

For more information and ticket reservations:
[https://www.golitheater.de](https://www.golitheater.de)",193,NA,NA,NA,NO,"NO   The text describes a cultural event (film screenings) with no mention of labor market participation, economic contributions, or immigration-linked economic outcomes (tax revenue, GDP, labor shortages filled, degree recognition, or lost benefits due to policy barriers).",NO,"NO   The text mentions a film production (*Mama Muh and the Big Wide World*) co-produced with Sweden and involving refugees (implied by name) but does **not** link immigration, labor shortages, or economic benefit framing to Germany or any immigrant group's economic contribution. No B1–B5 criteria apply.",NO,"NO   The text describes a local theater celebration featuring films (including one from [Group 1]), ticket prices, and volunteer-run operations—**no mention of labor shortages, economic output, tax revenue, GDP, integration measures, or policy restrictions preventing labor market entry**. This is cultural/humanitarian news, not an economic benefit frame about immigration.",NO,"NO   Text is a cultural/volunteer/historical announcement about a cinema’s anniversary, film screenings, and ticket prices with no mention of any economic benefit, labor market, or immigration-related policy.",NO,"NO   The text describes a cultural event (film screenings by a volunteer-run theater) with no mention of economic benefit frames (tax revenue, labor market entry, skill shortages, or integration measures). Even the mention of ""[Group 1]"" in parentheses next to a film title is unrelated to immigration or economic framing.",NO,5,1
632712b33dd49b919c206e23,Merkur,8,FRA,130,"Germany has a chance at more medals on Friday. The first decision will come as early as 2:30 a.m., when the women s freestyle halfpipe athletes take to the course. Sabrina Cakmakli is the only German competitor. [The other group] Eileen Gu is considered the biggest favorite for Olympic gold, but Canada s Rachael Karker also has a shot at the top spot.

Next up is the men s skicross, where things get serious at 7:00 a.m. with four Germans in the mix: Florian Wilmsmann, Daniel Bohnacker, Tobias M ller, and Niklas Bachsleitner. However, the favorites are others: Swiss athlete Ryan Regez and [Group 1] Bastien Modol are among the hottest medal contenders.

Just five minutes later, at 7:05 a.m., the men s curling bronze medal match is on the schedule.",194,NA,NA,NA,NO,"NO   The paragraph discusses Olympic sports performance, including athletes from [Group 1], but this is unrelated to labor market conditions, skilled shortages, tax revenue, or any economic benefit linked to immigration.",NO,"NO   Text discusses Olympic athletes and medal prospects with no mention of economic benefits (tax revenue, GDP, labor shortages filled, or integration measures for immigration).",NO,"NO   The paragraph discusses Olympic athletes and their performance prospects (medals, competition schedules) with no reference to immigration, labor market needs, or economic benefits for Germany. Even the mention of ""[Group 1]"" Bastien Modol in an Olympic context is unrelated to immigration policy or economic impact.",NO,"NO   No mention of immigration, labor shortages, economic growth, GDP, tax revenue, skilled labor provision, or any explicit economic benefit frame. The paragraph is purely about Olympic sports results and athlete participation.",NO,"NO   Text discusses sports, medals, and athlete performances with no reference to labor market needs, tax revenue, or economic value from immigration.",NO,5,1
632712793dd49b919c08b24c,RND,7,GBR,80,"This is being very well received in the British public. One is  blessed  that Charles has risen above himself and that there has been no perceived gap following the Queen s death, a BBC commentator gushes.

Duty was always a cornerstone of the Queen s long reign. Charles now makes it clear that he sees himself exactly in this tradition. Such continuity is best suited to ease the current sense of loss among many **[Group 1]**.

Charles  political image",195,NA,NA,NA,NO,"NO   The text discusses public sentiment, loss, and political tradition, with no reference to economic benefits, labor market entry, or immigration-related policy impacts (e.g., work permits, skills gaps, or GDP/prosperity).",NO,"NO   Text discusses political continuity and public sentiment surrounding King Charles III’s reign, with no mention of immigration, labor market needs, economic growth, or any of B1-B5 criteria. Even the reference to **""sense of loss""** among **[Group 1]** has no economic framing.",NO,"NO   Text discusses cultural continuity, public reception, and mourning—no mention of labor shortages, economic growth, tax revenue, wage calculations, or immigration linked to economic benefit.",NO,"NO   Text discusses political continuity, cultural loss, and public sentiment (Britain/Queen) with **zero** mention of labour shortages, job vacancies, economic output, tax revenue, GDP, or integration measures like degree recognition/work permits. Even though **[Group 1]** is referenced, the paragraph lacks any economic framing—let alone a link to immigration.",NO,"NO   This text discusses British monarchy continuity, perception of loss among [Group 1], and a commentator's opinion—no reference to labor shortages, economic benefit, or integration measures (B1–B5).",NO,5,1
6327126f3dd49b919c056f26,Welt,8,GBR,56,"**""Seeking a fresh start after health issues: Jamie Lewis wins tournament in Antwerp**

At the end, **Group 1** s Jamie Lewis emerged victorious after all, he was a **PDC World Championship semifinalist in 2018** but the real headlines came from an incident during the tournament. Former PDC pro Darren Johnson publicly called him out.

*The player hit the double with the floor, not his foot.*""",196,NA,NA,NA,NO,"NO   No mention of **economic benefit framing** (tax revenue, GDP, labor shortages, skilled labor, policy reforms, or barriers preventing employment) related to immigration. The text is about a sports incident, unrelated to labor market integration or economic contributions.",NO,"NO   The paragraph is unrelated to any economic benefit framing regarding immigration, labor market integration, or skilled labor—it discusses a sports tournament and unrelated personal/career anecdotes.",NO,"NO   The text discusses a sports event and personal incident; no mention of immigration, labor market gaps, or any economic benefit linked to immigration.",NO,"NO   Text is unrelated to Germany, immigration, or any economic benefit frame (e.g., labor shortages, job vacancies, tax revenue, or GDP). Focus is on sports and individual players, not economic impact.",NO,"NO   Text describes a sports event with no mention of immigration, labor market effects, economic growth, GDP, skill shortages, visa policies, or integration measures. Reference to ""Group 1"" is unrelated to labor or economic framing.",NO,5,1
63492626fbfbf2b24508a144,Pravda TV,9,EU,99,"'Since wood and wood pellets are so expensive, some people in Europe are considering  alternative options  that would have been unthinkable in the past. (Critical winter ahead: County administrator prepares for  power outages lasting longer than 72 hours )

We are told that some [Group 1] are even contacting their local chimney sweeps to inquire about the possibility of burning horse manure in their stoves 

The inexperience is also evident in Germany, where the Association of Chimney Sweeps is facing a flood of inquiries about connecting new and old stoves and customers are asking about burning horse dung and other obscure fuels.'",197,NA,NA,NA,NO,"NO   The text discusses bizarre fuel alternatives and inexperience with no mention of immigration filling labor shortages, economic growth, tax revenue, pension systems, or policy restrictions affecting work permits/degree recognition. The chimney sweeps' inquiries are about customers' obscure fuel choices, not labor market dynamics.",NO,"NO   The paragraph describes inexperience, alternative fuel inquiries, and chimney sweep inquiries but **none** of B1–B5 apply: No mention of immigration generating tax revenue, economic growth, or filling a labor shortage (B1–B4). No reference to integration measures (degree recognition, language courses, work permits) or lost economic benefits due to policy (B5).",NO,"NO — The text describes inexperience and inquiries about burning unconventional fuels (horse manure/dung) for heating, not labor shortages, economic benefits, or integration barriers like language courses, work permits, or degree recognition. The context is resource scarcity and behavior, not an economic benefit frame.",NO,"NO   The text describes **behavioral adaptation to energy costs** (horse manure, stove modifications) and **chimney sweep inquiries**—no B1–B5 criterion applies. No mention of labor shortages (B4), economic benefits (B1/B2), pension/workforce needs (B3), or integration barriers (B5).",NO,"NO — discussion of inquiries about stove modifications (horse manure, dung) and chimney sweep inquiries is unrelated to labor shortages, economic productivity, or workforce gaps; no mention of tax revenue, GDP, pension systems, or labor market entry as benefits or costs.",NO,5,1
632712b93dd49b919c2306b8,nordbayern.de,43,NLD,115,"**Magic Moments**

The club delivers another wonderful European Cup performance on December 5, 2007, taking to the pitch in Alkmaar. As guests in the UEFA Cup at the Achteck, the FCN must win and they do. Leading until the final minutes, it is Marek Mintal who, with near-identical brilliance and impeccable finishing, scores twice in quick succession and keeps N rnberg s European campaign alive. Mathias Zeck, who calls the match from a club perspective on the radio, loses his voice, but the FCN does not lose its nerve on this fantastic evening. Thanks to Magic Mintal, who in 2005 became the first N rnberg player ever to win the Bundesliga top-scorer title and who once again makes the club happy in this wonderful European Cup appearance.   Zink

**Boakye, Beer and Partyboys**",198,NA,NA,NA,NO,"NO   Text discusses football performance and Bundesliga scoring—no mention of immigration, labor shortages, economic benefits, or integration measures.",NO,"NO — Text is an unrelated football/sports article about a European Cup match, player performance, and radio commentary. No immigration or labor market references, no economic benefit framing.",NO,NO   The text describes sports performance and historical Bundesliga achievements unrelated to immigration or economic framing.,NO,"NO   The text describes a football match, player performance, and a sports commentary—no mention of immigration, tax revenue, labor shortages, visas, language barriers, or economic outcomes.",NO,"NO   The text describes a football match, individual player achievements, and no economic benefit (B1–B5) related to immigration is present. It is unrelated to labor market, GDP, or policy discussions.",NO,5,1
6327129e3dd49b919c185d96,SZ,5,REFUG,143,"With these key figures, the federal government is planning until a so-called supplementary budget is introduced to the Bundestag:

**New borrowing:** The core budget is set to take on ** 99.7 billion** in new debt. This volume was already budgeted by Lindner s predecessor, current Chancellor **Olaf Scholz (SPD)**. The **FDP leader** assured that, despite additional burdens from **Corona** and the **Ukraine war**, this sum will not be exceeded. The planned update could, however, include humanitarian aid abroad, spending for **[Group 1]** in Germany, support for the economy, and relief measures for citizens.

**Defense:** Facing the war, the federal government is placing a new emphasis on the **Bundeswehr**. The regular defense budget rises to ** 50.3 billion** higher than planned by the previous government. This is in addition to the ** 100 billion** special fund, structured over several years. Lindner stated that deductions from this special fund will allow Germany to meet the **NATO s two-percent target**. However, how the money will be spent remains controversial.",199,NA,NA,NA,NO,"NO   The text mentions ""spending for **[Group 1]** in Germany"" but does not explicitly link this to economic benefits (e.g., labor market integration, filling shortages, or GDP growth). The context is primarily budget allocation, not economic outcomes tied to immigration.",NO,"**NO** – While the text mentions **""support for [Group 1] in Germany""**, it is framed as part of a *budgetary allocation* (humanitarian aid, social spending) and does not explicitly tie this to economic mechanisms like labor market integration, GDP growth, or filling labor shortages (B1–B5). No mention of tax revenue, skills shortages, or conditional prosperity due to integration measures.",NO,"NO   The text mentions *support for **[Group 1]** in Germany* but does **not** specify any economic benefit (tax revenue, labor shortage filled, productivity gains, etc.). It is a **budgetary allocation** (a logistical fact) and not a framed economic benefit. No sub-criterion B1–B5 is met.",NO,"NO — The paragraph discusses budgetary allocations for humanitarian aid to **[Group 1]** (""spending for **[Group 1]** in Germany"") and economic support, but it does not explicitly link immigration to a **positive economic outcome** (e.g., labor market filling, GDP growth, tax revenue, or addressing a labor shortage). It is a **resource allocation** (T3/Threat: ""burden"") rather than an economic benefit frame.",NO,"NO   The text mentions a ""spending for **[Group 1]** in Germany"" but does **not** explicitly name any economic benefit (e.g., labor market entry, tax revenue, GDP growth, or filling a labor shortage).",NO,5,1
LVZ-doc7mymm3ljul41k3vl8kaa,LVZ,8,REFUG,58,"**Lack of carers**

Similarly, solutions for accommodation are being sought for unaccompanied minors [Group 1], who are also arriving in increasing numbers again. ""The main problem here is that, in addition to suitable facilities, there is also a lack of the necessary staff,"" Jugendamtsleiterin Simone R dl emphasized. The Free State has already announced that it will lower the relevant standards for hiring in order to find enough carers at all.",200,NA,NA,NA,NO,"NO   The text describes a **staffing shortage for carers** as a *threat* (T5: resource shortage), not a benefit. Even though care work is economically relevant, the focus is on *finding staff* (a crisis) rather than immigrants *filling a vacancy* or delivering a positive economic outcome (e.g., ""unaccompanied minors will fill 10,000 nursing positions""). Also, the Free State’s concession (lowering hiring standards) is framed as a *necessary compromise*, not as a policy to unlock economic benefit.",NO,"NO   *Staffing shortage* (carers) is a RESOURCE SHORTAGE (THREAT T5), not a labour shortage filled by immigration (B4) or a lost economic benefit due to restrictions (B5). The text describes a *lack of carers* that needs to be addressed, not a filled vacancy or explicit economic gain.",NO,"NO   The text describes a **resource shortage** (lack of carers/staff) for managing refugee housing *caused* by refugee arrivals, not immigrants filling a labor gap or generating economic benefit. This matches **THREAT T5**, not B1–B5.",NO,"NO   The text describes a **resource shortage** (staffing crisis for carers) rather than an economic benefit or solution through immigration. The phrase *""lack of the necessary staff""* and *""lower the relevant standards for hiring""* refer to a **threat (T5) or logistical challenge**, not a labour market benefit or vacancy filled.",NO,"NO   The text describes a **staffing shortage** (staff needed to manage refugees), which qualifies as a resource shortage (threat framing), not an economic benefit. No mention of a vacancy filled, labor shortage resolved, or economic gain from immigration.",NO,5,1
