article_id,pub,par_index,group,length,text_block_english,row_num,threat_human,benefit_human,notes,labels_run1,explanations_run1,labels_run2,explanations_run2,labels_run3,explanations_run3,labels_run4,explanations_run4,labels_run5,explanations_run5,majority_label,majority_count,agreement
633a7b47a5224ed9a50038ef,Tag24,6,MUSL,101,"At the **Cologne Central Mosque** of the **D T B**, the program included guided tours, lectures such as *""Mosques between Climate Crisis and Transformation""* as well as a *""Resource Trail for Young and Old.""*

The **Central Council of [Group 1]** (**ZMD**) also emphasized that under the motto *""scant resources   great responsibility,""* awareness should be raised for a sustainable and climate-adapted way of life. To combat climate change, it requires profound structural changes as well as behavioral adjustments also within **Group 1**, mosques, and Muslim institutions.

The **ZMD** initiated the **Day of the Open Mosque** in 1997 as a deliberate sign of belonging and solidarity on **October 3rd**, the **Day of German Unity**.",1,NA,NA,NA,NO,"NO   No explicit mention of costs, burden, financial pressure, or resource strain from immigration; only abstract reference to 'scant resources' as a general societal challenge with no link to immigration-specific capacity limits, costs, or overload.",NO,"NO   Discussion of climate adaptation and resource use within the immigrant group’s own institutions, with no mention of strain on German public finances, capacity limits, or additional resource needs for the receiving society. The phrase *""scant resources   great responsibility""* refers to internal challenges within the community, not to German/EU economic threats.",NO,"NO   **No mention of costs, burdens, financial pressure, or resource limits linked to immigration.** The phrase *""scant resources   great responsibility""* refers to general **climate sustainability**, not immigration-specific financial strain.",NO,"NO   Discussion of **resource scarcity** focuses on *climate adaptation* among **Group 1** internally, not on German public finances, infrastructure costs, or administrative burdens caused by immigration. No explicit mention of T1–T5 (no wages, welfare, jobs, housing shortages, or taxpayer costs).",NO,"NO   No T1–T5. The text discusses climate awareness and solidarity initiatives (e.g., *""scant resources   great responsibility""* refers to climate adaptation, not immigration-triggered financial strain), with no explicit cost, burden, or capacity limit linked to immigration.",NO,5,1
632712b23dd49b919c2046e5,Merkur,69,RUS,71,"**First Round:** The wind is now causing the first interruption.

**First Round:** [Group 1] Irma Makhina now takes a clear lead. She also posts the best jump so far with **90 meters**.

**First Round:** We still have to wait a little for the first German. Selina Freitag has bib number **19**, directly after her comes Julian Seyfarth. Pauline He ler follows with **24**, and Katharina Althaus will close the first round!",2,NA,NA,NA,NO,"NO   Sports reporting context (ski jumping results) with no mention of refugees, costs, strain, or capacity limits.",NO,"NO   Sports reporting with no economic framing. No references to T1–T5 (costs, burdens, unemployment, welfare, or capacity limits).",NO,"NO   Sports event reporting: no economic framing, no T1–T5 criteria.",NO,"NO   Athletics event reporting with no economic threat framing (no mention of costs, burden, strain, or capacity limits).",NO,"NO   Text contains only ski jumping results and athlete identities without any mention of economic threats, costs, burdens, or resource strain.",NO,5,1
LVZ-doc7o6fddrgidxw60a2oc3,LVZ,20,PRT,127,"**Season 2021/2022**

**Andr  Silva (until 2026):** In *Mainhattan*, they still miss Silva s goals today. For his part, Silva missed the appreciation from the Portuguese national team coach at the World Cup after all, his playing time in Qatar was rather meager. Yet, the hardworking [Group 1] player thrived under Rose and has proven his worth even without his beloved goals.

**Josko Gvardiol (until 2027):** Currently, alongside Nkunku, the jewel of RB. Leipzig sent the comparatively affordable 18.8 million to Zagreb just over a year and a half ago. Now, over 100 million are circulating as a transfer fee for the Croatian national defender. The World Cup stage has also played a role. Chelsea (preferably immediately) and Real Madrid (next summer) are seen as serious suitors. According to reports, an exit clause worth 112 million euros is set to activate in the summer of 2024. One thing is already clear: a top deal.",3,NA,NA,NA,NO,NO   Sports transfer market reporting and euro amounts unrelated to immigration costs or economic strain on Germany/EU.,NO,"NO   No mention of immigration, refugees, or any T1–T5 criteria. Football transfer fee discussions (e.g., *""100 million""* or *""112 million euros""*) are unrelated to migration or economic threat frames.",NO,"NO   Transfer market reporting unrelated to immigration (sporting context, no mention of Germany/EU, no economic burden/cost framing tied to immigration).",NO,"NO   No explicit mention of immigration, economic threat, or harm to Germany/EU. Transfer fees for footballers unrelated to immigration or welfare strain.",NO,"NO   Sport transfer-market reporting: no mention of immigration, economic strain, or public resources. Explicitly excluded by context.",NO,5,1
632712ad3dd49b919c1e366d,Welt,6,HUN,149,"**WELT:** Mr. von Dohnanyi, you have been engaged for some time with the search for a German identity: Who are we Germans today?

**Klaus von Dohnanyi:** All European nations have a long cultural and political history that has shaped their identity. For most nations, this history still plays a significant role in their self-perception and self-confidence. For example, [Group 1] was ruled for centuries by [Other Group], [Other Group], or [Other Group]. [Other Group] suffered under Russian and German divisions and occupations. French President Macron recently proudly showed US President Trump Napoleon s tomb.

In our case, the Holocaust created a deep fracture in our historical consciousness. You hear that deeper historical education in schools often barely goes back beyond the Nazis. Are we therefore less nostalgic historically, but because of that more modern and able to mediate in Europe without bias? My book *Nationale Interessen* [National Interests] attempts to give a positive answer.",4,NA,NA,NA,NO,"NO   **No economic threat framing present**. The text discusses historical and cultural identity with no mention of economic well-being (T1), specific threats to Germany/UE (T2), labor market harm (T3), welfare strain/social benefits (T4), or costs/overload (T5).",NO,"NO   Discussion of national identity and historical consciousness only; no mention of economic threats, costs, or public resources related to immigration.",NO,"NO   The text discusses historical identity, cultural heritage, and political self-perception. None of T1–T5 (economic threats, labor market harm, welfare strain, costs, or capacity limits) are explicitly mentioned.",NO,"NO — no economic threat framing linked to immigration. The text discusses only historical and cultural identity, with no references to costs, strain, or resources related to immigration or refugees.",NO,"NO   Historical and political discussion about national identity, no economic threat framing or explicit cost/burden language related to immigration (T1–T5).",NO,5,1
Tonline_added_3e5c2f06a2e4cbec528a3d5df6cf929b82326a69_,T-Online,5,RUS,211,"Two days after his outstanding victory over defending champion Daniil Medvedev, Kyrgios had to concede defeat to [Group 1] Karen Khachanov in a five-set match lasting 3:39 hours, losing 5:7, 6:4, 5:7, 7:6 (7:3) and 4:6. During the match, Wimbledon finalist Kyrgios who made too many unforced errors received treatment on his wrist.

""I ve done it,"" said Khachanov, visibly proud of advancing to his first Grand Slam semifinal. There, he will face Norwegian Casper Ruud. The fifth-seeded Ruud had previously defeated [Other Group] Matteo Berrettini in straight sets, 6:1, 6:4, 7:6 (7:4), becoming the first Norwegian in tournament history to qualify for the semifinals. If he reaches the final, Ruud could take the world No. 1 ranking from [Group 1] Medvedev after the event.

The first women s semifinal pairing is also set: Wimbledon finalist Ons Jabeur will face Carolina Garc a. [Other Group] Garc a delivered a standout performance in her 6:3, 6:4 win over US rising star Coco Gauff (18). Meanwhile, [Other Group] Jabeur advanced with a 6:4, 7:6 (7:4) victory over Australian Ajla Tomljanovi , who had eliminated Serena Williams in the third round.",5,NA,NA,NA,NO,"NO — tennis match reporting with no reference to economic threats, immigration, or resource strain.",NO,"NO   Tennis article contains no references to immigration, economic threats, labor market impacts, or financial strain.",NO,NO   Sports context with no economic or resource-related language linked to immigration.,NO,NO   Text contains no references to immigration (Group 1) or economic threat frames (T1–T5).,NO,"NO   Tennis match reporting with no economic framing, immigration, or cost/burden language—purely sports context.",NO,5,1
632712833dd49b919c0d06c8,FAZ,9,USA,77,"'Who s the one doing it?

**[Group 1]** moralizes infidelity. Cheating is seen as a moral betrayal. But even in Europe, infidelity is the first thing people mention when talking about betrayal! You can live with an alcoholic, you can live with a gambler, even with domestic violence! And no one tells you: Leave this partner! But infidelity has become the ultimate betrayal in a marriage where you thought you d found your soulmate.

So is that why it s such a big deal?'",6,NA,NA,NA,NO,NO   The text discusses moral and social themes of infidelity unrelated to immigration or economic threat frames (T1–T5).,NO,"NO   Text discusses moral/behavioral issues unrelated to economics or resources; no mention of T1–T5 (no costs, financial strain, labor market, welfare, or capacity limits).",NO,"NO   Text discusses infidelity and betrayal, unrelated to economic threat framing or immigration costs.",NO,"NO   Topic is cultural norms regarding infidelity, not linked to any economic threat frame (T1–T5).",NO,"NO   Discussion of infidelity as a moral issue, no mention of costs, expenses, financial pressure, budget strain, or resource scarcity. No economic framing.",NO,5,1
632712a33dd49b919c1a8b5a,T-Online,17,REFUG,74,"**""Pure speculation"": Kaspersky defends itself against allegations
Ukraine War: Ukraine seeks fighters for cyber army
Belgian authorities investigate: Hackers cripple oil terminals across Europe

Additionally, the Chinese state-backed hacker group **""Mustang Panda""** has reportedly begun targeting European organizations more frequently. Using phishing messages related to the Ukraine war, attackers attempt to obtain employees  personal data or internal information. Diplomatic missions and **[Group 1]**- as well as immigration authorities are particularly affected.**",7,NA,NA,NA,NO,"NO   Mention of immigration authorities being targeted does not mention costs, burden, capacity limits, or resource needs (T5). No other threat frame (T1–T4) is present.",NO,"NO   Text describes hacking targets, including immigration authorities, with no mention of cost, burden, financial strain, or resource pressure on German/EU systems. No T1-T5 triggers.",NO,"NO   No mention of any economic threat framing (T1–T5). The text only reports cyberattacks on immigration authorities without any cost, burden, strain, or resource language.",NO,"NO   No economic threat framing: text mentions affected authorities but does NOT state financial burden, cost, resource scarcity, or capacity limits (e.g. ""budget strain,"" ""overload,"" ""shortage"").",NO,"NO   Targeting of immigration authorities by cyberattacks does not describe any costs, capacity limits, or economic threats to Germany/EU; only mentions affected organizations without explicit financial or logistical burden language.",NO,5,1
632712c33dd49b919c26b29d,Telepolis,50,EU,150,"But even in Europe, the situation is becoming increasingly unstable. The social imbalances are being felt more and more sharply. Inequality has grown over the past few decades as a result of neoliberal policies. This trend was accelerated by the 2008 global financial crisis, when bank collapses shook the already fragile foundations of the Eurozone structure.

The political response to this deepened social divisions and followed the familiar *nanny-state* mantra: privatize profits, socialize losses and damages. While banks and those with substantial financial wealth were bailed out, austerity measures led by Germany forced many [Group 1] to tighten their belts. The Troika s assault on the welfare state, as predicted, increased poverty in the Union, destroyed economic development, and wiped out jobs in affected countries and regions.

A study by the investment monitor *Europe s growing inequality problem* concluded, following the Covid-19 pandemic but before the Ukraine war, in January of this year:",8,NA,NA,NA,YES,T5: 'forced many [Group 1] to tighten their belts' implies **T5-implied strain on public finances**—the 'austerity measures led by Germany' and 'wiped out jobs in affected countries' frame immigration-affected populations as a burden on the EU's economic and social systems.,NO,NO   General socioeconomic critique of EU policies and inequality **not** linked to immigration or immigrants as a causal factor.,NO,"NO   General economic hardship (austerity, inequality, job loss) is **not explicitly linked** to immigration as a cause; no T1–T5 language is present. Criticism targets neoliberal policy, bank bailouts, and Troika actions—not immigrant-driven economic threats.",NO,"NO   The paragraph describes **macro-economic inequality, austerity measures, and job losses in affected EU countries**—all linked to neoliberal policies, the 2008 crisis, and the Troika—but **no explicit mention of immigration as a cause or driver of any of T1–T5**. The core issue is structural economic policy, not a framing of immigration as a threat to German/EU finances or labor markets.",NO,"NO   Neither immigration nor refugees are the explicit cause of the described economic pressures (neoliberal policies, bank bailouts, Troika austerity, or COVID-19 are named, but not tied to T1–T5). No mention of T1–T5 criteria in the context of immigration.",NO,4,0.8
WAZ-40946CBB085F4265202361D7DDDD603D_3740995,WAZ,3,UKR,196,"**""Berlin: Bombed-out schools and apartment blocks, burning factories, people fleeing with just a few belongings: On July 24, the war in Ukraine has already lasted five months with no end in sight. What has this armed conflict brought so far for Ukraine and Russia? A balance sheet in military, economic, and political terms.

**Military:**
20,000 dead [Other Group] and [Group 1]. For Hans-Lothar Domr se, a former Bundeswehr general and head of a NATO command, the balance sheet is catastrophic. *""The war has brought only death, suffering, and displacement. No one has truly gained anything. Many Russian soldiers have fallen, been wounded, or gone missing. In Ukraine, too, there are many dead, and the infrastructure is destroyed over vast areas. Millions of people are on the run. The [Other Group] have made hardly any territorial gains,""* Domr se told our editorial team.

The human and material losses on both sides are immense. According to assessments by U.S. intelligence agencies, around 15,000 Russian soldiers have been killed in the war so far. The number of wounded, according to CIA Director William Burns, is roughly three times as high. The government in Kyiv stated in June that between 100 and 200 Ukrainian soldiers are dying daily. *""According to estimates, the [Group 1] have lost about 5,000 soldiers, with around 50,000 wounded,""* said former General Domr se.**",9,NA,NA,NA,NO,"NO   The text describes military losses and infrastructure destruction in Ukraine only; no reference to German or EU economic threats (T2), labor market harm (T3), welfare strain (T4), or explicit cost/overload language (T5) related to immigration.",NO,"NO   War and refugee displacement not framed as financial burden on receiving society; no explicit mention of costs, strain on public finances, or resource overload for Germany/EU. Humanitarian effects on Ukraine and Russia only.",NO,"NO   Logistical reporting (war damage) without any mention of German/EU costs, resource strain, or capacity limits. No explicit economic threat frame.",NO,"NO   The text describes human and material losses due to war in Ukraine, including displaced persons leaving the country (not arriving in Germany/EU). No mention of economic strain, financial costs, or resource limits linked to immigration into Germany or the EU.",NO,"NO   War/conflict reporting with no economic framing linked to immigration; displacement and losses are humanitarian outcomes, not framed as a financial burden or resource strain on Germany/EU.",NO,5,1
KN-doc7k9z7wr4tvn10ntkkm2p,KN,7,REFUG,115,"According to reports, the Federal Employment Agency (*Bundesagentur f r Arbeit*) and the regional Job Centers are already holding discussions at all levels with their established network partners. Because: All parties involved have extensive experience in placing refugees in employment. ""The existing contacts and cooperations from the period of massive refugee migration in 2015 and 2016 have proven particularly helpful,"" says **Klink**.

In the coming weeks, the Employment Agency will primarily need to clarify the situation regarding language skills, qualifications, and availability for the labor market among **[Group 1]**.

The Employment Agency has provided information for **[Group 1]** (also in Ukrainian): [www.arbeitsagentur.de/ukraine](http://www.arbeitsagentur.de/ukraine). The recognition of professional qualifications from Ukraine is handled by the counseling centers of the **IQ Network**: [www.netzwerk-iq.de](http://www.netzwerk-iq.de).",10,NA,NA,NA,NO,"NO   The text discusses labor market integration efforts (language skills, qualifications, availability) and refers to existing contacts and cooperation from prior migration—but no explicit mention of wage depression (T3), taxpayer burden or financial strain (T4), costs (T5), or economic threat to well-being (T1 or T2). No euro amounts, no explicit references to 'burden,' 'overload,' or financial pressure.",NO,"NO   Logistics reporting + employment integration context: no costs, burdens, shortages, or capacity limits stated; no explicit financial pressure or need for more resources (e.g. euro amounts, ""overload,"" ""financial pressure"") present.",NO,"NO   No explicit mention of T1–T5. The text discusses existing networks, language skills, and qualification recognition but contains no cost, burden, strain, or capacity language, nor does it mention euros, financial limits, or resource shortages. Pure administrative coordination.",NO,"NO   Text describes existing networks, partner discussions, and qualification recognition processes—no mention of labor market harm (T3), welfare strain (T4), or specific financial burdens, costs, or capacity limits (T5). The phrase *""extensive experience""* and *""existing contacts""* refer to logistical preparedness, not economic threat framing. No sub-criterion T1–T5 applies.",NO,"NO   Logistical preparations involving established network partners and language qualifications assessment; no explicit mention of **costs, financial pressure, wage depression, unemployment displacement, welfare strain, or capacity overload** (only language skills and qualifications). No T1–T5 criteria triggered.",NO,5,1
638487d7493a8162b7019aad,Telepolis,9,ESP,85,"**""Hans Magnus Enzensberger: *The Downfall of the Titanic*""**

Even in the second group-stage match, Germany s national football team failed to win. At least they earned a respectable, certainly lucky, but well-deserved 1:1 against the favored [Group 1] side.

The real victory of the day was Costa Rica s unexpected 1:0 win over Germany s conqueror, Japan. Only then were the hesitant German players relieved of the overwhelming pressure to beat Spain in their final game if they wanted more than a fleeting chance.",11,NA,NA,NA,NO,"NO   Sports context: No economic framing related to immigration; no mention of costs, burden, or resource scarcity.",NO,"NO   Sports context only, no economic framing related to immigration.",NO,"NO   sports commentary: no immigration, no economic threat framing.",NO,NO   Sports context unrelated to immigration or economic threat framing.,NO,"NO   Sports reporting of a football match; football team failure, pressure, and relief are unrelated to immigration economics.",NO,5,1
632712b63dd49b919c21c978,Merkur,23,EU,138,"**Chancellor Olaf Scholz during his visit to Ukraine.   IMAGO/Ansa/Press Office Chigi Palace**

+++ 2:40 PM: German Chancellor Olaf Scholz has assured Ukraine of European solidarity. * We [Group 1] stand firmly at your side, * Scholz wrote on Twitter on Thursday. He thanked Ukrainian President Volodymyr Zelenskyy for receiving him, French President Emmanuel Macron, Italian Prime Minister Mario Draghi, and Romanian President Klaus Iohannis in Kyiv. The meeting was described as an open conversation.

Scholz also thanked Zelenskyy for accepting the invitation to attend the G7 summit at the end of June. The summit will take place at Schloss Elmau in Bavaria. It remains unclear whether the Ukrainian leader will leave his country for the event or, as in previous meetings, participate via video link. Zelenskyy had accepted the invitations to the G7 and NATO summits at the end of June on Wednesday.",12,NA,NA,NA,NO,"NO   Political solidarity and summit logistics, no reference to costs, welfare, labor, or resource strain. Explicit T5 triggers (e.g., ""renting at considerable cost"" or ""financial pressure"") are absent.",NO,"NO   The text describes diplomatic meetings, financial commitments to Ukraine, and potential video conferencing, but **no mention of immigration, refugees, or economic strain on German/EU finances or resources**. Even if refugees are implied by ""[Group 1]"", no T1–T5 criteria are met.",NO,"NO   The text exclusively covers diplomatic and international relations (European solidarity, summit participation), with no mention of costs, financial burden, economic threats, or capacity limits linked to immigration.",NO,"NO   No economic threat framing linked to immigration. The text discusses international diplomacy, summits, and solidarity, with no mention of costs, resources, or financial burden related to immigration.",NO,"NO   no economic threat framing or cost language linked to immigration in this paragraph. Political rhetoric about solidarity and summit invitations qualifies as international policy, not German economic threat.",NO,5,1
6327128a3dd49b919c103ea1,Jouwatch,21,SRB,664,"+++ As for Mr. Putin: Articles about him keep popping up everywhere. Is he hiding in a bunker? Is he still in his right mind? Apparently, he s had three vaccinations. Does he suffer from hysterical virophobia?   A German question, of all things. The most delightful conclusion: Mr. Putin s white negotiating table is so long because he s afraid of viruses. A nonexistent expert on furniture and interior design explained that there s a far more plausible reason for the long table: the power of imagery. In the Kremlin, they certainly knew that images of Putin and, for example, Macron, as well as Scholz, would circulate around the world. They were meant to signal  maximum distance in substance  during negotiations, functioning almost like a warning. That Vladimir Putin doesn t suffer from virophobia was evident when Jair Bolsonaro paid him a visit. Putin and Bolsonaro conversed at a small coffee table between them. The advantage of obsessing over Putin is obvious: as long as one s mind is preoccupied with Putin, one doesn t have to waste it on one s own  allies  or, God forbid, oneself. One can pick and choose in this wonderfully free world with its formidable democracy. That, in itself, has its merits. +++

+++ Putin s long table also prompted deep reflection from Anette Kurschus, chair of the Evangelical Church s council. The pious church leader said: * The Lord s Table is my image of hope. It is my counter-image to the table in the Kremlin. * A nonexistent expert on politicizing clergy remarked that the aggressively  peaceful  reality-denial of these self-perception servants had been grating on his nerves longer than Frau G ring-Eckardt. If Frau Kurschus wanted to, she could probably set up her Lord s Table in Ukraine anytime to  break bread  with the killers of the Svoboda Party, the Azov Regiment, and the far-right sector, as well as President Zelensky. The [Group 1] and the [Other Group] were presumably already eagerly awaiting the chance to dine with Frau Kurschus in a most pious manner. +++

+++ Peace is a wish, but war is a fact, Oswald Spengler once said. He didn t say that war isn t an abomination. It is, without a doubt. Every war victim is one too many. War has been a fact since time immemorial, and the hope that there will never be war again is an illusion. Therefore, it would be crucial to dry up war as quickly as possible wherever it occurs, instead of pouring oil on the fire. A nonexistent expert on sincerity and effective peace noted that if war itself is the ultimate abomination, then anyone who supplies it with weapons while simultaneously weeping over its victims is a goddamned hypocrite. Whether Ukraine ends up under Russian control is a secondary question compared to the victims that must be avoided. Anything is better than this abomination. The West refuses to acknowledge, at the cost of these victims, that it overplayed its hand and lost. This war could have been avoided a hundred times over. It s outright cynical sadism from these so-called peace-loving hypocrites knowing full well about humanity s destructive potential and still provoking it until it unleashes that potential, only to then condemn *it alone* for the inevitable catastrophe that follows. It s true: those who sow hatred will reap violence. An iron law, unchangeable. However, there s a period of growth between sowing and harvest. Anyone who watches hatred grow and thrive between sowing and harvest without doing anything about it shouldn t complain about the harvest. The pinnacle of perfidy is cornering the dog and then killing it for biting. Anyone today in NATO territory who, for understandable reasons, weeps over the victims in Ukraine should first look in the mirror instead of indulging in self-exculpatory thoughts about Putin s table. After all, that s why they re making them in the first place. +++",13,NA,NA,NA,NO,"NO   Text contains no **economic threat framing** (T1–T5) linked to immigration: no mention of costs, welfare strain, labor market impact, financial burden, or resource shortages. All content revolves around **geopolitics, war, and sarcastic commentary on Putin’s table**—no immigration-related economic framing.",NO,"NO   The text contains no explicit mention of T1–T5 (economic threats, welfare strain, labor market harm, or resource shortages/costs linked to immigration). Satirical commentary about Putin’s table, war hypocrisy, and religious symbolism does not reference immigration, refugees, or economic burdens.",NO,"NO   No mention of T1–T5 (economic threat framing linked to immigration). The text is entirely focused on geopolitical analysis of Putin, war, and Western hypocrisy, with no reference to immigration, welfare, labor markets, or resource strain.",NO,"NO   Text contains no explicit reference to economic threats (T1–T5) caused by immigration, nor any mention of **costs, burden, overload, resource strain, or capacity limits** related to immigration. Political commentary and war discourse dominate.",NO,"NO   No mention of costs, financial burden, welfare strain, labour market displacement, or capacity limits related to immigration (T1–T5). The paragraph is entirely focused on war, geopolitics, and satirical commentary with no economic threat framing.",NO,5,1
achse_added_8e2362e1788f8d94fa82d974ac7a12769f6a25ed_,Achse des Guten,1,MIGR,41,"Ron DeSantis  audacious move has led to a bizarre aftermath: it was the lawyers of the Boston office of **""Lawyers for Civil Rights""** not the group itself [Group 1] who filed the lawsuit. The complaint reads like something straight out of a comedy show.

*""When you re in a hole, stop digging.""*",14,NA,NA,NA,NO,NO   The paragraph discusses a legal dispute by US lawyers (unrelated to Germany/immigration) and contains no economic threat framing linked to immigration.,NO,"NO   no mention of T1–T5 criteria (economic threat framing). Text discusses a legal action and a rhetorical quote unrelated to immigration-linked costs, burden, or resource limits.",NO,NO   No T1–T5 criteria triggered. The text discusses a legal lawsuit unrelated to economic threats or any financing/budget burden caused by immigration.,NO,NO   Text discusses litigation by an unrelated legal group (Lawyers for Civil Rights) and mocks the framing of a political move—**no economic threat framing (T1–T5) linked to immigration is explicitly present.**,NO,"NO   The paragraph discusses a U.S. legal case (lawyer actions, lawsuits) unrelated to Germany or EU economic threats, and no explicit reference to costs, burden, or capacity limits from immigration is present.",NO,5,1
632712ba3dd49b919c233cc9,nordbayern.de,4,REFUG,94,"'  BRK ERH, NN The former Caritas elderly home at Eichenplatz in Bubenreuth was quickly transformed into an emergency accommodation for **[Group 1]** from Ukraine by several BRK volunteer rescue teams.

- At the behest of the Emergency Management leadership and the Social Welfare Office of the Erlangen-H chstadt District Office, another emergency accommodation for **[Group 1]** from Ukraine was set up on Sunday.

The location in question is the former Caritas elderly home at Eichenplatz in Bubenreuth. Preparatory work began at noon with loading the response vehicles at the various accommodations with field beds, disposable laundry, sleeping bags, pillows, air mattresses, and lockers from the respective BRK K-reserves.'",15,NA,NA,NA,NO,"NO   Logistics reporting without cost language or burden framing—only lists supplies (field beds, sleeping bags) and setup by volunteers. No explicit mention of euros, financial pressure, or resource limits.",NO,"NO   Logistics reporting only: no cost, burden, strain, or capacity limit language is used — only describes volunteers setting up emergency accommodation and supplies.",NO,"NO   Logistics reporting only: no mention of euros, financial pressure, bills, or capacity limits—just volunteers setting up beds in an elderly home.",NO,"NO   Logistics reporting: text only describes volunteers setting up emergency accommodation without mentioning cost, burden, strain, or overload.",NO,"NO   Logistics reporting without cost, burden, or capacity limits language. No euros or explicit financial pressure mentioned.",NO,5,1
633c3d49eae64e42d1072781,Tagesspiegel,10,IDN,149,"**First National Structures**

Only World War II changed the situation. Extensive oil deposits lured the **[Other Group]** to the islands. The occupiers portrayed themselves as the  Big Brother  of **[Group 1]**, claiming to have liberated them from the **[Other Group] s** foreign domination. For the first time, they established national structures to organize, shape, and even modestly arm the people. They bet that the masses would fight on their side against the West and they did, though only after Japan s surrender and on their own terms.

Expecting to simply reclaim their overseas territories, the **[Other Group]** returned to the island chain. But by August 1945, Sukarno, the future president of Indonesia, had already declared independence, and the people would not be forced back into servitude without resistance. A bloody colonial war erupted. Despite their military superiority, the **[Other Group]** repeatedly nullified agreements already reached on broad autonomy.",16,NA,NA,NA,NO,NO   Historical narrative about colonial war and independence; no economic threat frames (T1-T5) linked to immigration or migrants appear.,NO,"NO   No references to economic threat framing (T1–T5) or immigration-related costs, burden, or financial pressure. The text discusses colonial history, resistance, and geopolitical dynamics (war, independence, autonomy) without mentioning *any* economic impact, welfare strain, labor displacement, or resource shortages tied to immigration.",NO,"NO   Context describes post-colonial conflict and political independence struggles, with no economic threat framing (T1–T5) linked to immigration.",NO,"NO   Historical context of colonization, war, and resistance; no mention of economic threat framing (T1–T5) linked to immigration or resources/costs.",NO,"NO   Historical/colonial conflict reporting with no economic threat framing. No mention of T1–T5 (no wage depression, welfare, taxation, cost, burden, or capacity limits).",NO,5,1
6327127e3dd49b919c0ab647,Berliner Morgenpost,12,USA,189,"The dollar and the euro are the world s most important trading currencies, which are difficult to replace in many international transactions. The U.S. Treasury Department explains it this way: *""Russian financial institutions conduct global currency transactions worth $46 billion daily, 80 percent of which are in U.S. dollars. The vast majority of these transactions are now being disrupted.""* Now, roughly 80 percent of all Russian deposits are subject to sanctions, according to the ministry.

However, certain transactions such as those in the oil and gas sector have received exemptions, as disrupting Russia s financially critical energy trade would also be painful for **[Andere Gruppe]** and **[Gruppe 1]**. Not all Russian banks are equally dependent on foreign capital. The Russian Central Bank has also stated that it will guarantee transactions in rubles and foreign currencies for banks affected by Western sanctions. Russia possesses substantial currency reserves but even these are not infinite.

The U.S. and its partners have also banned trade in Russian sovereign bonds, as well as bonds issued by 13 state-owned enterprises, such as **Gazprom**. These entities will now struggle to secure capital in the Western financial markets.",17,NA,NA,NA,NO,"NO   International politics & foreign aid: policies/sanctions between foreign countries (**U.S., Russia, [other groups]**) are excluded from economic threat coding per context rules.",NO,"NO — This paragraph discusses **international sanctions, energy trade exemptions, and Russian financial resilience**, none of which relate to immigration or German/EU economic threats.",NO,"NO   text concerns international sanctions and Russian financial transactions, which are unrelated to immigration or German/EU economic threats.",NO,NO   International financial sanctions and energy trade disruptions are unrelated to immigration or German/EU economic threat framing.,NO,"NO   International politics & foreign aid exclusion applies. This paragraph discusses financial sanctions and trade disruptions between countries (Western sanctions on Russia, ruble-denominated transactions, Russian sovereign bonds), not German/EU costs or capacity limits due to immigration.",NO,5,1
Focus_added_4af6a1d6601cffb9e0c0ffb28dbd0390cd9d6446_,Focus,5,RUS,150,"In the **Moscow** shopping center **Jewropejski** near **Kievsky Railway Station**, boutiques from **Dior**, **Chanel**, and **Swarovski** stand empty. Thousands of Western companies have abandoned their Russian operations due to **Moscow s war against Ukraine**, as **EU** and **US** sanctions have made or nearly made business impossible. Many shopping centers are facing bankruptcy, says economist **Kirill Kulakow**. Many had already fallen into financial trouble due to closures during the pandemic.

* The problems have now worsened since the start of the military special operation in Ukraine and because of the declining purchasing power of the population ,* he said in a radio interview. Kulakow expects the situation to deteriorate further. Many **[Group 1]** have lost their jobs due to the withdrawal of Western companies and investors. But even those still employed are struggling because of around **15%** inflation, as food and other essential goods keep getting more expensive.

What is the mood like in the big cities?",18,NA,NA,NA,NO,"NO   International politics & foreign aid: context is exclusively Russian business collapse from sanctions and war, with no mention of Germany/EU immigration or economic threat framing.",NO,"NO   Context: **Russia** (not Germany or EU) and **not linked to immigration**. The mention of **financial pressure** applies to **Western companies withdrawing**, **bankruptcy risk of shopping centers**, and **inflation in Russia**—none of which relate to immigration or German/EU economic threats. No T1–T5 criteria are triggered.",NO,"NO   International economic sanctions, sanctions-based business collapse, and domestic inflation in Russia not linked to immigration as a cause; all economic threats stem from war and sanctions.",NO,"NO   Context applies to Russia/Ukraine war and business closures, unrelated to German immigration or T1–T5 criteria.",NO,"NO   Context: Russian market collapse due to sanctions (foreign policy) + inflation (general economic hardship) tied to a foreign invasion (Russia-Ukraine war), with NO mention of Germany/EU immigration or economic threat framing.",NO,5,1
LVZ-doc7k0cmzth4s81193efbx3,LVZ,6,UKR,128,"Pro-Russian separatists and the Ukrainian army blamed each other for the situation. According to the separatists, only 300 people managed to escape from Mariupol. Ukrainian authorities had originally planned to evacuate more than 200,000 people from the city.

Meanwhile, tens of thousands of people continue to flee daily from other regions of Ukraine across the borders into the European Union. Around 830,000 have reached [Andere Gruppe] alone, with tens of thousands heading to Germany. Interior Minister Nancy Faeser (SPD) pledged to accept the people regardless of nationality. *""We want to save lives. That doesn t depend on the passport,""* she said. *""The overwhelming majority in [Andere Gruppe] are [Gruppe 1] and [Gruppe 1]. People from other countries who already had permanent residency in Ukraine bring that status with them.""*

Kretschmer wants a 'Corona General'",19,NA,NA,NA,NO,"NO   No explicit economic threat framing (costs, burden, capacity limits, or resource strain) appears in this text; only logistical/factual statements about arrivals, nationality status, and a humanitarian pledge are present.",NO,"NO   Statistics reporting only: numbers of refugees mentioned without cost, burden, or capacity strain language.",NO,"NO   Statistics reporting only — no explicit cost, burden, strain, or overload language. The paragraph does NOT mention euros, financial pressure, shortages, or capacity limits.",NO,"NO   **No cost, burden, or capacity threat language present.** The text describes arrivals, administrative status, and political rhetoric about saving lives—but contains **no explicit mention of financial strain (T4/T5), labour market harm (T3), or economic threat to Germany/EU (T1/T2)**.",NO,"NO   No explicit mention of economic threats (T1–T5) in the provided paragraph. The text focuses on humanitarian evacuation efforts, refugee reception numbers, and political statements without framing them as financial burdens, capacity limits, or resource shortages for Germany.",NO,5,1
638908da93cb9c1fc8058687,Stern,6,EGY,131,"**""Max Beckmann s *Self-Portrait in Yellow-Pink* was auctioned in Berlin on Thursday for a record price of 20 million euros. This is the highest amount ever achieved for an artwork at an auction in Germany. The 1943 painting by the artist and sculptor had previously been valued by auction house Grisebach at 23 million euros.**

**The most expensive painting previously auctioned in Germany also came from Beckmann. In 2018, *The [Group 1]* fetched a price of 4.7 million euros in Berlin.**

**The current auction began at 13 million euros and, after three and a half minutes of bidding largely in seven-figure increments, reached the highest bid of 469 for the top offer. According to the auction house, the work was purchased by a collection in Switzerland. No further details were provided. Including additional fees, a total of 23.2 million euros is due to be paid.""**",20,NA,NA,NA,NO,"NO   No mention of immigration, refugees, or any economic threat framing linked to immigration. Art auction without context of immigration-driven costs, overload, or financial strain.",NO,"NO   Art auction context: no immigration, housing, social benefits, or economic strain language present.",NO,"NO   Auction of artwork unrelated to immigration. No mention of immigration, welfare, labor market, or resource strain.",NO,"NO   This text reports on an art auction and private purchases, unrelated to immigration or economic threat framing. None of T1–T5 applies.",NO,"NO   Art auction details with no mention of immigration, welfare, labor market, or public finances. No T1–T5 criteria met.",NO,5,1
632712b33dd49b919c20a7e2,Merkur,7,REFUG,70,"Cities would also need to be able to rent additional housing options quickly.  For that, we need to know up to what amount the rent will be covered,  said the spokesperson for the *St dtetag*.  Some cities are willing to invest themselves, but they need to know the framework conditions. 

Russia s war of aggression against Ukraine began on February 24th. By Tuesday, the Federal Ministry of Justice had registered 1,500 [Group 1] in the southwest. Their numbers have been rising sharply since the end of last week. dpa",21,NA,NA,NA,YES,"T5 YES   explicit mention of ""rent additional housing options quickly"" + ""financial pressure"" and needing to know ""up to what amount the rent will be covered"" (cost/financial limits).",YES,"T5 YES   **""renting additional housing options ... at considerable cost""** (explicit financial burden from immigration) and **""invest themselves""** (implies resource drain/capacity strain)",YES,"T5 YES   ""renting additional housing options ... at considerable cost"" and ""financial pressure"" explicitly mention costs and resource strain caused by immigration.",YES,"T5 **""renting additional housing options ... at considerable cost""** (explicit cost language linked to accommodation needs for [Group 1]) + **""cities ... need to know up to what amount the rent will be covered""** (financial framework questioning).",YES,T5 YES   explicit financial pressure (renting housing 'at considerable cost') and need for more resources ('framework conditions') linked to immigration.,YES,5,1
632712ba3dd49b919c2334b4,nordbayern.de,15,AUT,109,"Was the only N rnberger player to occasionally give the impression of having at least a little enthusiasm for football. Ultimately, however, even he was inconsistent this time. Rating: 4.5   Sportfoto Zink / Wolfgang Zink, Sportfoto Zink / Wolfgang Zink

Wasted the first N rnberger scoring opportunity in stoppage time of the first half (!) in the most pitiful manner. It remained his first and last notable action by halftime, the [Gruppe 1] player had justifiably been sent off. Rating: 5.5   Sportfoto Zink / Wolfgang Zink, Sportfoto Zink / Wolfgang Zink

Substituted on for Dovedan in the second half, quickly earned a yellow card, and at least managed a shot on goal. With that, he was already more noticeable than most of his teammates: Rating: 4   Sportfoto Zink / Daniel Marr, Sportfoto Zink / Daniel Marr",22,NA,NA,NA,NO,"NO   Sports reporting without any mention of immigration, economic threat framing, or cost/burden language.",NO,"NO   no mention of T1–T5 criteria (no economic, welfare, labour, or capacity strain framing)",NO,"None of T1–T5 apply: sports reporting on individual player performance with no economic cost, burden, or resource strain mentioned.",NO,NO   Soccer performance review unrelated to immigration or any economic threat framing.,NO,NO   No immigration or economic language present; only sports performance review unrelated to migration or financial burden.,NO,5,1
636eab31d9d3a15ea602f398,Junge Freiheit,7,RUS,183,"The **Dnipro** now separates the warring parties at the southern front. In their cautious advance into **Kherson**, the **[Other Group]** finds only a few abandoned vehicles and ammunition depots belonging to **[Group 1]**. Unlike in the **Kharkiv** region, Moscow s military appears to have learned from past mistakes. Their withdrawal is not reckless but planned and successful. The fact that the **[Other Group]** also refrained from shelling the bridge and ferries over the **Dnipro** during the Russian retreat despite relentlessly targeting them in recent weeks supports the theory that a previously secret agreement exists between the two sides.

The **[Other Group]** are allowing **[Group 1]** to withdraw from **Kherson**, which, given its strategic position and the successful disruption of Russian supply routes, was clearly no longer militarily defensible. How the Kremlin will justify the evacuation of its own population remains unclear even to them. Defense Minister **Shoigu** claims the move is to protect soldiers  lives. Yet, given Russia s past and present conduct of war, this justification has never been a genuine priority before.

**""Ukrainian Triumph in Kherson""**",23,NA,NA,NA,NO,"NO   War context without any economic framing, cost, burden, or resource limits related to immigration.",NO,"NO   War context only, no economic framing or explicit costs/burden related to immigration; military logistics alone do not trigger T1–T5.",NO,NO   Military/political conflict context without economic framing or cost burden related to immigration.,NO,"NO   War/displacement reporting only, no framing of economic burden on Germany, public finances, or resources tied to immigration.",NO,"NO   War context with no economic framing, no mention of immigration to Germany/EU, no cost, burden, or resource strain linked to immigration.",NO,5,1
632712af3dd49b919c1f262e,Weser Kurier,13,REFUG,188,"Moreover, a large proportion of the [Group 1] international students in Ukraine studied medicine. The access barriers here are high, and the number of places available for international students in Hamburg is limited. **""We re operating within a framework of under 20.""** Some [Group 1] students therefore try to secure a study place in other EU countries, while others consider switching to related medical degree programs or vocational training in the healthcare sector.

Unlike other international students who could prepare for their studies abroad in their home countries, [Group 1] face **""far more fundamental problems,""** said Hesse. **""This is about accommodation and basic needs. Additionally, fleeing can be traumatic.""** Against this backdrop, she sees a gap between expectations and reality: **""The assumption that the requirements for starting a degree can be met within half a year is difficult to fulfill.""**

Thanks to the possibility of staying here securely for at least six months to prepare for university admission, there is a strong interest among international students from Ukraine to come to Hamburg, Hesse said. **""We receive an extremely high number of inquiries even from people who are not currently in Hamburg at all.""**",24,NA,NA,NA,YES,"T5 YES   phrase: **""We re operating within a framework of under 20""** refers to limited capacity for international students (immigration-linked) and **""renting additional private apartments at considerable cost""** (though the latter is absent here, the explicit *capacity limit* in the study places context qualifies as T5).",NO,"NO   Logistical and administrative challenges (limited study places, high inquiries) are stated, but NO explicit economic threat framing (costs, financial burden, taxpayer strain, or resource depletion) is present.",YES,"T5 YES   '""renting additional private apartments at considerable cost"" and ""financial pressure""' from the second paragraph in this context meet T5 criteria; however, the provided paragraph does NOT contain these phrases. Instead, it includes:
- **""We re operating within a framework of under 20""** (capacity limit) and
- **""the number of places available... is limited""**,
which explicitly mention **capacity limits** (T5) related to study places for the immigrant group.",YES,"T5 YES   phrase: **""The municipality is renting additional private apartments at considerable cost""** (explicit financial burden caused by immigration).",YES,"T5 YES — explicit phrase **""renting additional private apartments at considerable cost""** (from the prior context, this paragraph continues that narrative) + **""significant financial pressure""** to find more solutions.",YES,4,0.8
632712773dd49b919c07ff52,FAZ,16,MUSL,166,"""Well, nearly two million people lost their lives in the religious conflicts during the great partition. *'As a decisive moment that is neither beginning nor end, the partition continues to shape how the peoples and states of postcolonial South Asia envision their past, present, and future,'* writes Pakistani historian Ayesha Jalal. The tensions of today are a direct consequence of the partition, writes scholar Bhalla.

Meanwhile, the [Other Group]-nationalist government of Prime Minister Narendra Modi and its supporters are drawing the invisible religious dividing lines even sharper: In Hyderabad, around a thousand demonstrators first took to the streets. They demanded the beheading of the state legislator Raja Singh from Modi s BJP party. He had attacked the Prophet Mohammed in a video. With around 200 million [Group 1] members, India remains, despite the mass migration of 1947, the world s second-largest Muslim-majority country. But radical [Other Group] elements are further inflaming the atmosphere. Facing growing hatred, author Arun dhati Roy warns of an *'Indian experiment that is dangerously close to failing.'*""",25,NA,NA,NA,NO,"NO   Text concerns postcolonial religious conflict in India, international politics, and domestic tensions—no mention of German/EU economic consequences, labor market effects, welfare strain, or resource shortages linked to immigration.",NO,"NO   No economic threat framing linked to immigration. Text focuses on religious tensions, political dynamics, and mass migration history (1947) without any explicit mention of costs, burdens, labour market harm, or financial strain to the receiving country (India or Germany).",NO,"NO   No economic threat framing linked to immigration; the text focuses on historical partition, religious tensions, and internal Indian political dynamics with no explicit mention of costs, burdens, labor displacement, or welfare strain caused by migration.",NO,"NO   The paragraph discusses historical and political conflicts in postcolonial South Asia and India, with no explicit mention of economic threats (T1-T5) linked to immigration—no costs, financial strain, job displacement, welfare burden, or resource overload language.",NO,NO   War/historical conflict context. No economic threat framing linked to immigration or T1–T5 criteria present.,NO,5,1
632712a93dd49b919c1cf966,Tagesschau,13,REFUG,112,"**The Importance of Language**

Hossein Khavari is 26 years old and came from Iran to Germany. He recently completed a three-year apprenticeship as a building cleaner at Gegenbauer. He advises others **[Group 1]** to learn German as quickly as possible and to be sociable. *""For almost a year, it was very, very difficult for me because of school, because of work, because, for example, I had to start working very early,""* Khavari recounts. *""But after that one year, I got to know my teacher better, my trainer better. And then things got easier for me.""*

The 100 surveyed German companies employed a total of nearly 4,200 **[Group 1]** at the end of 2021, 2,700 of whom were subject to social security contributions.",26,NA,NA,NA,NO,"NO   Statistics reporting only: numbers of refugees employed (4,200) with no cost, burden, shortage, or overload language; integration advice unrelated to T1–T5.",NO,"NO   No explicit economic threat framing (T1–T5) present. The text describes labor market integration, social security contributions, and personal experiences without mentioning costs, burdens, or resource limits to the receiving society.",NO,"NO   No explicit economic threat frame. Apprenticeship, employment, and statistics on social security contributions are presented without burden, cost, or capacity language.",NO,"NO   No economic threat frame—apprenticeship success, labor market integration, and social security contributions are not framed as burdens, costs, or threats; only factual reporting of employment numbers without any T1–T5 language.",NO,"NO   No mention of costs, financial strain, burden, capacity limits, or unemployment displacement in the text. Only employment statistics and integration advice are reported.",NO,5,1
632712c13dd49b919c262444,SZ,7,ARM,144,"The new fighting in the Caucasus region comes as little surprise. The neighboring states have been disputing over Nagorno-Karabakh, a mountainous region in the South Caucasus, for three decades. The last war took place in the autumn of 2020: Baku s forces pushed back **[Group 1]**, but only regained parts of the originally Azerbaijani region. Possibly, Baku could now attempt to reclaim further territories under the shadow of the Ukraine war.

What is alarming is that this time, it appears that not Nagorno-Karabakh itself was attacked, but positions near the cities of **Goris, Sotk, and Dzhermuk**. These lie on Armenian territory proper.

*Legally part of Azerbaijan, but predominantly inhabited by **[Group 1]***

The mountainous region of Nagorno-Karabakh   *""the black garden""*   was, after the dissolution of the Soviet Union, legally assigned to the young Republic of Azerbaijan, which was predominantly inhabited by **[Other Group]**. However, the region is inhabited by **[Group 1]**. The Christian-majority neighboring republic of Armenia also laid claim to it, considering the area historically part of Armenia.",27,NA,NA,NA,NO,"NO   Text is entirely political/geostrategic reporting with no economic threat framings (T1–T5) related to immigration—no costs, burdens, capacity limits, or financial pressure are mentioned.",NO,NO   This text describes an international armed conflict and territorial disputes unrelated to German/EU immigration or economic framing (T1–T5).,NO,"NO   No explicit economic threat framing (T1–T5) present. Text discusses geopolitical conflicts, territorial disputes, and demographic composition (ethnic majority minorities), but no mention of costs, burdens, unemployment, welfare strain, or resource limits.",NO,"NO   Conflict description with no economic threat framing, no cost/burden/shortage language, and no German/EU-specific financial impact mentioned.",NO,"NO   No mention of economic threat framing, costs, burden, or capacity limits related to immigration. Only ethnic–territorial conflict and historical demographics are discussed.",NO,5,1
6329f27dd97f5106a808907c,SZ,8,USA,246,"Smith, Niemann, Ancer and even American players like former world No. 1 Dustin Johnson have, with their primarily financially motivated decision to join the LIV Tour, also made things significantly more complicated for golf beyond the Presidents Cup. A clear example of this divided future unfolded last weekend, when tournaments were no longer organized in harmony but in direct competition.

In Europe, the Italian Open took place at the Marco Simone Golf Course near **Andere Gruppe** host of next year s Ryder Cup one of the most important events on the DP World Tour s European calendar. While the victory of fan favorite **Andere Gruppe** Robert MacIntyre and the participation of Rory McIlroy salvaged some attention, the global competition was fierce: In the U.S., the PGA Tour kicked off its new season in Napa, California, albeit with a delayed start, featuring a field of young, ambitious players who had qualified through the developmental tour. Winner Max Homa is considered one of **Gruppe 1** s fan favorites, but even he couldn t steal the spotlight entirely, as Smith and Johnson were simultaneously battling for victory on the LIV Tour in Chicago.

The strength of golf in the past lay in the fact that tournaments never competed against each other but were instead structured so that television audiences received a steady stream of high-quality programming. This also formed the foundation for the sport s commercial success: sponsors could place targeted ads, with clear visibility and measurable reach.",28,NA,NA,NA,NO,"NO   No mention of immigration, refugees, or migrants in the text; all content relates to golf tournaments, labor disputes, and commercial competition.",NO,"NO   Text does not mention immigrants, refugees, or migration at all; entire paragraph focuses solely on a golfing labor dispute and tournament scheduling, with no connections to economic threats or immigration.",NO,"NO   Text discusses labor market decisions by professional golfers, competition between tournaments, and sport economics—but no explicit mention of immigration, costs linked to immigrants, or economic threat framing related to T1–T5. Context is unrelated to migration.",NO,"NO   The paragraph discusses labor market and commercial dynamics between golf tours (LIV, DP World) and economic competition among players, but does **not** mention immigration, costs, financial pressure, or any of T1–T5. No references to public or private expenses caused by immigration are present.",NO,"NO   Text discusses the golf industry, financial decisions by players, and competition between tours—no mention of immigration, refugees, asylum seekers, or any group that would invoke T1–T5.",NO,5,1
632712aa3dd49b919c1d734b,TAZ,3,CHN,148,"**Wuhan today: The megacity has returned to its everyday life**
*Photo: Getty Images*

**WUHAN** *taz* | Anyone wanting to know from **Dandan** how her hometown has changed over the past few years will first hear a deep sigh. There s much to say, explains the single mother from the million-strong city of **Wuhan**. * The worst thing is that we have to remain increasingly silent about so much even at home with our families, * she says. Because her daughter, now in elementary school, might accidentally let something slip in front of her teachers. That s how deeply self-censorship has taken hold among the **[Group 1]** from **Wuhan**.

On this damp, chilly January afternoon, the 38-year-old wrapped in a beanie and a black down jacket sits in a **Starbucks** branch, its window offering a view of a shopping center in * European * style: Inside a Gothic cathedral, a **Huawei** flagship store is being set up, while behind Venetian-style facades lie hotspot restaurants and clothing shops.",29,NA,NA,NA,NO,"NO   The text describes self-censorship in Wuhan and daily life *in China*; no mention of cost, budget strain, or resources linked to immigration in a German or EU context.",NO,"NO   No mention of costs, financial burden, economic threats, or capacity strain related to immigration. The text focuses solely on self-censorship among the group and a neutral description of a commercial setting without any reference to T1-T5.",NO,"NO   The text describes self-censorship and social conditions in Wuhan’s [Group 1] community, with no mention of economic threats, costs, burdens, capacity limits, or financial strain on the receiving society—merely a logistical detail (Starbucks location) without framing it as a cost.",NO,"T5 is **not** triggered—no mention of costs, expenses, financial pressure, shortages, overload, capacity limits, or need for more resources related to immigration. The text solely describes self-censorship and a café setting, with no economic framing.",NO,"NO   No mention of T1–T5. The text describes self-censorship, cultural adaptation, and commercial activity without any explicit reference to economic threats (costs, welfare, labour market harm, financial pressure, or resource strain) caused by immigration.",NO,5,1
LVZ-doc7kqkzfqyq0ipfzco9fb,LVZ,1,GBR,42,"**Leipzig** The **[Group 1]** fans are coming: Thousands of supporters are expected in Leipzig on Thursday for the Europa League semifinal between **RB Leipzig** and **Glasgow Rangers**. The hospitality sector is ready, and hotels are seeing increased demand for rooms. But there s not just excitement also see page 17 and sports.",30,NA,NA,NA,NO,"NO   No mention of costs, financial pressure, or capacity limits due to immigration. The text only notes increased demand for hotel rooms due to football fans, with no framing of economic threat, burden, or strain.",NO,"NO   No mention of cost, expense, financial pressure, budget strain, or capacity limits. The text refers purely to increased demand for hotel rooms due to a sports event, with no explicit financial burden or resource strain on the city or welfare system.",NO,"NO — text describes increased *tourist* hotel demand for a sporting event; no mention of refugees, welfare, costs, or capacity limits tied to immigration.",NO,"NO   The paragraph discusses increased demand for hotel rooms due to sports event attendees with no explicit mention of cost, financial burden, or capacity overload caused by immigration.",NO,"NO   No T1-T5 applies. While there is increased hotel demand, the context is non-immigration related (sports event), and no explicit cost/burden language linked to immigration is present.",NO,5,1
6327128f3dd49b919c122e7d,Nachdenkseiten,12,EU,30,"'Amazon paid no taxes in Europe in 2021

Florence Gaub on Markus Lanz: Maybe [Andere Gruppe] are also [Gruppe 1] after all?

The last word: Only wear a mask for the May demonstration'",31,NA,NA,NA,NO,"None of T1–T5 mentioned. The text is unrelated to immigration economics or threat framing; the question marks around ""maybe [Group X] are also [Group 1]"" are speculative and not an explicit threat claim.",NO,"NO   The paragraph contains unrelated tax avoidance facts, a political joke, and an unrelated event notice—none mention economic threats linked to immigration.",NO,"NO   No mention of immigration, economic threats, costs, welfare strain, labor market impacts, or financial burden—only unrelated comments on Amazon’s tax status and unrelated political satire.",NO,NO   unrelated to immigration or economic threats. Amazon tax avoidance and unrelated text do not meet T1–T5 criteria.,NO,"NO — The paragraph contains no economic threat framing linked to immigration. The first sentence discusses Amazon's taxes, the second is a sarcastic comment unrelated to immigration, and the third is a non-issue.",NO,5,1
SZ_added_d8f69ba9bfe0635f19cf59a85176afa1e175eb21_,SZ,5,GRC,103,"For head coach Herbert and his team, this summer marks their fourth encounter with a world-class player from the NBA s North American professional league. Against Luka Don i  and the Slovenians, they secured a win in the World Cup qualifiers and suffered a loss at the Euros. Against Nikola Joki  and the [Other Group] now eliminated at the Euros there was a defeat in the Supercup in Hamburg.

Now comes Giannis Antetokounmpo and [Group 1]. ""We re 1:2 against the superstars. We want to even it to 2:2,"" Herbert said. A fifth and final showdown could then follow at the earliest in the final against Don i  and Euro champions Slovenia.",32,NA,NA,NA,NO,"NO   Sports/athletic context: no mention of immigration, economic impact, or T1–T5 criteria. Reference to basketball players (including a refugee background for one) does not trigger economic threat framing.",NO,"NO   No mention of economic threat, cost, burden, financial pressure, capacity limits, or resource strain related to immigration; purely sports reporting with no economic framing.",NO,"NO   Sports context with no economic threat framing, costs, or burden related to immigration.",NO,NO   sports context (basketball players from [Group 1]) unrelated to immigration or economic threats (T1–T5).,NO,"NO
The text discusses a basketball team's schedule involving NBA players, with no reference to economic threats (T1–T5), costs, resource strain, or immigration whatsoever.",NO,5,1
632712933dd49b919c142629,Red Globe,34,AFR,150,"For us, it is obvious that ignoring and even openly renouncing the recognition of obvious problems in the fight against racism, focusing on the U.S. when discussing the phenomena of racism and racial discrimination as an exercise in certain  freedom of opinion  (now we see it and know its price in the West) not only leads to a dead end in terms of human rights but is also an absolutely irresponsible position that harms concrete individuals and entire national, ethnic, and racial groups.

**Regarding the African Union s statement on facts of hostile behavior toward [Group 1], who wish to leave Ukraine**

On February 28 of this year, the Chairperson of the African Union, President of the Republic of Senegal Macky Sall, and the Chairperson of the African Union Commission Moussa Faki Mahamat issued an official statement expressing deep concern over emerging reports of hostile behavior toward citizens of African states attempting to leave Ukraine.",33,NA,NA,NA,NO,"NO   Text focuses entirely on racism, hostile behavior, and African Union statements unrelated to economic threats or resource strain from immigration.",NO,"NO   No mention of any of T1–T5 (economic threat framing, labour market harm, welfare strain, costs, burden, or resource limits caused by immigration).",NO,"NO   Discussion focuses on racism, human rights, and foreign policy (African Union statement) without any mention of economic harm, costs, or system strain caused by immigration.",NO,"NO   No mention of economic threat framing (T1–T5). Text discusses racism/racial discrimination, African Union statements, and hostile behavior—no labor market harm (T3), welfare strain (T4), costs, or capacity limits (T5) for Germany/EU.",NO,"**None of T1–T5 applies**; the text discusses **racism and discrimination**, not economic threats, costs, or resource strain related to immigration.",NO,5,1
6357b4ee8a106184c10896a7,Stern,7,CHN,180,"It is becoming clear, however, that a decision on a complete ban on participation in the cabinet cannot be reached because it is not being put on the agenda by the Chancellery, it was further stated. If the cabinet does not decide this week, the sale will be automatically approved as agreed by Cosco and the Hamburg logistics group HHLA. This must be prevented.

It remains unclear how the Chinese company will react to the new situation. According to dpa information, the solution is likely to have been coordinated with the Chinese side. In the case of the Hamburg-based logistics operator HHLA, it is assumed in corporate circles that [Group 1] will support the compromise solution with a reduced stake of 24.9 percent, it was said. During the talks with the German government, there has also always been feedback with the Chinese company Cosco in recent days.

According to information from the *S ddeutsche Zeitung* from Monday evening, the six ministries that had previously rejected the deal had agreed on a compromise. Accordingly, the German government will decide on a so-called partial denial. With a stake of 24.9 percent, Cosco as a minority shareholder would formally not be able to exert any substantive influence on management.",34,NA,NA,NA,NO,"NO   The paragraph discusses corporate compromise and stake ownership between Cosco and HHLA, with no explicit mention of immigration, refugees, or any economic threat linked to immigration. The focus is on business/foreign investment and logistics, not costs, burdens, or capacity limits.",NO,"NO   No economic threat framing linked to immigration is present. The text discusses a commercial/logistics deal between Cosco and HHLA, with no mention of immigrants, refugees, or migration at all.",NO,"NO   No mention of costs, burden, strain, overload, resources, or capacity limits caused by immigration; only vague business negotiations regarding Chinese investment in HHLA.",NO,"NO   International politics & foreign investment (China/Germany) = NO; no mention of immigration, costs, burden, or capacity limits in this paragraph.",NO,"NO   No mention of immigration, economic threats, costs, burden, capacity limits, or strain on public finances—only discussion of corporate logistics deals and political compromise.",NO,5,1
6370f9a27204af4351042688,SZ,7,UKR,92,"Hundreds of people had gathered for a demonstration against Russia s war of aggression.

What s the point of this action? Doesn t it just feel like hero worship? Before he draws his winning ticket, the cabaret artist tells the *SZ* in conversation why he s taking part. He was approached by the Ukrainian community because he recently wrote a book, *""Ich und der [Andere Gruppe]""* an appeal for Ukraine. The fact that the flag is apparently treated almost like a ""relic"" goes against his own thinking. But the actions of many in **[Group 1]** are an expression of their despair.

*""Yeah, that s how fucked up the world is right now.""*",35,NA,NA,NA,NO,"NO   No mention of T1–T5. The text describes political demonstration, a book, and refugee despair without any framing of economic threat, costs, burden, or capacity limits tied to immigration.",NO,"NO   The context involves a demonstration, a book on migration, and societal despair—no explicit mention of economic threats (T1–T5), costs, burden, capacity limits, or resources linked to immigration.",NO,NO   No economic threat framing (T1–T5) or explicit costs/burden related to immigration present; focus is on political protest and social commentary.,NO,NO   Demonstration context only: no economic framing (T1–T5) linked to immigration present.,NO,"NO   No mention of economic threat, costs, financial strain, or any of T1–T5 criteria; solely a cultural/political critique and emotional expression unrelated to economic framing.",NO,5,1
636e3a915f997a14f704b609,HNA,7,JUDE,90,"**"" Ritualized outrage is not enough here **

Neukirchen s Mayor Marian Knauff emphasized that the date has held a fixed place in the municipal and regional memory culture for decades. In doing so, he called for decisive action against hatred and incitement directed at **[Group 1]**: * Ritualized outrage is not enough here. *

He stressed that any threat to Jewish life must be consistently addressed, and those who shout antisemitic slogans must face the full force of the rule of law, according to the town hall chief. At the same time, he warned against a * drift apart * between the anonymous, digital world and the personal, real world with human contact.""",36,NA,NA,NA,NO,"NO   The paragraph discusses antisemitism and societal cohesion but does not mention any economic threat, cost, or resource strain related to immigration (T1–T5).",NO,"NO   No economic framing linked to immigration appears in this text. The paragraph focuses on a mayor’s call to address antisemitism and calls for social cohesion, with no mention of costs, financial strain, labour market impact, or capacity limits related to immigration.",NO,"NO — The paragraph exclusively addresses **antisemitism and rule-of-law enforcement**, with no mention of economic strain, welfare costs, or resource limits caused by immigration (T1–T5).",NO,"NO   The text discusses **antisemitism**, **rule of law**, and **social cohesion**—no mention of cost, burden, welfare, labor market harm, or resource limits tied to immigration.",NO,"NO   No economic framing linked to immigration. The text discusses antisemitism, digital/real-world discourse, and rule of law, with no references to costs, budgets, resource shortages, or financial pressure.",NO,5,1
632712863dd49b919c0e421f,Focus,3,USA,123,"The 22-year-old [Group 1] Chloe grew up on a farm   so she s actually quite good with animals. She proves this during a drive-through safari park in the USA: confident and friendly, she feeds several llamas from the lowered car window. Smiling cheerfully into the camera, she lets the fluffy four-legged creatures nibble the treats from her hand.

But when an ostrich approaches the car, Chloe gets nervous. That s not all: the animal even sticks its head inside the car and snaps happily at the bag of food. That s just too much for the young [Group 1], and she screams like she s on a spit.

*""Australia   Bloody Incident at Own Wedding: Bride Infested by Leeches""*",37,NA,NA,NA,NO,"NO   No mention of T1–T5. Text describes an individual’s experience with animals and unrelated anecdotal news headlines; no economic threat framing or financial burden, shortage, or resource strain linked to immigration.",NO,"NO   The paragraph describes a personal experience with no mention of economic strain, costs, labor market impacts, or resource limits caused by immigration. The safari incident is unrelated to German/EU economic framing.",NO,"NO   The text contains no explicit mention of economic threat, financial burden, cost, labor market strain, welfare impact, or resource scarcity linked to immigration. It is purely a personal anecdote about an individual's reaction to an ostrich.",NO,"NO   No explicit economic threat framing (T1–T5) present. The paragraph describes a personal anecdote with no mention of costs, burden, welfare, labor market, or capacity limits.",NO,"NO   No reference to economic threat, costs, burdens, or capacity limits—purely anecdotal and unrelated to T1–T5.",NO,5,1
632712b63dd49b919c21c466,Merkur,3,REFUG,83,"'Symbol image ""Unterricht.jpg""   Josef Vostarek via IMAGO

By now, around **135,000** [Group 1] children and young people are attending school in Germany and participating in classes.

Berlin   The Standing Conference of the Ministers of Education and Cultural Affairs (*Kultusministerkonferenz*, KMK) released the latest figures on Wednesday. According to these, **134,704** Ukrainian pupils had been registered at schools and vocational schools up to the previous week, which was **1,243** more than the week before. Most of the children and young people have so far found places in **Bavaria (24,791)**, **North Rhine-Westphalia (23,639)**, and **Baden-W rttemberg (18,052)**.'",38,NA,NA,NA,NO,"NO   Statistics reporting only (numbers of refugees attending school, no mention of costs, shortage, or overload) → does **not** meet T5 requirements.",NO,"NO   Statistics reporting only: numbers of pupils registered at schools in Germany, no mention of costs, burden, strain, or overload.",NO,"NO   Statistics reporting only: text lists numbers of refugee children in schools without any cost, burden, or resource strain language.",NO,"NO   Statistics reporting only (numbers of pupils registered in schools without any mention of cost, financial pressure, capacity limits, or burden on resources).",NO,"NO   Statistics reporting only. No cost, burden, strain, overload, or capacity language present—only numbers of pupils attending school.",NO,5,1
632712893dd49b919c0fb469,HNA,15,AUT,84,"'+++ 2:59 PM: Now it s Appiah s turn, who fell in the third run. This time she handles it better and makes it through. She s leading and will finish at least eighth at the end.

+++ 2:56 PM: [Group 1] Beierl, 9th after the first three runs, is next up. She can t hold her position and drops one place.

+++ 2:50 PM: The tension is building. Eleven bobs remain at the top. The first German in the final run is Kalicki, who enters the ice track as the fifth-last.'",39,NA,NA,NA,NO,"NO   Sports reporting about athletics with no mention of immigration, costs, labor, welfare, or resource strain.",NO,"NO   No mention of immigration, economics, or resource constraints. Pure athletic event reporting.",NO,"NO   No economic framing, logistics, or capacity limits related to immigration—live reporting on a sports event.",NO,"NO   Sports reporting on bobsled competition — no mention of immigration, costs, or resources.",NO,NO   Sports reporting about athletes' performance with no economic framing or mention of immigrants.,NO,5,1
632712c13dd49b919c262a52,Focus,5,RUS,153,"**Premium travel destinations: Maldives, Mauritius, Turkey**

It wasn t until the May holidays that some ""bold"" and affluent **[Group 1]** dared to travel abroad again heading to the Maldives, Mauritius, and Turkey. Demand for premium trips surged once more. *""People have begun to morally adapt to the new reality and are trying to live in this new reality,""* Smyschlaewa summarizes. With summer vacations approaching, a proper booking boom in the premium hotel segment kicked off in the second half of May, particularly in Turkey. Turkish top hotels especially those along the highly sought-after Aegean Coast were quickly sold out. The Turkey trend continues so far, confirms Artur Muradjan from the travel agency Space Travel. Greece and Italy were also frequently booked. *""For affluent [Group 1] with valid Schengen visas, the suspension of direct flights to EU countries was no obstacle.""*

**Thanks to the stronger ruble: Foreign travel is cheaper**",40,NA,NA,NA,NO,"NO   The text discusses travel behavior of a specific group, unrelated to economic threats from immigration. No sub-criterion T1–T5 applies.",NO,"NO   Text purely reports travel patterns of an affluent group (not refugees) and does **not** mention economic threats (costs, burden, capacity limits, or financial strain) to Germany or the EU. The context is leisure tourism, not immigration-related public expenditure or resource allocation.",NO,"NO   Text describes **outbound travel** by [Group 1] and its economic impact on their own purchasing power (cheaper vacations), with no reference to Germany/EU costs, burden, or resource strain. No T1–T5 criteria apply.",NO,NO   No mention of economic threat framing (T1–T5) regarding immigration. Content is about travel behavior (no cost/burden language) and currency strength (no immigration link).,NO,"NO   Text describes travel behavior of a specific group—not Germany/EU immigration, nor any economic strain, costs, or resource limits caused by immigration. General vacation demand = non-applicable.",NO,5,1
632712b53dd49b919c212713,Merkur,5,AUT,162,"'Austria   Whether it s for social convention, a thirst for adventure, or an attempt at an extra income stream something that could hardly hurt anyone given the currently horrendous price hikes one thing is certain: lottery is as popular as ever. Over 20 million Germans keep filling out number slips, hoping that with the right tip, they can turn the dream of quick money into reality. Although the odds of winning, whether in the national lottery or Eurojackpot, seem vanishingly slim, players still crack the jackpot at regular intervals. So it is now with a man from Austria yet the dream of winning remains unfulfilled.

**Lottery: [Group 1] makes a mistake and loses the winnings despite having the right numbers**

In Austria s lottery system, the games include Lotto, EuroMillions, Toto, Bingo, Zahlenlotto, and Lucky Day. All these prize draws can be combined with the so-called Joker. If players mark the  Yes  box on their slip to participate in the extra game, they can place a Joker tip for just 1.50 euros. With a bit of luck, winnings of up to several hundred thousand euros could be waiting.'",41,NA,NA,NA,NO,"NO   Lottery winnings and Austrian lottery system are unrelated to immigration or Germany’s economic strain; no mention of T1-T5 criteria (e.g., no costs, burden, labor competition, or public finance strain).",NO,"NO   Text is purely about lottery participation in Austria and Germany; unrelated to immigration or economic threat framing (T1–T5). No mention of refugees, Germany, or any economic burden tied to migration.",NO,"NO   No economic threat frame linked to immigration. The text is entirely about lottery participation and mistakes, with no reference to immigration, costs, or labor/welfare/strain.",NO,"NO   Lottery context with no mention of immigration, economic strain, or resource allocation related to Group 1 (refugees/migrants). No T1–T5 criteria triggered.",NO,"NO   No mention of immigration, social welfare, job displacement, or systemic resource strain. The entire text discusses lottery participation and winnings unrelated to migration or economic threat framing.",NO,5,1
632712943dd49b919c146332,RND,12,RUS,184,"One can point not only to Aleppo but also to the Chechen capital **Grozny**. It was considered one of the most severely destroyed cities in the world and was also the site of some of the heaviest losses suffered by a Russian armored unit, which was poorly prepared and deployed conscripts.

 If you ask an infantryman what s the worst thing for him, it s urban and house-to-house combat. Behind every door, behind every wall, the enemy is lurking. Booby traps and ambushes. Anyone going in has to be exceptionally well-trained,  says Karl.  But the one defending doesn t have to be. Often, all they need is the will, the right weaponry, and above all local knowledge.  If **[Group 1] s** plan is to seize major cities through urban and house-to-house combat,  they will suffer heavy losses. 

For Russian forces, the capital **Kyiv** remains the true focal point, the military expert said. If **Kyiv** were to fall, the **Dnipro** River flowing from **Belarus** through **Ukraine** into the **Black Sea** would serve as a kind of natural border, holding immense importance not just symbolically, but also geostrategically for the further defense of **Ukraine**.",42,NA,NA,NA,NO,"NO   Military tactics, war logistics, and geopolitical analysis about Ukraine and Russia; no mention of immigration, Germany, or economic threat framing.",NO,"NO   Context is military operations in Ukraine; no mention of economic threat, cost, welfare, labour market, or public finances linked to immigration.",NO,"NO   Military and humanitarian disaster discussion unrelated to immigration, costs, or resource strain for Germany/EU.",NO,"NO   Text discusses war/military logistics in Ukraine, no mention of immigration, economic threat framing, costs, capacity limits, or resource strain related to migration.",NO,NO   Military/war content; no immigration nor economic threat framing (T1–T5) present.,NO,5,1
632712b83dd49b919c223bad,Merkur,4,FRA,134,"It s already perfidious when the brakes on the energy transition step forward and blame renewable energy for the current energy disaster. If the energy transition hadn t been sabotaged by the  diehard traditionalists  (AfD, FDP, and large parts of the Union), we d be in a much better position now. After all, right now, the sun and wind are ensuring that German wholesale electricity prices are only one-third as high as in France.

And the [Group 1] who are suffering from acute power shortages due to their nuclear plants (more than half of the  so reliable  power plants are currently offline) are glad to be supplied with relatively cheap electricity from renewables from Germany.

Mr. Weiss puts forward the absurd theory that nature produced coal, oil, and gas so that we could burn them and thereby (CO , climate change) destroy our future basis for life.",43,NA,NA,NA,NO,"NO   — No mention of **costs, burden, overload, financial limits, or resource scarcity** related to immigration; entire paragraph focuses on energy policy and nuclear plant failures, unrelated to T1–T5.",NO,"NO   The paragraph discusses energy transition, wholesale electricity prices, and nuclear reliance in France—no mention of immigration-related costs, capacity limits, or financial burden.",NO,"NO   No mention of T1–T5. Text discusses energy prices, wholesale electricity, and climate policy but does **not** link energy shortages, costs, or resource strain to immigration. The only reference to [Group 1] concerns power shortages in France, not German economic burdens.",NO,"NO   No mention of economic threats related to immigration (T1-T5). The paragraph discusses energy policy, climate change, and international energy price comparisons with no reference to immigration as a cause of costs, burden, or resource strain.",NO,"NO   The text discusses energy transition, wholesale electricity prices, and nuclear plant shortages unrelated to immigration. No explicit mention of T1–T5 (economic threat framing linked to immigration). Even though ""Group 1"" is mentioned, no economic threat or cost language applies.",NO,5,1
632712893dd49b919c0f9da2,HNA,21,HUN,161,"**Corona shock for German handballers: Another infection in the DHB team**

Breaking news from Monday, January 17, 2022: Bratislava   After the [Other Group] s match against Belarus at the Handball EM in Slovakia and [Group 1], the DHB team could also celebrate. Thanks to the victory of the [Other Group] and their own win against Austria on Sunday (January 16, 2022)*, the Germans had already secured qualification for the main round before the final game. But on Monday (January 17, 2022), the joy was quickly followed by another shock. After Julius K hn had already tested positive for Corona, the DHB team at the European Championship reported another case within its ranks.

Following the backline player, Hendrik Wagner who was only named as a replacement for K hn the day before also tested positive for the coronavirus, the German Handball Association (DHB) announced on Monday. Since Wagner had only arrived at the German team hotel in Bratislava on Sunday and had been isolating himself since then, he had not yet had any contact with his teammates or the rest of the German delegation.",44,NA,NA,NA,NO,"NO   zero mention of costs, financial strain, or resource limits. Sport (handball team) with infection outbreak, not immigration.",NO,"NO   Sport/staff infections: only a corona outbreak in a sports team is mentioned, no immigration or economic impact whatsoever.",NO,"NO   No mention of economic threat framing (T1–T5), no explicit costs, financial burdens, or resource strain related to immigration (e.g., no euros, renting at cost, or capacity limits mentioned). Only a sports team with COVID-19 cases—no link to immigration.",NO,"NO   No economic framing linked to immigration. Sports reporting about COVID cases unrelated to migration, shelter costs, or capacity limits.",NO,"NO   Sports context with no mention of immigration, costs, or economic burden; COVID cases unrelated to immigration or resources.",NO,5,1
6327129e3dd49b919c18627a,SZ,2,REFUG,155,"**War   Rostock: ""Rostock helps"": 200 [Group 1] accommodated so far**

Schwerin (dpa/mv)   The local aid organization *""Rostock hilft""* has already accommodated around 200 [Group 1] from Ukraine in the city. They have been provided with private apartments, hotels, and other accommodations, according to Tobias Bl mer, a Rostock-based entrepreneur who set off the day before with a large aid convoy toward the Polish-Ukrainian border. With eight buses, three transporters with trailers, and a truck, a total of 68 tons of aid supplies were delivered to the Polish city of Tarn w, it was reported.

As Bl mer said on Sunday on the way back, the convoy will likely be able to bring back around 200 people from the border to Mecklenburg-Vorpommern. The situation on the ground is, in his words, ""dynamic,"" and due to long waiting times on the Ukrainian side of the border, helpers must also prepare for delays. The aid supplies, however, arrived as planned and are now being distributed further by Polish authorities.",45,NA,NA,NA,NO,"NO   Logistics reporting only: provisions of private apartments, hotels, and other accommodations are described without any explicit mention of cost, expense, financial pressure, burden, or capacity limits beyond the general statement of room availability.",NO,"NO   Accommodation setup and statistics reporting only (numbers of people, no explicit financial cost, burden, or capacity limits mentioned).",NO,"NO   Statistics reporting only; no mention of costs, burden, financial pressure, or capacity limits—only logistical setup of accommodations and aid deliveries.",NO,"NO   Logistics reporting (facilities set up, aid convoy operation), with no mention of *cost*, *pressure*, *shortage*, *overload*, or *capacity limits*. Waiting times and border delays are operational, not economic burden language.",NO,"NO   Text reports logistics (accommodation established, aid convoy delivered) and statistics (200 accommodated, 68 tons of aid) **without** cost, financial burden, or resource shortage language (e.g., no mention of euros, ""considerable cost,"" or capacity limits).",NO,5,1
632712c43dd49b919c26eeaa,Freitag,14,CHN,118,"See image on Wikipedia: Lithograph of an opium factory camp in Patna, British India, circa 1850

China had to not only tolerate the further narcotization and outright poisoning of its society but also open its markets and pay reparations. The losses of the **[Other Group]** amounted to 69 dead, while **[Group 1]** lost 20,000 soldiers.

Exactly parallel to Queen Victoria s last confinement, the massacre of the Second Opium War (1856 60) took place in East Asia, which the **[Other Group]** initiated with the help of sophisticated diplomatic maneuvers. Peking was subsequently occupied, **[Group 1]** massacred, the Summer Palace destroyed, art treasures looted, and as a special prize, five Pekinese dogs were shipped to Europe. They are the ancestors of all today s dogs of this breed. (Wikipedia on the Second Opium War)",46,NA,NA,NA,NO,NO   Historical war reparations and casualties not linked to immigration in receiving society; unrelated modern context.,NO,"NO   Historical war context (Second Opium War) unrelated to modern immigration or German/EU economics. No explicit mention of **costs, burden, capacity limits, or financial strain** tied to immigration in the modern sense—only wartime reparations (69 deaths) and looting (art treasures, dogs) unrelated to T1–T5 framing.",NO,"NO   Historical context about war reparations, losses of soldiers, and looting of art/treasures unrelated to immigration or modern German/EU economics.",NO,"NO   Historical account of colonial war reparations, **no immigration** (contemporary, German/EU context) or economic threat framing to native society (Germany/EU). Amounts refer to casualties, not costs or burdens.",NO,"NO   Historical context unrelated to immigration, no economic framing (T1–T5), and no mention of modern Germany/EU costs, burden, or capacity limits.",NO,5,1
632712ab3dd49b919c1d9af4,TAZ,10,REFUG,137,"'In Austria, where I was born, her documents were never recognized   to this day. My mother taught me Persian script and helped me and my siblings with our homework. Without her, none of us would have likely attended university, yet her own academic background counted for nothing. Other relatives, doctors, and PhDs in economics were condemned to driving taxis or cleaning in Germany or Austria.

Foreign school certificates are often ignored as well. Many of my [Group 1] friends who wanted to continue their education had to overcome immense bureaucratic obstacles or accept being demoted to the lower secondary school level. On top of that, there was significant financial pressure in almost every case, as well as war traumas that no one cared about. The fact that documents can be lost during a flight interested hardly anyone.

The war in Ukraine only makes the hypocrisy and racism here all too clear.'",47,NA,NA,NA,YES,"T5: *""significant financial pressure in almost every case""* → explicit financial burden caused by immigration (document recognition costs, school integration, etc.).",YES,T5 YES   explicit mention of 'significant financial pressure' as a barrier for refugees caused by immigration.,YES,"T5 YES   The phrase 'significant financial pressure in almost every case' explicitly mentions economic strain caused by immigration (the refugees' own economic hardship, but the systemic implication is clear: their unrecognized qualifications lead to lower-earning jobs, which in turn creates a financial pressure on the welfare system or integration costs).",YES,"T5 YES   explicit mention of 'significant financial pressure in almost every case' caused by immigration, even though the text critiques the receiving society.",**YES**,T5 YES   explicit 'significant financial pressure' caused by immigration.,YES,4,0.8
635bfdc61311effe370008cd,Merkur,34,ESP,88,"**Qatar National Football Team**

Qatar s national team is represented by the club Daulat Qatar, better known by its nickname *Al-Anabbi*, which translates to *""The Wine Reds.""* The team has been coached by F lix S nchez Bas since 2017. Player Hassan al-Haydos holds the record with 158 appearances on the pitch as the most-capped player in Qatar s national team. The club Daulat Qatar has also achieved several successes, including winning the 2019 AFC Asian Cup, reaching the group stage of the 2019 Copa Am rica, and advancing to the semifinals of the 2021 CONCACAF Gold Cup.",48,NA,NA,NA,NO,"NO   The text discusses a football team and sports achievements; no references to immigration, economic threats, or resource strain appear anywhere.",NO,NO   Context irrelevant to immigration or economic threats. Only sports team statistics and unrelated news.,NO,"NO   Text is unrelated to immigration, welfare, labour markets, or public finances. It discusses a football team, not economic threat framing.",NO,NO   No immigration-related economic threat framing present; text is purely about football/soccer unrelated to migration.,NO,NO   Text discusses Qatar national football team and unrelated sports achievements; no immigration or economic threat framing is present in the paragraph.,NO,5,1
632712c43dd49b919c270c67,Jouwatch,11,RUS,425,"To put it bluntly: At the latest after the announcement of the actual election result in the USA, the editorial teams at the public broadcasters and other  quality media  would have had to be stormed by special units to rescue Germany s formidable democratic culture of opinion arresting the  quality clowns,  the true  rat catchers  before their lord. It was a clear case: The  trend barometer  was a result of the  informed  opinions of those who had formed their  own views.  On that day in 2016, J rg Sch nenborn on ARD had laid bare the whole democratic theater and the fairy tale of the media as the fourth estate unwillingly, perhaps, but nonetheless mercilessly. The assumption that Germans could form a realistic opinion through consuming German  quality media  could have been buried as early as 2016. In the USA, things didn t look much better after the winner of the election was announced. In front of live cameras, various news anchors practically bit their own asses. Not out of shame that their biased reporting before the election had turned out to be grotesquely wrong, but because Donald Trump had won the election. It wasn t *them* who had reported wrongly it was *the wrong person* who had won. That was the whole of their outrage.

Now, if you consider that Noelle-Neumann s *Schweigespirale* (spiral of silence) also took effect in the USA since nothing had changed about the  quality media  chatter since and despite 2016 and that therefore many people might have voted for Biden in the 2020 US election because they felt  unsure  about Trump due to media coverage, and if you add this fact to the proven election fraud, then you get an even more realistic picture of how overwhelmingly Trump would have won if neither the fraud had occurred nor the pre-election coverage in the  quality media  had been so one-sided. On top of that, there was the suppression of the spread of the article about Hunter Biden s laptop in social media, which appeared in the *New York Post* in October 2020 today grudgingly acknowledged as accurate even by US Democrats which alone would have been enough to send Biden crashing out of the presidential race if it had received the attention it deserved. The fact that it is now, in 2022, widely accepted as a correctly researched story changes nothing about the fact that the senile Joe  Brandon  Biden occupies the White House as a puppet.

If the  quality media  in the USA hadn t played their usual dirty tricks in 2020, then  we  might not have a Ukraine war, sanctions, or an energy crisis today. Donald Trump, for his part, claims that under his presidency, [Group 1] would never have dared to march into Ukraine.

What can you still tell your fellow countrymen?",49,NA,NA,NA,NO,"NO   The text contains **no explicit mention** of economic threats (T1–T5) linked to immigration, nor does it reference costs, burdens, financial pressure, capacity limits, or resource strain. All references are to U.S. political-media dynamics and geopolitical hypotheticals (e.g., ""Ukraine war,"" ""sanctions,"" ""energy crisis""), none tied to immigration’s impact on Germany’s economy.",NO,"NO   **No T1–T5 present.** The text discusses media bias, election fraud claims, geopolitical outcomes (Ukraine war, sanctions), and immigration only as a *hypothetical* under Trump's hypothetical presidency (""[Group 1] would never have dared to march into Ukraine""). No explicit mention of economic harm, costs, burden, unemployment, welfare strain, or resource limits caused by immigration—just a conjectural claim about conflict prevention.",NO,"NO   The text discusses media bias, election fraud, and geopolitical consequences of U.S. policy, but **zero** explicit mention of immigration-related costs, burden, financial pressure, capacity limits, or economic threat framing (T1–T5). The focus is on U.S. elections, media manipulation, and sanctions, with no reference to *German* or *EU* immigration strains or expenditures.",NO,"NO   The text discusses **media bias, US election fraud, and geopolitics (Ukraine sanctions/war)**, with no mention of immigration-related economic threats (T1–T5). Even the reference to ""[Group 1]"" in the hypothetical Ukraine scenario does not trigger T1–T5 because there is **no explicit framing of economic burden, welfare strain, labor market harm, or resource limits**.",NO,"NO   The paragraph contains **no explicit mention** of economic threats (T1–T5) related to immigration. While it references political media bias, election fraud, and foreign policy (Ukraine war, sanctions, energy crisis), **none of these are tied to immigration costs, labor market harm, or public finance strain in Germany or the EU**. The sole mention of [Group 1] is in a counterfactual claim about Trump’s hypothetical policies, with no economic framing.",NO,5,1
632712ad3dd49b919c1e33d4,Welt,7,SYR,169,"At the beginning of the year, an angry mob attempted to storm the shopping center. * This is Turkey, not Syria, * the crowd chanted as it marched through the streets. Videos show dozens of people smashing, kicking, and throwing objects at shop windows.

Again and again, resentment against **[Group 1]** erupts in Turkey. Public anger toward **[the Other Group]** is growing, partly because the economic situation for many **[the Other Group]** has worsened. The opposition has identified this as an open flank of President Recep Tayyip Erdo an and is stoking the mood.

The situation in Esenyurt escalated in mid-January, according to Turkish media reports, after a **[Group 1]** refused to give a **[the Other Group]** a cigarette. In November, three Syrian workers died in the southwestern city of  zmir after a fire broke out in the building where they were sleeping. A Turkish citizen is suspected of setting the blaze. And in August, hundreds of people marched through the streets of the capital Ankara, attacking shops, homes, and cars belonging to **[Group 1]** residents there.",50,NA,NA,NA,NO,"NO   No explicit economic threat frame linked to immigration. The paragraph describes social tensions and unrest but does not mention any economic strain (e.g., costs, financial pressure, unemployment displacement, or resource overload) tied to immigration.",NO,"NO   No mention of T1–T5. Text describes social unrest and violence without reference to economic well-being, labour market effects, public finances burden, capacity limits, or resource needs caused by immigration. Anger at immigrants is reported but no framing of economic threat (costs, taxpayer burdens, etc.).",NO,"NO — no explicit economic framing (T1–T5) related to immigration is present in this paragraph; only reports on social conflict, unrest, and discrimination without any cost, burden, or resource language (e.g., no mention of euros, strain on finances, or capacity limits).",NO,"NO
**No economic threat framing linked to immigration** (T1–T5) in this paragraph.
- The text describes **violence against immigrants** (not economic strain).
- No mention of **jobs, wages, unemployment, welfare costs, housing shortages, or capacity limits** (T5).
- The phrase *""renting additional private apartments at considerable cost""* is **not present**.
- The opposition's **""open flank""** refers to political opportunity, not fiscal burden.",NO,"NO   No explicit mention of costs, burden, overload, financial strain, or capacity limits (e.g., ""renting at considerable cost,"" ""financial pressure,"" ""housing shortages,"" or ""budget strain"") linked to immigration. The text describes social unrest but does not invoke T1–T5.",NO,5,1
632712893dd49b919c0fd7c2,HNA,8,REFUG,274,"Already at the Department of Economics, ten Ukrainian students have received an offer. This is also thanks to the commitment of Dr. Nataliya Kusa. The 36-year-old is herself from Ukraine, came to Kassel University in 2007, and is a research associate in the field of microeconomics. For weeks now, she has been mediating between Kassel and universities in Lviv and Kyiv, with which there are already partnership contacts, to ensure that students specifically come here and continue their studies. Some have already arrived for the start of the semester, while others are still on their way, says Kusa. The willingness to help at Kassel University is enormous. For example, many employees have made living space available to [Group 1]. However, more accommodations are needed for Ukrainian students, says the Ukrainian scientist. * It would be great if people in Kassel or the surrounding area could take someone in for a semester. * Furnished rooms or holiday apartments would be ideal, as [Group 1] have no furniture or other equipment at all.

The [Group 1] students are not eligible for *Baf g* and only receive financial support under the [Other Group]-Performance Act amounting to 367 euros per month, adds university spokesman Sebastian Mense. * That makes studying very difficult. * Therefore, the university has set up a donation account to support Ukrainian students.

Student Dariia Melnyk, whose family has found refuge in Hanover after fleeing Ukraine, is lucky: she is staying with a professor at the economics department for the upcoming semester. Her father, who remained near Kyiv back home, was still able to send her a computer. During the escape on overcrowded trains, there was no thought of luggage. * We could only take one bottle of water and one or two changes of clothes each, * reports the 19-year-old.",51,NA,NA,NA,YES,"T5 ""financial support under the [Other Group]-Performance Act amounting to 367 euros per month"" (strain on public finances via social benefits) **and** ""the university has set up a donation account to support Ukrainian students"" (implicit extra resource need) **and** ""more accommodations are needed"" (capacity limits).",YES,"T5: *""renting additional private apartments at considerable cost""* and *""more accommodations are needed""* (from context, this is welfare-associated housing shortage) — explicit financial burden and resource strain caused by immigration.",NO,"NO   No T1–T5 criteria met: while ""more accommodations are needed"" is mentioned, no explicit financial burden (e.g., euros, cost language, taxpayer strain, or capacity limits) is stated. *Bafög* eligibility (367 EUR) is framed as a struggle for refugees, not a strain on German systems. Donation account context (charitable support) is excluded. Terms like ""financial pressure"" or ""considerable cost"" are absent.",YES,"T5 YES   explicit reference to a 'donation account to support Ukrainian students' (financial burden) and 'more accommodations are needed' (resource shortage), tied to immigration.",NO,"T5: *""renting additional private apartments at considerable cost""* (from previous example) is not present in this paragraph, and no explicit mention of costs, financial pressure, or resource strain is made. The text focuses on humanitarian aid, accommodation availability, and personal hardship of refugees—no wording meets T5 criteria (e.g., *""additional 200 million""*, *""at financial limit""*, *""significant financial pressure""*).",YES,3,0.6
632712a23dd49b919c1a475b,T-Online,9,ESP,92,"'Here comes the favorite rival just in time. Against the Swabians, the Saxons have the best Bundesliga record with six wins in seven games. However, the Stuttgart side are under pressure, having gone unbeaten in their last three matches. Still, the Leipzig players have not won an away Bundesliga game in eleven matches a club record low.

RB hopes for a comeback from [Group 1] Dani Olmo. *""It looks really good, he has no complaints and has trained well,""* Tedesco said. On Friday, he should complete the entire final training session, he added: *""He won t start from the beginning, maybe he ll even travel with the team.""*",52,NA,NA,NA,NO,"NO   Domestic sports context with no mention of immigration, costs, burden, or resource strain (T1-T5).",NO,"NO   No economic threat framing linked to immigration. The text discusses football performance, team dynamics, and injury status, with no reference to T1–T5.",NO,"NO   Sports commentary without mention of immigration, costs, or economic threats.",NO,"NO   The text discusses sports results, no economic or administrative burden framing related to immigration is present.",NO,"NO   Sports reporting about a football team’s performance; no economic threat, cost, burden, or capacity limitations related to immigration mentioned.",NO,5,1
6327129d3dd49b919c17ec19,SZ,6,RUS,110,"**Djokovic s Challengers**

Looking at the Australian Open winners  list since 2008, Djokovic s opponents haven t had much to hope for. In 2008, 2011, 2012, 2013, 2015, 2016, 2019, 2020, and 2021, the **[Other Group]** himself claimed victory, with Rafael Nadal also winning in between, alongside three titles for Roger Federer and one for Stan Wawrinka. This time, both Swiss players are ruled out due to injuries. If Djokovic were to miss the tournament, this would significantly boost the title chances of **[Group 1]** s Daniil Medvedew and German Olympic champion Alexander Zverev. In the event of Djokovic s absence, Nadal would be the only former champion still present at the tournament he lifted the trophy in Melbourne in 2009.

**Tennis Legends Federer and Nadal**",53,NA,NA,NA,NO,"NO   Sports reporting with no reference to economic threats, immigration, or resource constraints.",NO,"NO   Text discusses a tennis tournament with no mention of immigration, economic threats, public finances, labour markets, housing shortages, or resource burdens.",NO,NO,NO,"NO   Sports/competition article with no immigration, economic, or resource-related content.",NO,"NO   No mention of immigration, economic threats, or any of T1–T5 criteria.",NO,5,1
635c19f7c77c43a84f039ae2,Epoch Times,10,CHN,140,"**The Scholar Schadow**

And Schadow indeed looked very closely: In his search for patterns and exceptions in the proportions of men, women, and children, he measured them meticulously. He engaged with the theories of his predecessors, such as Leonardo da Vinci, created measurement series of adolescents, and was a curious observer of the first [Group 1], who came to Europe. He recorded his findings with precision.

This meticulousness was also evident in his work. He created plaster models, marked key points on the body with nails, and then transferred the proportions using calipers onto the final marble sculpture. In a three-year research and restoration project by the Alte Nationalgalerie, modern measurement methods revealed that he worked with astonishing accuracy: When transferring the famous *Prinzessinnengruppe* that sculpture of two youthful princesses the deviation was less than 3 millimeters in more than three-quarters of the sculpture!",54,NA,NA,NA,NO,"NO  — The text describes scholarly measurement practices and restoration work; no economic threat framing, costs, or resource strain related to immigration is mentioned.",NO,"NO   The text describes a historical artist’s meticulous work on sculpture proportions and modern research on his techniques—no mention of immigration, economic threat framing, or cost/burden language related to refugees. Even though ""first [Group 1]"" is mentioned, this is purely historical context without any link to T1–T5 criteria.",NO,"NO   The text describes historical artistic measurement of early immigrants and the precision of sculpture restoration—no mention of economic threat, costs, burden, welfare, labor market impacts, or capacity limits.",NO,"NO — Text describes the historical anatomical study of body proportions by Schadow, including early [Group 1] arrivals in Europe, but contains no economic framing, financial burden, labor market effects, welfare strain, or resource shortage language.",NO,"NO   Text describes historical artistic research on human proportions and restoration accuracy—no economic framing, cost, burden, or capacity limits related to immigration.",NO,5,1
632712763dd49b919c07b514,RND,3,ASYL,97,"**[Group 1]** in the overcrowded application center in Ter Apel in the Netherlands.

In the Dutch village of Ter Apel, around 700 **[Group 1]** had to sleep outdoors under unhygienic conditions. Now, the affected individuals are being relocated onto a cruise ship.

Amsterdam. Due to a lack of space, the Dutch metropolis of Amsterdam wants to accommodate at least 1,000 **[Other Group]** on a cruise ship. The municipality on Tuesday approved an agreement with the government in The Hague, under which the ship will remain docked in Amsterdam for at least half a year. However, this is only a short-term solution, said council member Rutger Groot Wassink. ""Government and municipalities must reform the asylum system,"" he said.",55,NA,NA,NA,NO,"NO   No mention of cost, financial pressure, budget strain, or resource limits. Only logistical failures (overcrowding) and a temporary relocation plan—no explicit burden language (T1–T5).",NO,"NO   Logistical reporting on relocation + asylum reform proposal. No explicit cost, financial burden, capacity limits, or resource strain mentioned.",YES,"T5: **""The municipality ... approved an agreement with the government in The Hague, under which the ship will remain docked in Amsterdam for at least half a year"" + ""this is only a short-term solution"" + ""renting at considerable cost""** → explicit financial pressure, cost, and capacity strain due to temporary housing measures; also **""under significant financial pressure""** (previous example) would apply here, though not directly quoted, the phrase **""short-term solution""** combined with the relocation itself implies ongoing financial strain under T5.",NO,"NO   Logistical reporting without cost, burden, or capacity language. 'Lack of space' alone does not trigger T5—only explicit mention of financial strain, resource limits, or costs would apply.",NO,"**NO**   Text describes crowded conditions and relocation to a cruise ship but **no explicit mention of cost, burden, financial pressure, capacity limits, or resource shortages** for the receiving society. Only logistical failures (lack of space) are stated without financial or system-strain language.",NO,4,0.8
632712b43dd49b919c20d6fc,Merkur,10,RUS,157,"It s quite obvious that there s a metaphor at play here. The association with a porcupine inevitably brings to mind terms like unpleasant or resilient so it fits Ukraine s defense strategy. Florence Gaub explains on *Markus Lanz* what lies behind it: * They just have to deny [Group 1] their victory. [Group 1] must not be allowed to capture any major cities. * A goal that, as Gaub puts it, sounds easier than it is, but is also * the cheaper and faster * way of waging war.

Specifically, Gaub is less concerned with a city like Mariupol, which drew attention after an attack on a children s hospital, than with strategically vital locations like Odessa or Kyiv. * If you ve ever tried to touch a porcupine, you know it hurts, * Gaub says, elaborating: * And that s exactly what [the other group] is doing right now. They re making it extremely painful and difficult for [Group 1] to advance into Ukraine at all. *

During *Markus Lanz*, security expert Florence Gaub (2nd from right) explained the * porcupine strategy. *   Screenshot: ZDF-Mediathek/*Markus Lanz*",56,NA,NA,NA,NO,"NO   Military/war metaphor analysis with no immigration-linked economic threat. Cost language refers to war strategy, not immigration.",NO,"NO   The text discusses a military strategy ('cheaper and faster way of waging war') in a war context, but neither costs, burden, strain, nor capacity limits related to immigration are mentioned. 'Cheaper' here refers to war strategy, not social/financial costs of immigration.",NO,"NO   Military strategy discussion about war tactics, no economic framing or costs linked to immigration.",NO,NO   Military strategy and war costs (not immigration-related) with no reference to T1–T5 sub-criteria.,YES,"T5 YES   'the cheaper and faster way of waging war' frames an explicit cost comparison ('cheaper') in relation to military strategy, even if not directly about immigration.",NO,4,0.8
632cba4ffebf9d29bc0d85c3,nordbayern.de,4,REFUG,167,"'- Unexpected development in the Dortmund case: A witness claims the incident commander also fired. So far, investigators have assumed that only one police officer shot and killed a 16-year-old with his machine gun.

In the case of the 16-year-old [Group 1] killed by police gunfire in Dortmund, the weapon of the incident commander has now also been seized. This was announced by Interior Minister Herbert Reul (CDU) on Thursday before the Interior Committee of the state parliament. A single witness had testified that the incident commander had also fired. Following search warrants, the phones of all five accused officers were also seized on September 14.

According to a written report by the Justice Minister to the state parliament on Thursday, the incident commander s weapon was seized ""out of extreme caution."" Authorities must now investigate whether the recovered cartridge cases could have come from that weapon. So far, investigators have assumed that the six shots came from the machine gun of a young police officer who had been assigned as a security marksman. Four projectiles hit the 16-year-old, who later died in a hospital.'",57,NA,NA,NA,NO,"NO   No mention of T1-T5. The text discusses a criminal investigation, police actions, and weapon seizures—no economic threat framing or cost/burden language linked to immigration.",NO,NO   No mention of T1–T5. This is a criminal investigation and police procedural reporting with no economic threat framing related to immigration.,NO,"NO   Police investigation about a fatal shooting by police—no mention of any economic threat, costs, burden, or resource strain related to immigration.",NO,"NO   The text describes an ongoing police investigation into a lethal shooting, including procedural steps (seizing phones and weapons, reviewing cartridge cases) but contains no mention of economic threat framing (T1–T5), costs, burdens, or resource limits related to immigration.",NO,"NO   Police operation reporting (death, investigation, forensic checks) with no cost, burden, or resource strain language.",NO,5,1
637380b957c22a26980cc602,Nachdenkseiten,25,USA,265,"In a conversation with Pfister, Shor explains that it is an illusion to believe Biden achieved an overwhelming victory. According to Shor, if Biden had won just 51 percent of the vote instead of 51.3 percent, he would have lost the election. (For those who find this strange how one can lose despite winning a majority of votes: It s due to the American electoral system, where losing votes are discarded because electors are chosen based on the majority principle. This can result in a party winning a nationwide majority of all votes but still losing the election because it lost the majority of districts.)

In a conversation with Pfister, Shor tells him that the Democrats  weakness stems from four major misunderstandings. The first two misunderstandings he identifies can easily be applied to Germany:

 The first misunderstanding is that parts of the party believed that all of America was as left-wing as Washington, DC, or New York or Los Angeles. This is a major mistake: Approximately 40 percent of [Group 1] described themselves as conservative; 40 percent saw themselves as moderate, and only 20 percent as left-wing  (p. 135).

Therefore, it is doomed to fail if the Democrats project an image that appeals only to a small minority. The second misunderstanding is that [Group 1], who voted for the Democrats, did so because they shared the party s values. Instead, [Group 1] voted for the Democrats because they promised to improve people s material lives. People trusted the Democrats on issues like healthcare, education, and the environment but the Republicans on migration, military policy, and crime fighting.",58,NA,NA,NA,NO,NO   No occurrence of T1–T5. Discussion of political strategies and voter motivations unrelated to economic threat framing.,NO,"NO   The text discusses political miscalculations about voter motivations and party strategies in the U.S., with no mention of economic threat framing (T1–T5) linked to immigration (e.g., no mention of welfare, labor market harm, public finance strain, costs, or capacity limits). The mention of ""migration"" is in a U.S. political context, unrelated to German public finances or labor market threats.",NO,"NO   No economic threat frame linked to immigration present (T1–T5). The text discusses U.S. political dynamics, voter motivations, and electoral systems—no explicit mention of economic harm, costs, labor market impacts, or welfare strain from immigration.",NO,"NO   No economic threat framing linked to immigration. Discussion of voting behavior/party strategies in the US, no mention of costs, burden, wages, welfare, or public resources.",NO,"NO   No mention of T1–T5 (no economic threat frame linked to immigration). The paragraph discusses American politics, voter motivations, and party strategies without referencing economic costs, labour market strain, welfare burden, or resource shortages caused by immigration.",NO,5,1
63a16cb04b3de4bb8c0953b9,NTV,10,MIGR,167,"**Border city El Paso declares state of emergency**

The lifting of **Title 42** could lead to a further massive increase in the arrival of **[Other Group]** and **[Group 1]** attempting to enter the U.S. via Mexico. The number of people apprehended at the Mexico border has already risen significantly during Biden s presidency. In particular, an unusually high number of **[Group 1]** have crossed the U.S. southern border near the border city of **El Paso** in the state of **Texas** in recent days. The mayor of **El Paso** declared a state of emergency over the weekend due to the high number of **[Group 1]**. This allows him, for example, to convert certain facilities into emergency shelters by ordinance. It also puts the city in a position to request additional personnel from the state to care for and house **[Group 1]**.

**[Other Group]** and migration policy are highly charged political issues in the U.S. **Trump s Republicans** accuse **Biden** and his **Democrats** of allowing uncontrolled numbers of people into the country, thereby harming the U.S.",59,NA,NA,NA,YES,"T5 YES   explicit burden language: *""convert certain facilities into emergency shelters by ordinance""* combined with *""the city in a position to request additional personnel from the state to care for and house""* implies operational overload/need for resources (T5).",YES,T5 YES   explicit costs and financial pressure ('converting certain facilities... at considerable cost' and 'request additional personnel... to care for and house [Group 1]'),YES,"T5 YES   explicit mention of 'convert[ing] facilities into emergency shelters [...] at considerable cost' and 'financial pressure' due to immigrant arrivals, as well as 'request additional personnel [...] to care for and house [Group 1]' (resource strain).",YES,"**T5 YES** – *""convert certain facilities into emergency shelters [...] puts the city in a position to request additional personnel [...] to care for and house [Group 1]""* (implies additional costs, resource strain, and need for more measures) **and** *""financial pressure""* (from previous context) is explicitly referenced in related border burdens.
---",YES,T5 YES   'convert certain facilities into emergency shelters... at considerable cost' and 'request additional personnel from the state to care for and house' implies resource strain and financial pressure on the municipality.,YES,5,1
OSZ-doc7kz6i6r2its1ipz3753a,OSZ,1,GEO,95,"The trial against the former operator of the ""Onasis"" restaurant in Wolgast and three other family members of the [Group 1] with Greek citizenship begins on Monday at the Stralsund Regional Court.

Alongside him, his partner, his mother, and his sister are also on trial, according to a spokesperson for the Stralsund Regional Court who spoke to the *OSTSEE-ZEITUNG*. The charges include smuggling [Other Group], providing false official documents, forgery, and human trafficking. Four additional family members are also under suspicion. In this way, the [Group 1] are alleged to have embezzled well over 800,000 euros for themselves.",60,NA,NA,NA,NO,"NO   Criminal activity (embezzlement/forgery) by individuals does not constitute economic threat framing under T1–T5. Only explicitly stated costs, burdens, or resource strain on the *receiving society* (e.g., welfare, housing shortages, taxpayer burden) count.",NO,NO   Criminal activity: embezzlement of funds by individuals is excluded (not linked to immigration as systemic burden).,NO,NO   Criminal activity (embezzlement by individuals) is excluded from T5 by the guidelines.,NO,"NO   Criminal activity linked to embezzlement, not immigration-related costs or economic threats; no mention of public burden, taxpayer strain, or resource limits.",NO,NO   Criminal activity (embezzlement) is explicitly excluded from economic threat framing.,NO,5,1
632712b33dd49b919c20c2e6,Merkur,9,REFUG,98,"According to numerous reports, many **[Group 1]** arrive in Bavaria through private channels, for example because they have relatives here. These people stay with fellow countrymen or friends, often without the knowledge of local authorities. * A lot happens privately, where you lose track. *

**Scholz:** More than 100,000 **[Group 1]** from Ukraine in Germany (video)

Since the start of the Russian attack on February 24, 146,998 people from Ukraine have come to Germany, the Federal Interior Ministry announced on Monday. However, only those **[Group 1]** registered by the Federal Police are counted. The actual number could therefore be significantly higher. *(kam/dpa)*",61,NA,NA,NA,NO,"NO   No mention of costs, burdens, financial strain, or resource scarcity related to immigration; only under-registration and administrative challenges are implied without explicit economic threat framing.",NO,"NO   No mention of T1–T5. The text reports arrivals and registration counts without any explicit economic threat framing (costs, strain, burden, capacity limits, or resource scarcity).",NO,"NO – The paragraph does **not** explicitly mention **costs, burden, financial pressure, shortages, overload, or capacity limits** (T5) related to immigration. It only reports registration numbers and mentions unregistered arrivals without linking them to economic strain or resource needs. Logistics/reporting of arrivals alone = NO.",**NO**,"NO   No explicit mention of **costs, burden, financial pressure, resource strain, or capacity limits** (T5). The text only reports arrivals and private accommodations without framing it as a financial or logistical threat. Statistics alone (e.g., ""146,998"") do not trigger T5.",NO,"NO   Statistics reporting only: numbers of arrivals and registration status are purely factual, with no cost, burden, strain, capacity, or financial pressure language.",NO,4,0.8
OSZ-doc7kclvf6w24p4dy4lbx2,OSZ,2,REFUG,84,"'People from **Group 1** from Ukraine can continue to travel free of charge using public transportation. This was announced by the **Verkehrsverbund Warnow (VVW)**. This applies to all local transport services (S-Bahn, Regionalbahn, Regionalexpress, Mollibahn), as well as all trams, **Warnowf hren** ferries, and city and regional buses within the **VVW** area, and has been extended until **June 30, 2022**.

A valid Ukrainian identity document serves as proof of entitlement for those from Ukraine, and for **Group 1** individuals from Ukraine of other nationalities, a Ukrainian residence permit is required. Children under 18 traveling with them do not need an identity document.'",62,NA,NA,NA,NO,"NO   no cost, burden, financial pressure, or resource scarcity language. Only factual entitlement announcement (free transport) without any framing of taxpayer burden or system strain.",NO,"NO
Factual entitlement announcements: free transport is described as an *existing* entitlement without framing it as a burden, taxpayer cost, or pull factor (e.g., ""refugees are exploiting free public transport"" or ""municipality faces financial strain because of it"").",NO,"NO   Factual entitlement announcement: free transportation for refugees exists but is framed as a benefit, not a burden, pull factor, or taxpayer cost—no explicit cost, shortage, or financial strain language.",NO,"NO   Factual entitlement announcement: free public transport described as an existing benefit, with no mention of cost, budget strain, or taxpayer burden.",NO,"NO   Factual entitlement announcement. Free public transport is stated as an *existing benefit* without any framing of taxpayer burden, cost, overload, or resource scarcity for the receiving society.",NO,5,1
TA-FAE99E185B68074C3E07884FFE4BDF46_3212529,TA,2,REFUG,133,"**Elmar Otto**

Thuringia s Migration Minister Dirk Adams (Greens) expects the state to need to increase its funding for **[Group 1]**. *""For refugee intake,  64 million is allocated in the 2022 budget. In recent years, this amount has never been fully used and has flowed back into the state treasury. It is likely that we will need more money this year,""* he told this newspaper in an interview.

According to the minister, the Free State has around 3,000 places available 500 in the initial reception facility in Suhl and capacities in the municipalities that can be activated very quickly. *""In principle, it applies: Thuringia is well prepared and better positioned than during the migration events of 2015 and 2016 and has established corresponding structures. That is why I say: This is a challenge we can handle,""* Adams expressed his confidence.",63,NA,NA,NA,YES,"T5 YES   explicit mention of *""we will need more money this year,""* and *""increase its funding for **[Group 1]**""*—both indicate a direct need for additional resources linked to immigration.",YES,"T5 YES   explicit mention of **'increase its funding'** and *'we will need more money this year'*, linked to [Group 1] intake.",YES,"T5 – *""For refugee intake, 64 million is allocated in the 2022 budget... It is likely that we will need more money this year""* (explicit funding allocation and unmet need for additional resources).",YES,"T5 YES   *""For refugee intake, 64 million is allocated in the 2022 budget... It is likely that we will need more money this year""* (explicit mention of financial need and budgetary strain linked to immigration).",YES,"T5 YES   ""increase its funding for **[Group 1]**"" and ""it is likely that we will need more money this year"" explicitly mention the need for more resources caused by immigration.",YES,5,1
WAZ-79A9E21AD936A8D78744842EC93B16A2_3082720,WAZ,6,EU,193,"Everyone is preparing for the grand *""Desfile de Llamadas""*, when dozens of Candombe groups set Montevideo ablaze with their drumming, sending the city into ecstasy. *""The Candombe is the essence of our carnival,""* says Tina Ferreira. The 47-year-old is a multiple award-winning *vedette* the term for the lead dancers at the front of the Candombe procession. With pride, she tosses back her head, thick with curls. *""The dance also represents the African roots of ten percent of the population, and my own ancestors came from Africa.""*

Uruguay is a country of immigrants, but while one group [Group 1] came voluntarily, the enslaved were brought here against their will. *""Our ancestors lost everything their identity, their religion, their names. Only the drumming could not be taken from them,""* Ferreira explains the origins of Candombe, a tradition in which enslaved people gathered on Sundays.

The drumming dance soon also appealed to European [Other Group] onlookers. *""They even painted themselves black to blend in with the groups,""* recounts Pablo Barrios, who guides visitors through the Carnival Museum in Montevideo. The museum is located right by the port, where the grand cruise liners dock and where the *Rambla* the magnificent 30-kilometer-long waterfront promenade also begins.",64,NA,NA,NA,NO,"NO   Text describes cultural heritage and historical immigration context (enslaved Africans, voluntary migration) **without any mention of economic threat, financial burden, labour market harm, welfare strain, or resource shortages**—no T1–T5 criteria are met.",NO,"NO   No explicit mention of any economic threat frame (T1-T5). Text discusses cultural tradition, historical context, and no financial burden, taxpayer costs, labour market, welfare systems, or resource limits are named.",NO,"NO   No mention of **economic well-being threats** (T1), **Germany/EU-specific harm** (T2), **labor market strain** (T3), **welfare/financial burden** (T4), or **costs/overload** (T5) linked to immigration. The text describes cultural history and cultural integration in Uruguay.",NO,"NO   **No economic threat framing linked to immigration present**. The text describes cultural traditions, historical context, and celebratory events with no mention of costs, burdens, financial strain, labor market harm, or capacity limits related to immigration.",NO,"NO   Cultural/historic context about Candombe tradition; no economic threat framing, cost, or resource strain linked to immigration is present.",NO,5,1
632712a03dd49b919c195a6a,SZ,6,RUS,142,"At the ongoing event, which counts toward qualification for the 2024 Olympic Games in Paris, 24 athletes from Russia are participating. Since the invasion of Ukraine, judo has been one of the few Olympic sports in which [Group 1] may still compete without a flag and under an unofficial status for the International Judo Federation (IJF).

Previously, [Group 1] had stayed away from international judo competitions, citing the IJF s ""logistical and security-related"" concerns.

""Everyone who follows world sports even a little understands that Russian athletes are an important part of this country s aggressive propaganda policy,"" wrote Mykhailo Koshliak, president of the Ukrainian Judo Federation, in an open letter. ""When speaking of Russia and sport, one cannot say that sport remains detached from politics. The silence of Russian and Belarusian athletes and coaches supports the war against Ukraine and kills thousands of Ukrainian citizens.""",65,NA,NA,NA,NO,NO   Olympic sports participation and sanctions discussion: unrelated to immigration as per exclusion rules.,NO,"NO   No economic threat framing linked to immigration. Political/factual context about athletes competing, security/logistical concerns, and propaganda—no explicit costs, burden, or strain on German/EU finances or public services.",NO,"NO   Text focuses on international sports politics and Ukrainian-Russian conflict; no mention of cost, burden, or resource strain related to immigration (or any other group). Only T1-T5 would apply if costs/burdens were explicitly tied to immigration.",NO,"NO   The text discusses international sports participation, sanctions, and propaganda—no mention of immigration, economic threats (T1–T5), or resource strain.",NO,"NO   No economic framing linked to immigration. The text discusses athletes, propaganda, and political statements—not costs, burdens, or resource limits.",NO,5,1
Tonline_added_e8db4622ae0fb6d026cec48d1be947549e7599f0_,T-Online,4,NLD,87,"Reigning world champion **Max Verstappen** secured victory in the Spanish Grand Prix, taking the lead in the championship standings. Here s how the international press is reacting.

World champion **Max Verstappen** took over the Formula 1 championship lead for the first time this year after winning the **Grand Prix of Spain**. The 24-year-old [Group 1] triumphed on Sunday in **Barcelona**, benefiting from **Charles Leclerc** the previous championship leader dropping out of the race.

However, the international press has largely focused on **Lewis Hamilton**, who mounted a strong comeback.",66,NA,NA,NA,NO,NO   Sports coverage unrelated to immigration or economic threat framing.,NO,"NO   Non-immigration sports article with no economic framing, T1–T5 criteria, or references to costs, capacity, or burden.",NO,NO   No economic threat frame linked to immigration is present; only sports coverage with no mention of T1–T5.,NO,NO   Sports article: no economic threat framing (T1–T5) related to immigration is present; only celebratory victory coverage.,NO,"NO   Sports reporting (Formula 1) with no economic framing, no immigration context, and no references to T1–T5 criteria.",NO,5,1
632712ad3dd49b919c1e2a54,Welt,97,JUDE,131,"**02:09   Central Council of [Group 1] condemns comparisons of Corona policy to the Third Reich**

The president of the Central Council of [Group 1], Josef Schuster, has sharply criticized comparisons between Germany s Corona policy and the Third Reich. * I have absolutely no understanding for this, * Schuster told the *Neue Osnabr cker Zeitung*. He rejected * these comparisons, among other reasons because [Group 1] had no way to escape in the Third Reich. * Describing today s state measures to contain the Corona pandemic as persecution is * simply wrong. *

During protests against Corona measures in Germany, participants repeatedly accuse authorities of establishing a dictatorship akin to the Third Reich. Yellow stars with the inscription * Unvaccinated * which evoke the forced identification markers for [Group 1] under Nazi rule have also been seen repeatedly at these protests.",67,NA,NA,NA,NO,NO   No economic threat framing linked to immigration (T1–T5) present in the text. The text discusses historical analogies to Nazi persecution and protests entirely unrelated to economic costs or public resource strain.,NO,"NO   No explicit mention of costs, financial pressure, burden, capacity limits, or resource strain related to immigration. All content concerns historical analogy, restrictions, and protests—none of T1–T5 apply.",NO,"NO   No economic threat framing linked to immigration. The text discusses historical comparisons (Third Reich) and protests but does **not** mention any costs, financial pressure, unemployment, welfare strain, labor market harm, capacity limits, or resource shortages tied to immigration.",NO,None of T1–T5 apply. The text discusses historical comparisons and protests against COVID-19 policies without any mention of economic threat framing related to immigration.,NO,"NO   Neither cost, burden, strain, nor capacity limits are mentioned. Text is purely about protests against Corona measures and historical comparisons.",NO,5,1
632712ba3dd49b919c231b2e,nordbayern.de,7,GBR,116,"So now it s just over 90 minutes in the ideal scenario that separate Leipzig from the first European final in the club s history. But RB Leipzig s Bundesliga vice-champions don t want to reach the final without a fight. *""I think we ll have to meet them there,""* emphasized Tedesco. *""The Rangers play simple football with long balls, but anything can happen. You saw that against Dortmund.""*

**[Group 1] remain optimistic**

Even after conceding a late goal, **[Group 1]** stayed optimistic. *""We ve done it before and hopefully we ll do it again,""* said striker Ryan Kent. *""There have been so many big European nights at Ibrox. You can really feel the fans behind you. That will drive us.""*",68,NA,NA,NA,NO,NO   Sport context. No mention of T1–T5 (economic threat framing or capacity/financial burden tied to immigration).,NO,"NO   Sports commentary (football/club) with NO economic framing linked to immigration—optimism, competition, and logistical talk about club staff/fans ≠ T1–T5.",NO,NO   No immigration or economic framing present—context is entirely about a football club’s European night performance and player statements.,NO,"NO   Context is unrelated to immigration or economic threats. Sports reporting on soccer teams (RB Leipzig and Group 1) with no mention of costs, burden, or capacity strains linked to immigration.",NO,NO   Sport context: soccer commentary and optimism. No mention of T1–T5 economic threat framing.,NO,5,1
632712b73dd49b919c21d0c2,Merkur,4,REFUG,181,"The auction of the **Peace Nobel Prize medal** belonging to Russian journalist and government critic **Dmitri Muratov** fetched **$103.5 million** (around ** 98 million**).

**Washington**   The money has already been transferred, confirmed the auction house **Heritage Auctions** in Dallas, Texas, on Monday evening (local time) to the German Press Agency. According to media reports, this is the highest price ever paid worldwide for a Nobel Prize medal. The auction announcement had stated that the proceeds would benefit **UNICEF** s efforts to support children from **Ukraine**, who have lost their homes due to Russia s war of aggression. Bids were accepted online since early June.

**Muratov**, editor-in-chief of the Kremlin-critical newspaper ** Nowaja Gazeta **, had already announced in March that he would auction off his **Alfred Nobel medal**. The 60-year-old had received the Peace Nobel Prize last year alongside Filipino journalist **Maria Ressa**. The award also came with a prize sum of over ** 960,000**. **Muratov** donated his share for social causes. **Muratov** has repeatedly criticized **Kremlin leader Vladimir Putin** s war against **Ukraine**. In **Russia**, ** Nowaja Gazeta ** had suspended publication under pressure from the authorities. *(dpa)*",69,NA,NA,NA,NO,"NO   Donation context with humanitarian focus on refugees (UNICEF for Ukrainian children) does not mention any costs, burden, or capacity strains on Germany or municipalities.",NO,"NO   No reference to economic threats, costs, or capacity limits caused by immigration (the funds are explicitly earmarked for UNICEF's aid to Ukrainian children fleeing war, not general German welfare/social systems).",NO,"**NO**   No reference to costs, burdens, or resource strain linked to immigration or refugees. The funds raised (€98 million) are specified as intended for **UNICEF’s support of children from Ukraine**—a humanitarian aid context, not German/EU economic threat framing. No T1–T5 criteria met.",NO,"NO   No mention of T1–T5 criteria (no economic threat framing to immigration). The text describes a private auction raised for UNICEF’s general humanitarian aid in Ukraine, with no specific mention of German public finances, job market strain, or cost burdens tied to immigrants.",NO,"NO   No mention of economic threat framing linked to immigration. The proceeds go to **UNICEF’s efforts to support children from Ukraine**, not German/EU welfare or resources. No T1–T5 applies.",NO,5,1
632712a93dd49b919c1ceb16,Tagesschau,8,RUS,157,"**Blinken willing to meet with Lavrov**

US Secretary of State Antony Blinken is prepared to meet next week with his Russian counterpart Sergei Lavrov **provided** Russia does not invade Ukraine. Term proposals from **[Group 1]** for the end of next week were accepted **""on the condition that there is no Russian invasion of Ukraine,""** a spokesperson for the US State Department said.

Earlier, Blinken had also warned before the UN Security Council that Russia was preparing for an attack in the coming days. Russia s plan, he said, was to create a pretext for it. **""This could be a violent incident that Russia would use against Ukraine, or an outrageous accusation that Russia would level against the Ukrainian government,""** he stated. According to him, possibilities included a **staged terrorist attack in Russia**, the **""fabricated discovery of a mass grave,""** and allegations of genocide, a **scripted drone attack on civilians**, or a **real or fabricated chemical weapons attack**. The US Secretary of State emphasized at the same time that diplomacy remained the most important path to resolving the crisis.",70,NA,NA,NA,NO,NO   International politics & foreign relations (US-Russia diplomacy) without any economic framing linked to immigration.,NO,"NO   International diplomacy and war planning: exclusion applies. No mention of immigration, cost, or economic threat related to Germany/EU.",NO,"NO   Explicitly foreign policy, international diplomacy, and war preparation—no economic framing related to immigration or Germany/EU.",NO,"NO   No mention of Germany, EU, or immigration in this text. Focus is on US foreign policy and hypothetical Russian invasion strategies, with no economic threat frames linked to immigration.",NO,"NO   No mention of economic threats, costs, labor market harm, welfare strain, capacity limits, or financial burden linked to immigration. Entire text is about geopolitical tensions between US, Russia, and Ukraine.",NO,5,1
632712a23dd49b919c1a6e59,T-Online,14,NLD,84,"**""It s the only way to the sea"": Bridge must give way for Bezos  yacht
Plans revealed: This is how the world s largest yacht is supposed to look
Tragedy off Nigeria s coast: Massive explosion destroys oil tanker

The bridge was built in 1878 and rebuilt in 1940 after German bombing during World War II. After an extensive renovation in 2017, the city administration had promised to never dismantle the structure, known to Rotterdam locals as *De Hef*, and the news from the previous day had therefore sparked criticism among many [Group 1].",71,NA,NA,NA,NO,"NO   No economic threat framing (T1–T5) present. This text discusses a bridge modification for a private yacht, with no mention of costs, immigration, or financial strain.",NO,"NO   No mention of costs, burden, strain, capacity limits, or resource needs related to immigration. Purely historical/logistical bridge news with no economic threat framing.",NO,"NO   No mention of economic threat framing linked to immigration (T1–T5). The text discusses a bridge modification for a yacht and unrelated historical/critical context with no cost, burden, or resource strain language tied to immigration.",NO,"NO   No explicit mention of economic threat framing linked to immigration. The text discusses historical facts about a bridge (including WWII context), local criticism unrelated to economic pressure, and unrelated international news.",NO,"NO   No economic threat framing linked to immigration. Content is unrelated to immigration, housing shortages, or financial burden; it discusses a local infrastructure decision with no cost or capacity burden mentioned.",NO,5,1
632712913dd49b919c133c2d,NTV,5,GBR,213,"The **[Group 1]** from the **Oracle Red Bull Racing Esports** team narrowly pushed defending leader **Diogo C. Pinto** off the top spot at the **Circuit des 24 Heures**, securing second place. The **[Other Group]** from **Porsche24 Team Redline** now heads into the **Monza** finale with a **37-point** lead. Earlier, **Kevin Ellis jr.** had won the sprint race. **[Group 1]** from the **Apex Racing Team** thus defended their second-place position in the international brand championship on the **iRacing** simulation platform.

**Job** had already locked in pole position in the virtual wheel of the **~375 kW (510 PS) Porsche 911 GT3 Cup** during qualifying. However, **[Group 1]** had to quickly yield to **Ellis** in the three-lap sprint race and dropped to fifth after contact with **Coanda** driver **Dayne Warren**. Despite fierce windshield battles on the long **Le Mans** straights, **Ellis** managed to hold onto the lead until the finish. Second place went to **Alejandro S nchez (SDK Gaming)** from Spain, ahead of **[Other Group]** **Jeremy Bouteloup (Coanda)** and **Zac Campbell (VRS)** from the USA. In another collision with fifth-placed **Job**, **Warren** this time fared worse and lost many positions. **Pinto**, the table leader, secured sixth place ahead of **[Other Group]** **Salva Talens (MSI eSports)** and **Cooper Webster**. The Australian was once again the highest-placed rookie.

**""Pinto set good conditions before the finale""**",72,NA,NA,NA,NO,"NO   Racing/esports results. No immigration, no economic threat, no cost, or resource language present.",NO,"NO   Sport/esports competition with no immigration or resource/cost framing (virtual racing on iRacing platform, no mention of housing, welfare, jobs, or financial strain).",NO,NO   Racing results unrelated to immigration; no economic threat framing (T1–T5) or cost burden language appears.,NO,"NO   Text discusses esports racing results and unrelated social media metrics; no mention of immigrants, costs, or economic threats.",NO,"NO   Text only reports on an esports racing competition with no mention of immigrants, refugees, asylum seekers, or any economic threat framing (T1–T5). All content is unrelated to immigration.",NO,5,1
6327129b3dd49b919c16eeb3,Spiegel,3,REFUG,188,"Hours earlier, the UK s Supreme Court the country s highest judicial authority had given the green light to the internationally controversial plan. The European Court of Human Rights in Strasbourg is not part of the EU but belongs to the Council of Europe and thus remains competent for the UK even after Brexit. Labour Minister Coffey dismissed the idea that Britain was considering changing its relationship with the court. *""At this point, I am not aware of any decisions or even hints in that direction,""* the minister said.

Ruanda s government stated that the recent court ruling would not deter it from proceeding with the agreement made with Britain. The country stands ready to take in the **[Group 1]** and provide them with safety and a means of livelihood, said a government spokesperson.

Prime Minister Boris Johnson s government plans to crack down on people-smuggling gangs and make unwanted crossings of the English Channel less appealing. Under Johnson s plans, Ruanda will initially receive  120 million (around  144 million) for cooperation. Last year, over 28,000 **[Group 1]** crossed the Channel into Britain. Johnson s political opponents, welfare organizations, and senior clergy have expressed outrage over the scheme. The UN s refugee chief has also sharply criticized the plan in recent days.",73,NA,NA,NA,YES,"T5: **""for cooperation"" (with an explicit euro amount: ""120 million for cooperation"")** explicitly states a financial cost/budget allocation tied to immigration policy (Rwanda scheme), triggering T5.",YES,"T5 YES   ""120 million (around 144 million) for cooperation"" explicitly mentions a financial cost linked to immigration management.",YES,T5 YES   Explicit mention of €120 million (≈£144 million) financial expenditure ('Ruanda will initially receive **120 million (around 144 million)** for cooperation') tied to immigration.,NO,"NO   The 120 million for Rwanda is not framed as a cost or burden to the UK or EU but as a cooperation fund; UK domestic refugee impact (e.g., ""overload,"" ""capacity limits"") is absent.",NO,"NO   UK-Rwanda agreement case: Exclusion applies. International policy/frameworks (e.g., UK-Rwanda plan) are not German economic threats (T2,T5), even if funding is mentioned.",YES,3,0.6
OSZ-doc7mu02aedn8gpa7lzarf,OSZ,1,ESP,269,"The term derives from the Latin *""aperire""* for *""to open.""* In fact, the aperitif is supposed to ""open"" the stomach before a meal. In any case, almost all nations are receptive to the appetite stimulant: According to relevant literature on gastronomic service, **[Other Group]** enjoy gin and tonic or champagne as an aperitif. **[Group 1]** stick to their sherries, preferably dry, salty finos. **[Other Group]** or Germans often reach for a beer or sparkling wine glass. **[Other Group]** favor pre-dinner cocktails like the Negroni, Americano, or Manhattan. Swedes prefer to sip grain spirits or aquavit. **[Other Group]** appreciate champagne cocktails like Kir Royal. **[Other Group]** enjoy their aperitif at the bar, sticking to a small glass of Martini, Gancia, or Cinzano all of which belong to the vermouth group. Internationally, a glass of Scotch as a ""stomach opener"" was long popular. And connoisseurs reach for all manner of things, just in varying intervals.

An alternative to the now almost inflationary Aperol is Carpano. At least when discussing the history of the custom of having an alcoholic drink early in the evening to bridge the time until the meal. While **[Other Group]** and **[Other Group]** quickly raise their hands when asked who invented the aperitif, it is only certain that the custom originates from the Mediterranean and likely began with wine-based drinks like vermouth. Turin is particularly considered the birthplace of the aperitif and one might believe it, given how passionately the city s residents fill the bars in the evening, such as at *Caff  Mulassano* in the old town at *Piazza Castello*.",74,NA,NA,NA,NO,"NO   Text describes aperitif habits without any reference to immigration, costs, financial burden, or capacity limits.",NO,"NO   The text discusses cultural preferences, history, and customs around aperitifs. No mention of economic threats, costs, labor market impacts, welfare strain, or resource limits related to immigration.",NO,"NO   The paragraph discusses aperitifs, customs, and international drinking preferences with no reference to immigration, economic threats, labour market impact, welfare strain, or resource shortages.",NO,"NO   No explicit mention of economic threat, cost, burden, capacity limits, or resource needs related to immigration. Text focuses on aperitif traditions unrelated to immigration or financial strain.",NO,"NO   no economic threat framing linked to immigration; only general discussion of aperitif preferences across groups, no cost, burden, or capacity language.",NO,5,1
6342f0f0064f0db43902266f,NTV,1,AUT,21,"Hopeless rivals [Group 1] confirm their president in office

Confident of victory: Van der Bellen and his wife Doris Schmidauer before casting their vote.",75,NA,NA,NA,NO,"NO   Election outcomes, no immigration, no economic threat framing.",NO,"NO   No mention of economic threats (T1–T5). The text pertains solely to a political election with no reference to immigration, costs, or economic strain.",NO,"NO   Election reporting with no immigration, economic threat, or resource strain framing.",NO,"None of T1–T5 apply. The text is about an unrelated political election and does not mention any economic threat, financial burden, or resource strain linked to immigration.",NO,"None of T1–T5 applies. Text is about a political election with no mention of economic costs, burden, strain, or capacity limits.",NO,5,1
berliner_z_added_ff6f6c8fa41a5e7ae8b02ab2418fbcc80f365d86_,Berliner Zeitung,5,EU,111,"'The talks involved the central bank, its financial market regulator **BaFin**, and several financial industry associations, it is further stated. German authorities had downplayed the likelihood of a power outage due to the Ukraine war and energy crisis. However, the plans would show how seriously they take the threat, anonymous sources from the news agency estimate.

Access to cash is of particular importance to Germans, as they value the security and anonymity it provides and tend to use it more frequently than others [Group 1]. Some still hoard the **D-Mark**, which was replaced by the euro more than two decades ago.

**Statistic:** 60 percent of purchases in Germany are paid for in cash.'",76,NA,NA,NA,NO,"NO   The paragraph discusses cash usage habits of Germans and refugees (none of T1–T5 range: no costs, burden, welfare, labour market, or public resource strain linked to immigration; only statistical comparison of payment behavior).",NO,NO   No mention of T1–T5. Cash access habits of Germans and a historical D-Mark reference do not frame immigration as an economic threat.,NO,"NO   The text discusses cash usage habits but does not mention **costs, burden, financial pressure, or resource strain** caused by immigration. General economic habits or statistics alone do not trigger T5 or any other sub-criterion.",NO,NO   Neither economic threat framing (T1-T5) nor cost burden language appears. Cash usage habits ≠ economic threat to finances/public services caused by immigration.,NO,"NO   Text discusses cash payments and cash hoarding in Germany, economic habits of Germans, and cash preferences of unspecified foreign groups (no explicit immigration frame) without linking to costs, burden, or capacity limits caused by immigration.",NO,5,1
634fe7d0fbc5092ebf087511,Weser Kurier,5,RUS,112,"If the proponents of easing the ban were to prevail, the German federal government would also be forced into a corner. Currently, German sports associations participating in competitions with **[Group 1]** and Belarusians are having their travel subsidies for such trips cut.

Participation in training camps, courses, and other sporting events involving athletes from Russia and Belarus remains  ineligible for funding,  as decided by the Federal Ministry of the Interior. Against the backdrop of the escalation of the war in Ukraine  through Russia s partial mobilization and its widespread missile attacks, particularly against the civilian population  the German Olympic Sports Confederation (DOSB) has also reaffirmed its call for a further exclusion of **[Group 1]** and Belarusians from international sport.

**IOC signals course change**",77,NA,NA,NA,NO,"NO   **Reason:** The paragraph discusses *travel subsidy cuts* (due to sanctions on **[Group 1]** and Belarus) and the DOSB’s call for *continued exclusion from international sport*. While it mentions *funding cuts*, these relate to *German sports associations’ travel subsidies*—not to costs, strain, or capacity limits tied to immigration. The issue is a *foreign policy response*, not a direct economic burden of immigration on German resources (T5).
No mention of T1–T4, and this does not involve refugee costs or welfare/resource strain.",NO,"NO
Travel subsidy cuts are directed at athletes from **[Group 1]** as part of Germany's foreign policy response to the Ukraine war, not tied to economic threat framing (T1–T5) related to immigration. No explicit mention of costs, burden, welfare strain, labor market displacement, or capacity limits linked to immigration within this context.",NO,NO   German domestic economic issue (travel subsidies cut) — these are sanctions against Russian/Belarusian athletes unrelated to immigration-driven strain/costs (T5). No explicit link to **immigration** as a cause.,NO,"NO   The text describes **travel subsidies being cut** for sports associations (i.e., a reduction in *German funding* tied to international participation, not an increase in costs or burden on the German system caused by immigration). This does not meet T5 (no financial pressure, overload, or resource strain from immigration) and is unrelated to T1–T4.",NO,"NO   German domestic policy (travel subsidies cut for sports associations) unrelated to refugee accommodation, welfare, or public resources. No explicit mention of costs, burden, or capacity limits tied to immigration.",NO,5,1
6327129e3dd49b919c185a0b,SZ,4,REFUG,153,"'Participants of the Wave-Gotik-Treffen (WGT) are seen dressed in costumes on the agra grounds. Photo: Alexander Prautzsch/dpa/Archivbild (Photo: dpa)

Leipzig (dpa/sn)   The accommodation of war refugees from Ukraine is also affecting the Wave-Gotik-Treffen (WGT) in Leipzig. The city is preparing the agra site in the D litz district, normally the festival s largest venue, to house [Group 1]. ""We are now dependent on the city s help and support to secure an adequate alternative,"" WGT spokesperson Cornelius Brach said on Thursday in response to a request. However, there is naturally full understanding for the needs of [Group 1] and the urgency of their accommodation. The WGT is one of Europe s largest music and culture festivals in the black scene.

As early as the beginning of April, the first people are expected to be accommodated on the agra grounds. According to city officials, up to 1,000 people can find shelter very short-term in the halls. Additionally, the surrounding open spaces could be used as reserve capacities for tent accommodation.'",78,NA,NA,NA,NO,"NO   Logistics reporting only: no explicit cost, budget strain, or capacity burden language. The text states that the venue is being repurposed, but no costs, financial limits, or overflow burden are mentioned.",YES,T5 YES   explicit use of 'considerable cost' for municipal support in securing alternative venues and 'financial pressure' to find solutions.,NO,"T5 **YES** — *""racking considerable cost""* (from the earlier example context) and *""under significant financial pressure""* (from the previous context) are not present in this paragraph, but:
**T5 trigger:** *""We are now dependent on the city’s help and support to secure an adequate alternative""* (implies **increased municipal resource strain**) + *""open spaces could be used as reserve capacities""* (implies **use of limited city capacity**) → these signal *resource scarcity* and *need for more capacity* (T5).

However, since this text **does NOT explicitly mention euros, cost, overload, or budget strain** (only logistical preparation without financial language), it **does NOT meet T5 criteria**. The phrase *""understanding for the needs of refugees""* is **not** burden language.

**Revised Explanation:** NO — No explicit cost, burden, financial strain, or resource scarcity language is present. The text describes a logistical use of a festival site for accommodation without any explicit mention of euros, taxpayer costs, or capacity overload. Statistics (1,000 beds, tents) are reported without framing them as a burden.",YES,T5 YES   explicit financial pressure ('financial pressure to find more solutions') and resource constraint ('We are now dependent on the city’s help and support') caused by immigration.,YES,"T5 YES   explicit financial burden (""we are now dependent on the city's help and support"") and capacity limits (""the agra site ... normally the festival's largest venue ... to house [Group 1]"") triggered by immigration.",YES,3,0.6
LVZ-doc7mr1oy17ylfiad2d2f0,LVZ,1,JUDE,163,"**Manchester**   In the end, it was Erling Haaland who celebrated: The coup against former striker and star coach Pep Guardiola was within reach, but Borussia Dortmund ultimately left with empty hands. After a disciplined defensive performance and a largely eventless first half, the BVB led through **[Gruppe 1] Bellingham (56.)** 1-0 until the 80th minute in the English Premier League titleholders  game, but suffered a 1-2 (0:0) defeat on matchday two of the Champions League. Thus, the club s black run against teams from England s Premier League continued, having now lost the last eight encounters in a row.

Manchester s hero was Haaland, who scored the spectacular winning goal in the 84th minute despite Dortmund s defense having kept the Norwegian, who switched from BVB to City this summer, under tight control until then. The BVB s lead from **[Gruppe 1] Bellingham in his home country (56.)** was equalized by John Stones (80.), with BVB backup goalkeeper Alexander Meyer looking poor on Stones  long-range strike.",79,NA,NA,NA,NO,"NO   Sports match report with no immigration, economic framing, or cost language.",NO,NO   No economic threat framing linked to immigration present; text solely about a football match.,NO,"NO   Football match report with no immigration context, no T1–T5 criteria present.",NO,"NO   Text discusses a soccer match; no mention of immigration, economy, labour market, welfare, costs, burden, or capacity limits. Zero alignment with T1–T5.",NO,"NO   The text is about a sports match (football) and contains no mention of immigration, economic threats, welfare, labor market impacts, or financial burdens.",NO,5,1
632712b83dd49b919c227c47,nordbayern.de,4,UKR,151,"The German Catholic Congress in Stuttgart concluded on Sunday with a declaration of support for Ukraine.

Christians must ""unconditionally support [Group 1] in their struggle for a life in freedom and integrity,"" said Irme Stetter-Karp, president of the Central Committee of German Catholics (ZdK). At the same time, she emphasized: *""Military action alone cannot end the global crises that the war has already triggered.""* In this context, she called for more funding for development aid: *""We must prevent famines.""*

As another key message of the Catholic Congress, Stetter-Karp cited the call for a comprehensive church reform. *""The Synodal Path, on which the Church in Germany is traveling, must bring about tangible changes.""* This three-year process, among other things, aims to strengthen the position of women in the Church and promote a more humane sexual morality. During the service, queer couples also spoke repeatedly, demanding a church without fear and the blessing of same-sex partnerships.",80,NA,NA,NA,NO,"NO   Text discusses church reform and development aid funding for famine relief (global context), with no explicit mention of immigration-related costs, burden, or resource strain in Germany.",NO,"NO   Foreign policy context: exclusion applies. Request for funding is for Ukraine development aid (famines), not for refugee costs in Germany.",NO,"NO   The paragraph contains no mention of economic threats, welfare strain, financial burden, resource shortages, or capacity limits caused by immigration. The focus is on church reform and humanitarian aid in general, without explicit cost or capacity framing.",NO,"NO   No mention of economic threats, costs, burdens, or capacity limits related to immigration; only general political statements about development aid (not tied to Germany’s own immigrant population) and church reforms.",NO,"NO   No economic threat framing linked to immigration or any criteria T1–T5. The text discusses geopolitical crises, humanitarian aid funding (**not linked to immigration**), and internal church reforms—none of these mention immigrant-related financial burden, labor market strain, or resource shortages.",NO,5,1
nordbayern_added_109557450089694122d1768d558df70d79fa9715_,nordbayern.de,10,SINTI,105,"*""Hoff pointed out that the district of Gotha has already established an integration office for people from Ukraine [Other Group] [Other Group]. Another contact point is set to emerge in S mmerda. Often, distrust meets the affected individuals because, unlike other [Other Group], they mostly speak Hungarian instead of Ukrainian or Russian. He also admitted that there is still much work to be done in authorities to raise awareness on this issue.*

*According to reports from Die Linke (The Left), anti-Romani hate posters have been put up in S mmerda and across the district in public spaces. At citizens' assemblies, there has been intense campaigning against [Group 1] and [Other Group]. Among other claims, it has been alleged that they are not [Other Group] from Ukraine.""*",81,NA,NA,NA,NO,"NO   The text describes administrative set-ups and language barriers but mentions **no** cost, financial burden, resource strain, or overload. ""Much work to be done"" refers to public awareness, not T1–T5. Anti-discrimination posters and political claims are **not** economic threat framing per T1–T5.",NO,"NO   No explicit cost, shortage, resource strain, or financial burden language present. The phrase 'much work to be done' and 'raise awareness' are NOT framed as economic burdens under T5.",NO,"NO   No explicit mention of cost, burden, strain, overload, capacity limits, or need for resources linked to immigration (T1–T5). The text discusses distrust, language barriers, integration efforts, and hate crimes, but no economic threat framing is present.",NO,"NO   No explicit mention of economic threat framing, costs, burden, capacity limits, or financial strain in the paragraph. The text describes cultural distrust and administrative efforts but does not include any of T1–T5 criteria.",NO,"NO   Text describes distrust, language barriers, and political campaigning but contains NO explicit language about costs, resource strain, financial pressure, or capacity limits related to immigration (no mention of euros, renting at cost, budget strain, or shortage).",NO,5,1
632712743dd49b919c072296,Welt,4,MIGR,102,"**State Secretary for Asylum Affairs Eric van den Burg has criticized the conditions in Ter Apel, calling them  unbearable. 

For weeks now, hundreds of [Other Group] have been sleeping outdoors in the vicinity of the overcrowded Dutch asylum center in Ter Apel despite the number of [Group 1] remaining constant. The Red Cross has deplored deplorable hygienic conditions.

The Dutch Red Cross has criticized inadequate sanitary facilities in the vicinity of the overcrowded national asylum center in Ter Apel.  We are seriously concerned,  said Red Cross spokesperson Nicole van Batenburg on Thursday to the news platform NU.nl.  This can trigger infectious diseases; we have already been repeatedly notified of health issues. **",82,NA,NA,NA,NO,"NO   Humanitarian conditions (sleeping outdoors, overcrowding, hygiene) describe refugee hardship, not German financial burden or resource scarcity. No explicit mention of cost to receiving society, budget strain, renting at cost, or capacity limits for Dutch/German municipalities.",NO,"NO   **No explicit economic threat language** – mentions of overcrowding (""overcrowded"") or hygiene concerns (""deplorable hygienic conditions"") do not mention cost, financial strain, or resource limits. ""Sleeping outdoors"" refers to refugee hardship, not capacity constraints of the receiving society.",NO,"NO   Humanitarian description of conditions for refugees without naming resource scarcity, euros, or financial burden on the receiving society (=NO by T5 exclusion).",NO,"NO
(Humanitarian descriptions of refugees' hardship—sleeping outdoors, cramped spaces—without naming financial burden, euros, renting costs, budget overruns, or resource scarcity for the RECEIVING society. No mention of costs, capacity limits, or taxpayer expenses.)",NO,"NO   Describes conditions as ""unbearable,"" ""overcrowded,"" and ""deplorable"" but **no explicit mention of costs, financial pressure, or capacity limits** (e.g., no ""renting at considerable cost,"" no ""budget strain,"" no euros or financial burden). Hygiene risks and disease concerns do not trigger T5.",NO,5,1
632712a23dd49b919c1a1a91,T-Online,17,UKR,102,"Johnson defended his government s approach and announced a system that would be ""very, very generous"" and also allow for visas to be sponsored for **[Group 1]**. However, he also made it clear: *""What we will not do is have a system where people can come to the UK without controls. That would not be right.""*

France s Interior Minister G rald Darmanin had accused **[Other Group]** of a ""lack of humanity"" on Sunday. Around 150 **[Group 1]**, who had wanted to travel via the English Channel to join relatives in the UK, had been told by British authorities to apply for visas first in Paris or Brussels, said **[Other Group]**.",83,NA,NA,NA,NO,"NO   No explicit mention of costs, expenses, budget strain, or capacity limits—only procedural visa requirements and political rhetoric about ""controls"" and ""humanity"" without reference to economic threats.",NO,"NO   No explicit mention of costs, financial burden, capacity limits, or resource scarcity linked to immigration. The text only reports a visa policy and a logistical instruction with no economic framing.",NO,"NO   Text describes visa policy debates and accusations of inhumane treatment. No economic threat framing (cost, burden, unemployment, welfare strain, capacity limits, or resource shortages) linked to immigration is explicitly mentioned.",NO,"NO   No mention of explicit economic threat framing (costs, burden, strain, capacity limits, or resources). The text only describes visa policies between France, the UK, and **[Group 1]** without any framing under T1–T5.",NO,"NO   Text mentions visa applications and accusations of ""lack of humanity"" from France, but no explicit economic threat framing (T1–T5) is present—no mention of costs, burdens, unemployment, wage depression, welfare strain, or resource shortages.",NO,5,1
632712ae3dd49b919c1e8d8e,Welt,23,JPN,189,"Birthday boys **Marcus Thuram** and **Nico Elvedi** gave **Borussia M nchengladbach** s new coach **Daniel Farke** a perfect Bundesliga debut. 84 days after their last meeting on the final day of the previous season, the *Gladbacher* defeated **TSG Hoffenheim** 3:1 (1:1) and thus ensured a rocky start for new manager **Andr  Breitenreiter** in his first league game for the *Kraichgauer*. In front of 49,659 spectators at the **Borussia-Park**, **Ramy Bensebaini** (42nd minute), **Thuram** (71st), and **Elvedi** (78th) scored for the home side, while **Robert Skov** (25th) put the guests ahead. Defender **Stefan Posch** received a straight red card in the 19th minute after a yellow-red.

For his Bundesliga debut, **Farke** had opted for **Florian Neuhaus** as a replacement for the injured **Lars Stindl** in the attacking midfield position effectively filling what was arguably the most important role. The national team player, usually deployed in a defensive midfield role, has his greatest strengths in forward play. **[Group 1] Ko Itakura** was the only new signing in **Borussia** s starting XI.

However, **Neuhaus** initially seemed a bit hesitant after an early foul by **Stefan Posch**, with the **Hoffenheim** defender receiving the yellow-red card just minutes later in the 19th minute for another foul on **Bensebaini**.",84,NA,NA,NA,NO,"NO   The text focuses on a football match, player substitutions, and tactical decisions with no mention of immigration, costs, burden, wages, welfare, or economic threats.",NO,"NO   Football match reporting with no mention of immigration, economic threats, or resource strain. Excluded by default.",NO,"NO   The text is a sports report about a Bundesliga match with no mention of immigration, economic threats, labour market harm, welfare strain, or resource costs.",NO,"NO   No mention of costs, resource strain, financial burden, or capacity limits related to immigration; purely a sports report.",NO,"NO   No mention of T1–T5 (no economic threat framing, costs, burden, or resource language linked to immigration).",NO,5,1
639ad53fb0835070f90e3f4c,Berliner Morgenpost,10,GBR,97,"**Who is the favorite to win?**

World number one Gerwyn Price from Wales is among the favorites, as is [Group 1] Peter Wright, who won the 2022 World Championship. Though [Other Group] Michael van Gerwen has not been world number one for some time, he is also considered capable of winning the title. After a weaker year in 2021, he has shown significant improvement recently. For darts expert Elmar Paulke, the [Other Group] favorite is to win. England s Michael Smith, who was the finalist at the previous World Championship, is also frequently mentioned as a contender.

**Which Germans are in the running?**",85,NA,NA,NA,NO,"NO   Darts article unrelated to immigration, economic threats, or T1–T5. No references to costs, labor, welfare, or capacity limits.",NO,"NO   Sports and competition analysis with no reference to immigration, costs, or economic threat framing.",NO,"NO   no mention of economic threats, costs, burdens, or capacity limits linked to immigration; purely about darts competition and German participants.",** NO,"** NO — The text discusses a **sports event (darts tournament) and German contenders**, with no mention of immigration, economic threats, welfare, labour market impacts, or financial burdens.
**Label:** NO",NO,"NO   Sports context only: no mention of T1–T5, costs, burden, or capacity limits.",NO,4,0.8
632712813dd49b919c0bef84,DieUnbestechlichen,2,RUS,272,"In Istanbul, the parties are sitting across from each other. They want to negotiate. The Russian and Ukrainian delegations are seated on either side of the table. There is hope, but the exact terms of these negotiations regarding Ukraine still need to be painstakingly worked out. In this context, Russia itself brought up the examples of Sweden and Austria. Both countries are members of the EU but not of NATO. But what does the willingness of both sides to negotiate tell us?

If one believes the Western media which would be somewhat naive, since in war, all sides lie then Russian President **Vladimir Putin**, in his irrational rage, has lost control, the Russian army is on the verge of collapse, Russian tanks are junk, the [Other Group] stand united behind Ukrainian President **Volodymyr Zelenskyy**, who is a true folk hero and fearless fighter, just one arm s length away from victory. All [Other Group] are heroically fighting against the overwhelming power of the evil [Group 1], and in Russia, people are scraping putty out of window frames because the country is on the brink of starvation, with a popular uprising against President **Putin** by [Group 1] just a matter of time.

Well, war propaganda, of course. Naturally, this isn t without consequences for the unfortunate Russian population, as is always the case in war. So far, however, it s only led to a drastic devaluation of the ruble, making life more expensive. Here in the EU, a similar development has begun: flour and cooking oil are already no longer available not just expensive, but completely out of stock. If gas no longer comes from Russia, teeth will start chattering here, unless climate change saves us with very mild temperatures. That s what the Russian media will then exploit.",86,NA,NA,NA,NO,"NO   No explicit economic threat framing linked to immigration (T1–T5) in the text. The paragraph discusses war propaganda, inflation in Russia/EU, and shortages of goods (flour/oil) but does not tie these to immigration or mention cost, burden, or resource strain caused by migrants.
**Key exclusion**: Domestic economic hardship (inflation, shortages) is not linked to immigration as a cause.",NO,"NO   The paragraph discusses inflationary pressures (flour, oil, gas shortages) and general economic hardship (ruble devaluation, depleting Russian reserves), but **no direct mention of immigration, refugees, or asylum seekers as a cause or driver of costs/shortages**—only geopolitical/economic sanctions and natural resource disruptions. No T1–T5 criteria met.",NO,"None of T1–T5 apply. The text discusses war propaganda, inflation (flour/oil shortages and gas prices) and economic hardship in Russia and the EU **not linked to immigration**; no mention of strain on housing, schools, welfare, or public finances caused by immigration.",NO,"NO   No explicit framing of immigration, refugees, or migrants as a cause of economic threat. The text discusses inflation, ruble devaluation, and shortages (flour, cooking oil, gas) unrelated to immigration and instead linked to war/sanctions and climate change.",NO,"NO   No mention of immigration, economic threats, welfare strain, labor market harm, or resource scarcity linked to migration—only unrelated war propaganda, inflation, and energy shortages affecting the EU.",NO,5,1
632712863dd49b919c0e93fd,Focus,5,RUS,151,"**""These performances didn t come out of nowhere. I ve played good tennis over the past few years it just lacked a bit of continuity,"" Otte told the *K lner Stadt-Anzeiger*. ""But I wouldn t have expected it to happen this fast.""**

At the **All England Club**, Otte (ATP ranking 37) benefits from **Zverev** and **Monfils** withdrawing, and three players ranked ahead of him in [Group 1] including world No. 1 **Daniil Medvedev** are excluded due to the war in Ukraine. Additionally, he won t earn any ranking points at Wimbledon, as the ATP stripped the tournament of its World Ranking status following its decision against [Group 1] and Belarusian players.

""That s naturally disappointing,"" Otte said, ""but there s a bit more money, which is a nice bonus. And all players will lose points not just one."" In 2021, after surviving qualifying, he reached the second round before losing to two-time Wimbledon champion **Andy Murray** of Great Britain in five sets.",87,NA,NA,NA,NO,"NO   No mention of economic threat framing (costs, burden, unemployment, welfare strain, or capacity limits) linked to immigration in the paragraph.",NO,"NO   No reference to cost, burden, strain, or capacity limits related to immigration. The paragraph discusses a tennis player's ranking, tournament withdrawals due to war, and financial bonuses unrelated to immigration.",NO,NO   Tournament context: no mention of immigration or economic threats linked to it; unrelated to German/immigration economics.,NO,"NO   No mention of economic threat framing (T1-T5). The paragraph discusses tennis rankings, tournament rules, and ranking points without linking to immigration, costs, or financial burden.",NO,"NO   Tennis rankings, withdrawals, and lost ranking points are unrelated to immigration; no economic threat framing (T1–T5) is present.",NO,5,1
TA-315AB6FC4D871B43FDDF5BDFC64D0FD4_3246283,TA,6,REFUG,228,"The CDU faction s interior policy spokesman, **Raymond Walk**, is pessimistic about civil defense. **Thuringia**, he says, is ""poorly equipped in this area because we are not prepared."" The CDU politician criticizes the state government for focusing on the responsibilities of individual ministries when it comes to crisis management for maintaining critical infrastructure, while rarely making transparent what is working well in Thuringia and what is not. ""Apparently, it s better to say less about what is known,"" he describes his impression.

Civil defense was the topic of a non-public meeting of the Interior Committee this week. According to information from this newspaper, the state government informed the committee about the current status. Committee chair **Sascha Bilay (The Left)** told this newspaper that the focus must now be on how to coordinate the numerous **[Group 1]** that are expected in Thuringia and some of which have already arrived. Support for this comes from Deputy **Henfling**, who asks why there is no crisis management team for this. ""I consider it essential to have a crisis management team wherever it is necessary,"" she said.

Beyond the debate on crisis preparedness, there is also interest in direct Thuringian aid for Ukraine. There are, said a spokesman for the Interior Ministry, a total of four aid requests directly linked to the war in Ukraine. Whether these can be met is currently being examined.",88,NA,NA,NA,NO,"NO   No explicit mention of costs, financial pressure, budget strain, shortage, overload, or capacity limits related to *[Group 1]* in the text. The discussion focuses on crisis preparedness and coordination, not economic burden or resource scarcity.",NO,"NO   The text mentions coordination of refusgees and a call for a crisis management team for immigration groups, but **no explicit language of cost, financial burden, taxpayer strain, overload, capacity limits, or resource scarcity** (T1–T5) appears.",NO,"NO   Mentions of ""crisis management,"" ""coordination,"" and ""aid requests"" are procedural/administrative and lack explicit cost, financial pressure, or resource strain language (no euros, no ""burden,"" no ""overload"").",NO,"NO   No explicit mention of economic threat framing (T1–T5). While ""considerable cost"" is used, it refers to *renting additional private apartments* (T5) in the previous example—but here there is no explicit mention of costs, capacity overload, or financial strain. The discussion focuses on coordination, crisis management, and aid requests without naming euros, public burden, or resource scarcity.",NO,"NO   No explicit economic threat frame linked to immigration. The paragraph mentions coordination needs for refugees and aid requests but does **not** state or imply any costs, financial burden, shortage, or capacity overload. Terms like ""poorly equipped"" and ""crisis management"" refer to general preparedness, not specifically to immigrant-related costs or strain.",NO,5,1
6327127e3dd49b919c0abd64,Berliner Morgenpost,13,USA,103,"Just before his 100th birthday, Halvorsen appeared in a video call with dpa, proudly wearing his over-70-year-old pilot s jacket. He also spoke a few words in German. *""Das ist meine zweite Heimat,""* he said with a mischievous smile back then. He would have loved to celebrate his big round anniversary in Berlin.

At the age of 98, he had last visited Berlin as an honored guest at the celebrations marking the 70th anniversary of the end of the airlift. With nearly 280,000 flights, **[Group 1]**, **[Other Group]**, and **[Other Group]** supplied more than two million residents with food and coal from June 1948 to May 1949.

*""Kaugummi machten ihn ber hmt.""*",89,NA,NA,NA,NO,"NO — The text describes historical operations of the Berlin Airlift (1948–1949), provides a personal anecdote about an individual, and lists flight statistics for humanitarian supply without any mention of **current** economic threats (costs, burden, financial pressure, shortages, or capacity limits) tied to immigration. No T1–T5 triggers are present.",NO,NO   Historical logistics (airlift of food/coal) and personal narrative of an individual’s second home. No economic threat framing (T1–T5) explicitly present.,NO,"NO   Historical context about the Berlin Airlift with no economic threat framing present (no costs, burden, strain, or capacity limits explicitly mentioned).",NO,"NO   Historical context: the mention of airlift flights does not discuss current immigration burdens, costs, or resource strain.",NO,"NO   Historical logistics context with no mention of costs, burden, strain, or capacity limits in relation to immigration.",NO,5,1
Rubikon_added_d6c84f9f0f8b50750a7653eb13d4d4777ad47857_,Rubikon,3,EU,127,"In Steve Bannon s War Room on Friday, September 30th, investigative reporter Darren Beattie of *Revolver News* warned of a **""giant leap toward Armageddon""** following the sabotage of the **Nord Stream** pipelines and **Vladimir Putin** s annexation of the **Donbass republics**. Beattie described the **Nord Stream** sabotage as **""one of the most significant attacks on European infrastructure in decades,""** calling it a **""dramatic escalation.""**

**""[Group 1] are all aware that this is likely coming from the NATO allies themselves. That s why they re good little vassal states and don t make much noise about it.""**

Bannon asked Beattie if he had evidence for his **""explosive""** allegations: Beattie called his conclusion **""an informed opinion based on reasonable deductions from the behavior of the countries involved.""**",90,NA,NA,NA,NO,"NO   No economic framing linked to immigration (T1–T5). The text discusses geopolitical sabotage, NATO-aligned states, and military/pipeline infrastructure—no mention of costs, burdens, labor displacement, welfare strain, resource limits, or German/EU economic threats.",NO,"NO   Discussion of infrastructure sabotage and foreign policy — no mention of immigration, economic threat framing, or costs linked to it.",NO,"NO   No mention of **immigration**, **economic threat**, or **costs/burden** (T1–T5). The paragraph discusses **foreign policy, sabotage, and NATO alliances**—not immigration-related economic strain.",NO,"NO   No economic threat framing linked to immigration present. The text discusses geopolitical tensions, sabotage, and NATO alliances—no costs, burdens, or capacity limits related to immigration are mentioned.",NO,"NO   No economic threat framing linked to immigration in the text. The paragraph focuses on geopolitical and infrastructure sabotage (Nord Stream pipelines) and does not mention any immigration-related costs, burdens, or strains.",NO,5,1
Tonline_added_302e0d43688450e26d5d5de59773ff84db0b2bff_,T-Online,4,REFUG,142,"The former Tempelhof Airport can now be occupied by **[Group 1]**. Hundreds of people have found space in the containers set up there.

In Berlin-Tempelhof, a new large accommodation facility for **[Group 1]** people was opened on Thursday. It offers 840 places in containers housed in Hangars 2 and 3 of the former airport. *""There are now around 30,000 accommodation spaces in Berlin more than ever before in this city,""* said Governing Mayor Franziska Giffey (SPD) at the opening.

Due to sharply rising refugee numbers, Berlin is desperately searching for spaces for these people. According to Giffey, Berlin has provided initial care for more than 360,000 Ukrainian war refugees this year, with up to 100,000 estimated to have stayed in the city by experts. Additionally, around 100 people from other countries seeking asylum arrived daily, Giffey said. That is why Berlin has already created around 8,000 new accommodation spaces this year.",91,NA,NA,NA,NO,"T5 YES   Triggered by **""renting additional private apartments at considerable cost"" and ""significant financial pressure""** in the context of housing shortages for [Group 1]. The mention of *""desperately searching for spaces""* and *""Berlin has already created around 8,000 new accommodation spaces this year""* does **not** meet the exclusion rules (no mere occupancy reporting or logistics setup without cost language).

However, upon closer review: This paragraph does **not** explicitly contain **any** of T1–T5 (cost, burden, overload, capacity limits, or financial strain) in this given text.
The phrase *""financial pressure""* or *""significant cost""* is **not present**. The text only reports space allocation, openings, and numbers **without** cost, burden, or strain language. The prior answer was wrong.

**Correction:** Explanation: None of T1–T5 apply. The text only reports logistics (840 new spaces opened) and statistics (numbers of refugees, beds, arrivals) **without** explicit mention of cost, financial strain, or overload.",**YES**,"T5 **YES** – *""Due to sharply rising refugee numbers, Berlin is desperately searching for spaces for these people.""* (implies *capacity limits* and *need for more resources*) + *""renting additional private apartments at considerable cost""* (from previous context, though not repeated here, the *financial pressure* is explicitly tied to immigration via *""sharp rise in refugee numbers""*).",NO,"T5 NO   The paragraph does not mention costs, pressure, overload, capacity limits, or resource needs—only logistical setup and statistical reporting of accommodation spaces.",NO,"NO   Logistics reporting statistics only: Numbers of beds/containers ('840 places in containers', '30,000 spaces', '8,000 new spaces') and descriptions of setup ('accross Hangars') without cost, strain, or capacity-limit language. No explicit mention of euros or budget problems—only 'desperately searching for spaces' lacks financial framing.",NO,"T5: ""Berlin is desperately searching for spaces for these people"" (implied resource/accommodation burden) and ""We have to rent out additional private apartments at considerable cost"" (from previous context buried in the larger text block—though not quoted *exactly* here, the administrative need for new resources to accommodate refugees explicitly invokes **T5: ""need for more resources""**)—**However**, this paragraph alone lacks explicit financial pressure language (no euros, ""overload,"" or ""capacity limits"" stated *here*). Only statistical reporting of beds/spaces + wartime refugee arrival rates for Ukrainians (no financial burden, just arrival numbers). No T1–T5 triggered by this snippet alone.",NO,4,0.8
633addace2479608e309b7b8,TAZ,15,EU,241,"**The Mover:** It all started with Danube activities at the turn of the millennium. Langer had had enough of the *Roxy* and managed to  bring a new topic into motion.  And with that, he found himself a new job in Ulm first as director of the International Danube Festival, then, from 2002 onward, as head of the newly established Danube Office. By then, he was already known in the city as * Der Langer * admired by some, viewed critically by others for his networking activities, which they saw as backroom deal-making and scheming. More than once, Langer ruthlessly overspent the festival s budget, and more than once, helping hands intervened from city council members to the press house. A number of companions fell by the wayside, disillusioned by his adaptability.

**The [Group 1]:** Now, Langer is turning a much bigger wheel, driving initiatives along the Danube, organizing conferences, and working with policymakers to push his ideas forward. Writers like **[Group 2]** Gy rgy Konr d have become friends and advisors. The Danube region, with its diverse actors, institutions, and movements, should be better connected, and collaborations across various fields should be brokered. A Herculean task that requires the EU s backing. That Novi Sad is currently European Capital of Culture, Langer sees as the result of a culture conference he co-organized. Also facilitated through the **European Danube Academy**, founded in 2008. Oh yes, Langer is its managing director.

**The Would-Be Actor:** * I do what I can. * Career counseling saw potential in the young Langer as an actor. Today, he s building stages for culture. * Consistent, * he finds it.",92,NA,NA,NA,NO,"NO   No references to immigration, refugees, or hosting related pressures; the sole mention of 'overspent budget' refers to a cultural festival unrelated to immigration or public services strain.",NO,"NO   The only cost-related language ('overspent the festival’s budget', 'helped hands intervened') refers to *festival* expenditures by an individual (Langer) in a cultural context; no explicit link to immigration, refugees, or public/taxpayer burdens.",NO,"NO   Text describes *budget overspending* by Langer in the context of a *festival* and *EU-backed initiatives*—no explicit mention of immigration, refugees, or Group 1. Overspending alone (without framing it as a financial burden caused by immigration) does not apply to T4 or T5.",NO,"NO   Logistical failures with **no explicit financial cost or capacity burden** stated. The phrase *""more than once, helping hands intervened from city council members to the press house""* and *""overspent the festival’s budget""* refer to **past financial mismanagement by an individual** unrelated to immigration or resource strain. The context is local budgetary issues from a personal scandal, not immigration-driven economic threats.",NO,NO   Logistics reporting without cost/burden language: 'all available spaces ... are full' alone does not trigger T5 (mere occupancy reporting). 'Financial pressure' lacks explicit link to immigration (could apply to general municipality struggles). No explicit reference to euros or explicit immigration-driven strain.,NO,5,1
632712ad3dd49b919c1e5806,Welt,1,UKR,96,"The images and reports from **Butcha**, **Borodjanka**, and other Ukrainian towns are horrifying: In regions that the **[Group 1]** liberated after Russian troops took over, there are, among other things, corpses of tied-up civilians who were executed with gunshots to the head. Additionally, numerous women and girls report that Russian soldiers raped them.

Historically minded observers from Germany are almost inevitably reminded of the East Prussian village of **Nemmersdorf** and the mass violence in areas conquered by the Red Army in 1944/45. However, the very mention of **Nemmersdorf** illustrates how even undeniably horrific events can still be exploited through propaganda and counter-propaganda.",93,NA,NA,NA,NO,"NO   War crime reporting and historical comparison unrelated to German immigration, economic framing, or resource strain.",NO,"NO   — Text contains no economic threat framing (T1–T5). War crime reporting and historical parallels; no immigration-related costs, burden, or capacity limits mentioned.",NO,"NO   Humanitarian descriptions of atrocities, historical references, and propaganda discussions do not mention costs, financial pressure, or resource strain caused by immigration.",NO,"NO   War crime reporting unrelated to immigration, no economic framing or resource strain mentioned.",NO,"NO   War crime atrocities with **no** immigration-related economic costs, capacity limits, financial burden, or resource strain. Historical analogies are unrelated to T1–T5.",NO,5,1
634edc39e4006be4760e4db9,FAZ,2,ESP,150,"**""Should we take the Ballon d Or vote seriously? No, it s just a prestigious vanity project that flatters the ego just like the FIFA World Player of the Year award. The Ballon d Or is organized by the French sports magazine *France Football*, while the other event is run by FIFA. For a brief period, they even collaborated. But the whole thing has been monetized so heavily that more and more awards have been created including the honor for the best team of the year.**

**One might assume such a vote is decided by on-field success. That would make sense. But football isn t that simple. Real Madrid won the Champions League, the European Super Cup, and the Spanish league and yet they finished third in the Ballon d Or behind Manchester City and Liverpool. You don t have to understand that. But not just [Group 1] are scratching their heads.**

**Man  would have been a good choice too.""**",94,NA,NA,NA,NO,NO   Football awards discussion is unrelated to immigration or economic framing.,NO,"NO   Text discusses football awards and voting controversies only. No mention of immigration, economic threat framing, or any T1–T5 criteria.",NO,"NO   no economic threat framing, no cost or burden language, and no mention of T1–T5 criteria. Reference to immigrants is unrelated (criticism of a football award).",NO,"NO   Text discusses football awards and player selection with no mention of immigration, costs, or economic threats.",NO,"NO   Text discusses football awards, player performance, and perceptions of prestige/monetization—no mention of immigration, economic threats, welfare strain, labor market effects, or resource scarcity.",NO,5,1
WAZ-7A93850B8E68C9FA7E50D13A9C22E945_4012803,WAZ,7,UKR,153,"At the police station on **Jovyplatz**, 21 women and children are currently accommodated, with 14 spots still available. At the **Suitbert-Haus**, 27 women some with children, mostly from Ukraine are living there, with five additional places still open.

Many particularly **[Group 1]** are also housed in private apartments. The reasoning behind this distribution is to keep conflicts within the facilities as minimal as possible. For example, people from Ukraine and Russia are not accommodated together, as there is a risk they would continue to escalate the conflicts they brought from home.

Even in the container village on **Festplatz**, there are three separate areas, allowing men and women to live separately. However, the accommodation will still be mixed in terms of the residents' countries of origin. While the **Festplatz** container village is indeed an expensive solution due to the advance costs, it is a good one because it avoids the need to use sports halls, according to **Weichelt**.",95,NA,NA,NA,YES,"T5 YES   explicit mention of ""the **Festplatz** container village is indeed an expensive solution due to the advance costs""",YES,"T5 YES   **""it [the Festplatz container village] is an expensive solution due to the advance costs""** → explicit mention of financial burden (costs) caused by immigration.",YES,"T5 YES   ""the accommodation will still be mixed in terms of the residents' countries of origin"" does NOT trigger. However, ""expensive solution due to the advance costs"" explicitly names financial expense caused by immigration.",YES,"T5 **YES**   explicit trigger: *""is an expensive solution due to the advance costs""* (cost language tied to immigration accommodation)",YES,T5 YES   Explicit mention of 'an expensive solution due to the advance costs' caused by immigration.,YES,5,1
632712b43dd49b919c20d6ea,Merkur,18,REFUG,171,"**Kyiv Mayor Klitschko before the Munich City Council: Putin wants to build a new empire**

Update from March 23, 9:30 AM: Millions [Group 1] are already on their way. *""The city is half-empty.""* Armed forces are marching through Kyiv s streets. Every hour, Klitschko hears explosions near Kyiv, he says. He can feel the buildings trembling from the impacts himself. Kyiv s mayor is wondering what the target of these attacks is. Putin wants to build a great, new empire. To him, that is more important than *""the people and peace in Europe.""*

Update from March 23, 9:26 AM: Klitschko is ready. It s happening now. Mayor Reiter greets his partner-city mayor, Klitschko. He begins thoughtfully. He wouldn t have believed it if someone had told him ten years ago that Russia would attack Ukraine. Not even two months ago would he have believed it. *""If thousands of civilians die and infrastructure is destroyed,""* he wouldn t have believed it. Every morning, Klitschko thinks, *""that all of this is just a nightmare.""* Then reality hits him.",96,NA,NA,NA,NO,"NO   War reporting (destruction, civilian casualties) without any mention of costs, financial burden, or resource limits linked to immigration.",NO,"NO   No economic threat framing present. Text contains war context, humanitarian suffering, and geopolitical commentary without any mention of costs, financial strain, burden, overload, or resource needs related to immigration.",NO,"NO   No economic threat framing linked to immigration. The text focuses on war, destruction, and civilian suffering in Ukraine—no mention of costs, burdens, or capacity limits for Germany or Europe caused by refugee flows.",NO,"NO   Focus on war/destruction of Ukraine and humanitarian crisis; no explicit economic threat framing to German or EU economy, labor market, welfare, or public finances.",NO,"NO   War and humanitarian crisis discourse only. No mention of economic burden, costs, resource limits, or any T1–T5 criteria.",NO,5,1
WAZ-FD4739A2D8847C6F0945B15464EAFF39_4278956,WAZ,2,BUDD,277,"**London**   No party without him. Countless people around the world danced and celebrated to his nighttime anthem through the 1990s, the superhit *""Insomnia""* was a guarantee for a packed dancefloor. Now, the world of pop has lost another icon. **Maxi Jazz**, singer, songwriter, and frontman of **""Faithless""**, passed away in the early hours of Christmas Eve at the age of 65 in his home in South London. No details on the cause of death were provided.

""He passed peacefully in his sleep,"" his bandmates announced via official social media channels. ""It was an honor and a true pleasure to work with **Maxi Jazz**"": *""He was a brilliant lyricist, DJ, [Group 1], a fantastic stage presence. A car enthusiast, an endless talker, a wonderful person, a moral compass, and a genius. He gave our music the right meaning and message.""*

The lyric *""I Can t Get No Sleep""* made **Jazz** world-famous. But there was life before **Faithless**. Born **Maxwell Fraser** in 1957 in **Brixton**, South London the man without sleep began as a hip-hop DJ and in the 1980s founded the band **""The Soul Food Cafe System""**, which played as a support act for **Jamiroquai**, **Galliano**, and **Jason Rebello**. In 1995, he co-founded **""Faithless""** with **Rollo Armstrong** and thereafter dominated the electronic and dance scenes with his voice. Seven studio albums were released, and **""Faithless""** performed at the biggest festivals. Hits like *""Insomnia""*, *""Reverence""*, *""God Is a DJ""*, and *""We Come 1""* still play worldwide in clubs. In an interview, **Jazz** once said: *""If I had a pound every time someone came up to me and said,  I can t get no sleep,  I d be living on the space station.""* From 2015 onward, he was also the frontman of **""Maxi Jazz & The E-Type Boys""**.",97,NA,NA,NA,NO,"NO   Obituary with no mention of immigration, economic threat, cost, burden, or resource strain.",NO,"NO   No immigration-related cost, burden, strain, capacity limits, or economic threats are mentioned in this text (obituary unrelated to refugees or migration).",NO,"NO   No references to **T1–T5** (economic threats, immigration-related costs, capacity limits, or financial strain). The text is an obituary and career retrospective with no mention of immigration, financial burden, or resource shortages.",NO,"NO   Text is an obituary and biography of Maxi Jazz; no mention of economic threats, costs, or immigration.",NO,NO   No explicit economic threat framing related to immigration or refugees present in the text.,NO,5,1
OSZ-doc7nf3sgqcp8y82lt6grj,OSZ,2,REFUG,269,"**Wismar**   The topic of crisis is nothing new for Thilo Rau. The former career officer has experienced numerous deployments with the *Bundeswehr*, and now he leads the *DRK Soziale Betreuungsdienste MV gGmbH* in Grevesm hlen, which operates or rather, operated several facilities, including the refugee home in Gro  Str mkendorf near Wismar. The devastating fire just days ago completely destroyed the facility, which the district had leased until next spring. Originally, it offered 160 places for **[Group 1]**.

The district had designated the former hotel as a first-reception facility due to its capacity this summer. At the time of the fire, 14 **[Group 1]** members were in the building, with most rooms unoccupied. Meanwhile, the families have been relocated to other facilities. Among the consequences of the fire currently, investigators suspect arson is that *Nordwestmecklenburg* now faces a severe space shortage regarding the accommodation of **[Group 1]**. This problem already existed before, but it has since grown significantly worse.

Thilo Rau: *""And the biggest problem, in my view, is that we are not prepared for what s coming.""* He is particularly concerned about developments to the southeast. *""The Balkan Route is fully operational again; it s only a matter of time before refugee numbers from that direction rise again in Germany.""* Additionally, it remains unclear what further impact the war in Ukraine will have. As a former officer, Rau closely monitors the situation there. *""The territorial gains by **[Other Group]** cannot obscure the fact that entire regions are devastated.""* And the fighting continues. *""I expect the number of **[Group 1]** to increase again.""*",98,NA,NA,NA,YES,"T5 YES   explicit mention of *""severe space shortage""* (capacity overload), *""financial pressure""* (burden), and *""we are not prepared for what’s coming""* (resource limits) linked to immigration accommodation.",YES,"T5 YES   explicit **capacity shortage** ('*severe space shortage regarding the accommodation of {[Group 1]}*') and **overload** ('*this problem already existed before, but it has since grown significantly worse*') caused by immigration.",YES,"T5 YES   explicit mention of ""severe space shortage"" and ""we are not prepared for what’s coming"" as capacity limits worsened by new arrivals.",YES,"T5 YES ""renting additional private apartments at considerable cost"" from previous context (though not in this paragraph) + ""financial pressure"" from municipality; **critical phrase in this paragraph**: *""Nordwestmecklenburg now faces a severe space shortage regarding the accommodation of [Group 1]""* = explicit capacity shortage T5 trigger.",YES,"T5 YES   **""now faces a severe space shortage regarding the accommodation of [Group 1]""** and **""the district had leased ... at considerable cost""** (financial pressure and resource overload).",YES,5,1
632712913dd49b919c130530,NTV,4,REFUG,164,"Just after Russia s attack on Ukraine, the German government still expected up to **340,000 people** to seek protection in Germany. This figure appears to have been set too low: According to the latest federal forecast, the number could now reach up to **one million [Group 1]**.

More and more **[Group 1]** are arriving in Germany from Ukraine. So far, the Federal Police have registered **218,301 war refugees**, a spokesman for the Federal Ministry of the Interior in Berlin announced. While the Federal Police are currently conducting intensified checks, the number of war refugees entering Germany could already be significantly higher since there are no fixed border controls at internal borders. On Saturday, the number of **[Group 1]** had been listed at **207,742**.

According to a report, the German government expects that **one million [Group 1] from Ukraine** will come to Germany for a longer period. As *Bild am Sonntag* reported, the traffic light coalition government discussed the consequences of Russia s war of aggression in a cabinet meeting on Ukraine last Wednesday and adjusted its forecast on refugee numbers.",99,NA,NA,NA,NO,"NO   Statistics reporting only: numbers of refugees listed without any mention of costs, burden, overload, capacity limits, or financial strain.",NO,"NO   Statistics reporting only (numbers of refugees, arrivals, border controls) without any cost (T5), burden (T4), labor market harm (T3), or economic threat framing (T1/T2).",NO,"NO   Mere occupancy and statistics reporting: no cost, shortage, or overload language present (only registration numbers and adjusted forecasts mentioned).",NO,"NO   Statistics reporting (numbers of arrivals, no burden, cost, or capacity language). The phrase *“more and more [Group 1] are arriving”*, *“registered 218,301 war refugees”* and *“the number of [Group 1] had been listed at 207,742”* are purely occupancy/frequency data without any explicit mention of costs, strain, overload, or resource limits (T5).",NO,"NO   Text only reports numbers of refugees, border checks, and facility adjustments without any explicit mention of cost, burden (T1–T5), financial strain, or capacity limits (T5).",NO,5,1
6327128f3dd49b919c1241a4,Neues Deutschland,2,REFUG,144,"Five weeks have passed since the massacre at the fences on the border of **Melilla**. Their organization, *Caminando Fronteras* [Walking Borders], has collected testimonies from survivors of the deadly events. What do the victims say about the events of **June 24th**?

It is important to note that, following an agreement between **Morocco** and **Spain**, there was a particularly harsh response by Moroccan security forces against **[Group 1]** and **[Other Group]**. They were driven toward the action through military operations, arrests, and beatings. Even the forest where they were staying was set on fire. They were also constantly sprayed with tear gas from helicopters. The Moroccan security forces also funded by the **European Union** have again raped women as punishment.

**Helena Maleno** is an award-winning journalist and human rights activist. She is the founder of the non-governmental organization *Caminando Fronteras/Walking Borders*, a kind of emergency hotline for people in distress at sea. She spoke with **Ralf Streck** about the current migration policy.",100,NA,NA,NA,NO,"NO   Context is international foreign policy (EU-funded Moroccan security forces) and humanitarian testimony; no explicit cost, burden, or resource strain on Germany or EU caused by immigration.",NO,"NO   No economic threat framing linked to immigration was explicitly mentioned. The text focuses exclusively on human rights abuses, violence, and testimonies without mentioning costs, burden, financial strain, or resource limits for the receiving society.",NO,"NO   Text focuses on human rights violations, border security actions, and a humanitarian organization's work. No mention of T1–T5 (e.g., economic well-being, labor market harm, welfare strain, costs to Germany/EU, or capacity limits).",NO,"NO   International politics/foreign aid: no reference to German or EU costs, strain, or capacity limits from immigration. Moroccan security forces funded by EU are not framed as German economic threat. No explicit T1–T5 criteria met.",NO,"NO   Foreign policy and disaster relief context (EU-funded security forces, border violence in Morocco/Spain) is explicitly about **external** international immigration control, not German/EU domestic economic threat framing (T1–T5). No mention of costs, budget strain, or resource limits in Germany/EU.",NO,5,1
632712843dd49b919c0dae1e,Focus,6,JUDE,269,"How did you come up with the idea to engage with this topic?

Stefan Sarazin: In the 1990s, I had a fascination with al-Andalus and the teachings of Ibn Rushd, and I never understood why people were fighting over one God. Because either ""HE"" is ""the One"" or ""the None."" When my first film, *""Nitschewo""* (2001), a melodrama, flopped commercially, I withdrew to the Sinai. There, I befriended a Bedouin named Adel, whom I visited repeatedly over the years, and who had an unusually mild attitude toward Israel and the [Group 1]. That intrigued me, and I wanted to write something about it a comedy celebrating life, essentially the opposite of my previous film. For a long time, it remained something like an *""Alexis Sorbas""* story between a Bedouin and a detached US-American [Group 1], though it never really took off, not even when I turned the New Yorker [Group 1] into an ultra-Orthodox man.

Then, in 2006, after returning from a trip to Alexandria, I told a friend with whom I had often discussed this story that I had visited the synagogue there and that only a handful of members remained, unable to hold services. That finally got the story moving. My friend, Freyja Weinert blessed be her name had a ""divine"" inspiration shortly after, saying, *""my [Group 1]""* could drive through the desert to Alexandria as the missing tenth man. That was the turning point on which the story of *""Not Quite Kosher""* was based, which I then developed into a screenplay with Peter Keller.",101,NA,NA,NA,NO,"NO   No mention of economic threat framing (T1–T5). Discussion of a creative idea, not linked to immigration-related costs, welfare strain, labor market impact, or resource shortages.",NO,"NO   Literary context with no explicit economic framing, no mention of costs, burden, strain, or capacity limits linked to immigration.",NO,"NO   No economic threat framing regarding immigration. The text discusses personal creative processes and anecdotes about a Bedouin and ultra-Orthodox Jewish characters without referencing any economic burden, welfare, labor market, or resource strains (T1-T5).",NO,"NO   No explicit mention of economic threat framing (T1–T5). The text discusses personal inspiration for a film project, religious demographics, and cultural themes without linking any of them to immigration-related economic costs, labour market harm, or public finance strain.",NO,"NO   The paragraph discusses personal creative inspiration, friendship, and artistic development with no economic threat framing related to immigration. No mention of T1-T5 criteria (e.g., financial strain, welfare, job displacement, public resources, or burden).",NO,5,1
632712ab3dd49b919c1db71b,Telepolis,63,HRV,112,"Just as the **[Other Group]** were accused in the 1990s of seeking a Greater Serbia through violence, today the **[Other Group]** are accused of aiming to establish a Greater Russian Empire. Even left-wing critics attribute imperialist ambitions to Russia. Back then, Slobodan Milo evi  was demonized as Hitler, while today Vladimir Putin is his most recent reincarnation.

Whereas the **[Other Group]** were blamed for sole responsibility for the Yugoslav civil war and the other parties involved **[Group 1]**, **[Other Group]**, and Kosovo Albanians were merely seen as victims, today it is solely the **[Other Group]** who are held accountable. According to Western perception, only Moscow not Kyiv bears the blame for the escalation of violence. Yet the truth is different in both cases.

The expulsion of the Croatian **[Other Group]**...",102,NA,NA,NA,NO,NO   The text does **not** mention any economic threat framing linked to immigration (T1–T5).,NO,"NO   The paragraph discusses historical geopolitical and war narratives, no economic framing linked to immigration is present. No mention of costs, burden, welfare, labor market, or resource strain.",NO,"NO   Text focuses exclusively on geopolitical narratives and historical analogies without any mention of economic impacts, welfare burden, labor market effects, or resource strain caused by immigration.",NO,"NO   No economic threat framing (T1–T5) present. Text discusses geopolitical framing, historical analogies, and blame attribution without any explicit mention of economic costs, labour market impacts, welfare strain, or resource capacity limits caused by immigration.",NO,"NO   No explicit mention of T1–T5. The text discusses historical geopolitical narratives, accusations of imperialism, and war responsibility, with no reference to economic threats, welfare strain, labor market effects, or resource shortages caused by immigration.",NO,5,1
632712b83dd49b919c22756d,nordbayern.de,19,HUN,137,"**""The time is ripe for consequences""**

The European Parliament has long been calling on the EU Commission to exert more pressure on rule-of-law violators. The comprehensive overview presented on Wednesday was largely welcomed by the members, but they also demanded consequences. *""The rule-of-law violations in [Andere Gruppe] and [Gruppe 1] must be financially sanctioned,""* said Green Party politician Daniel Freund. *""We now know exactly how broken democracy and the rule of law are in both countries.""*

FDP lawmaker Moritz K rner also emphasized: *""The time is more than ripe for consequences.""* EU funds for [Gruppe 1] must be withheld immediately. Katarina Barley (SPD) called on the EU Commission to adopt clearer language regarding [Andere Gruppe] and [Gruppe 1]. Now, it must follow up on whether Warsaw and Budapest implement the recommendations or, if not, enforce them through financial pressure or infringement proceedings.",103,NA,NA,NA,YES,"T5 YES   explicit call for ""financial pressure"" and ""financial sanction"" + ""withheld immediately"" + ""enforce... through financial pressure"" as a consequence for rule-of-law violations, framed as an economic policy lever.",YES,T5 YES   explicit mention of withholding/financial pressure ('EU funds for [Gruppe 1] must be withheld immediately' and 'financial sanctions'/'financial pressure') as an economic consequence of rule-of-law violations.,NO,"NO — Financial sanctions are international politics (EU-Hungary/rule-of-law) and explicitly **not** tied to immigration inside Germany/EU. T5 requires domestic budget/resource strain, not foreign aid conditionality.",YES,"T5 YES   explicit mention of 'EU funds for [Gruppe 1] must be withheld immediately' and 'financial pressure' as a consequence of rule-of-law violations, framed as a financial burden on the EU.",YES,"T5 YES   phrase triggering T5: *""EU funds for [Gruppe 1] must be withheld immediately""* and *""enforce them through financial pressure or infringement proceedings""* (explicit mention of financial pressure/withholding funds as an economic consequence of immigration-related rule-of-law violations)",YES,4,0.8
WAZ-5E384AE9308728F957A607C9875400F4_3743320,WAZ,1,REFUG,55,"At the refugee accommodation on Brauckstra e, there are currently 103 free beds available, according to the city. 257 people are already living there, including 140 [Other Group]. In total, 476 [Group 1] are accommodated in the municipal shelters.

776 people from Ukraine are registered with the city s foreign residents  office, including 517 women, 259 men, and 263 children.",104,NA,NA,NA,NO,"NO   Statistics reporting only. No cost, burden, or resource strain language present—just numbers of beds and arrivals.",NO,"NO   Statistics reporting only (numbers of beds/residents, no burden language, no cost, shortage, or overload mentioned).",NO,"NO   Statistics reporting only (numbers of residents, beds, and arrivals) with no explicit mention of cost, burden, financial pressure, or resource scarcity.",NO,"NO   Statistics reporting only: numbers of beds/residents without explicit cost, financial pressure, or capacity strain language.",NO,"NO   Statistics reporting only (numbers of beds, residents, and registrations) without any cost, burden, strain, or capacity limit language.",NO,5,1
632712b43dd49b919c20ef4e,Merkur,4,RUS,66,"'A couple hung a Ukrainian flag from their window. Now they face a potential report because of the symbol emblazoned on it.

Weiden in der Oberpfalz   He [Group 1], she [Another Group]: On Sunday around midnight, a couple hung a Ukrainian national flag from the window of a multi-family building. The issue: it featured a swastika printed on it.

*""Weiden an der Oberpfalz: Couple faces possible report over Ukraine flag.""*",105,NA,NA,NA,NO,NO   content is about flag symbolism and a potential report; no reference to economic threat framing (T1–T5) or immigration-linked costs/burden/overload.,NO,"NO   **No economic threat framing present.** The text describes a symbolic conflict (Ukrainian flag with swastika) and a potential administrative report (non-economic penalty), but there is **no mention of cost, burden, financial strain, housing shortages, or resource overload** related to immigration.",NO,"NO   The text describes a **criminal act by the couple (using a swastika on a flag)**—no economic framing, cost, burden, infrastructure strain, or resource shortage related to immigration is mentioned.",NO,"NO (No mention of **costs, burden, resources, capacity limits, or economic strain** linked to immigration—only a reportable offense related to a flag.)",NO,NO   The text discusses a symbolic issue (flag with a swastika) unrelated to economic threat framing; no mention of T1–T5 criteria.,NO,5,1
632712af3dd49b919c1efaf5,Weser Kurier,6,ITA,122,"The German government opposes Italy continuing to allow lawsuits from relatives of victims of German war crimes seeking individual compensation, even though the court has long ruled such claims inadmissible, as the court in The Hague announced. Such a legal dispute between two such close partner countries is highly unusual.

As early as 2012, the court ruled that Germany is not required to compensate Italian victims of the Nazis individually and that corresponding Italian judgments are void. With its lawsuit, Germany now insists that Italy recognize the principle of state immunity in civil claims in other countries, as established in the ruling ten years ago. During its retreat from Italy in World War II, the German Wehrmacht and the SS wreaked havoc in many places, including the murder of many [Gruppe 1].",106,NA,NA,NA,NO,NO   Foreign aid/legal dispute: German-Italian conflict over WWII claims and compensation does not relate to current immigration costs or resource strain in Germany.,NO,"NO   No economic threat framing linked to immigration present. The paragraph discusses **historical war crimes and legal disputes**, not economic impacts of immigration.",NO,"NO   The text discusses historical war crimes, legal immunity, and murder of refugees—but **no explicit mention of current costs, financial burden, strain, overload, capacity limits, or resource needs** related to immigration (e.g., housing, welfare, or public finances). The focus is on **past atrocities and legal disputes**, not economic threats tied to immigration.",NO,"NO   No economic threat framing linked to immigration present. The text discusses historical legal disputes between Germany and Italy over war reparations, with no mention of current economic harm (T1-T5) caused by immigration.",NO,"NO   The paragraph discusses historical war crimes, legal disputes between Italy and Germany over compensation for Nazi-era victims, and no economic threat framing linked to current immigration or refugee costs, burdens, or capacity limits is present.",NO,5,1
632712a93dd49b919c1cf007,Tagesschau,27,USA,177,"**""Meister:** I believe that Putin has radicalized in his thinking and rhetoric. At the same time, these traits were always inherent in him. He is a product of the intelligence services, a product of the Soviet Union he was stationed in Dresden in the late 1980s and witnessed the protests of the *Wende* era, fearing they could cost him his life. That shaped him and explains his fear of color revolutions. And he has always harbored a deep hatred for the USA.

His worldview has always been totalitarian; he lacks any empathy for people, for societal processes. This has been exacerbated by experiences with the USA, which, in his view, did not show him the respect he deserved, and by the NATO expansion toward the East though against the backdrop of his own conditioning. And now he can take revenge for the collapse of the Soviet Union, for NATO s war against Yugoslavia. He is avenging the fact that **[Group 1]**  won  back then. And now he can win against **[Group 1]** in Ukraine.

*'Putin wants to destroy Ukraine.'""**",107,NA,NA,NA,NO,NO   No economic threat framing (T1–T5) is present; all content focuses on geopolitical motivations and ideology unrelated to immigration or economic impact.,NO,"NO   No economic threat framing linked to immigration. The text discusses geopolitical motivations of Putin without any reference to costs, resource strain, labor market effects, or welfare burdens tied to immigration.",NO,"NO   No mention of economic threat framing (T1–T5) related to immigration. Text discusses Putin’s geopolitical motives, NATO expansion, and historical grievances—no costs, burden, capacity limits, or welfare strain linked to immigration.",NO,"NO   Text focuses entirely on geopolitical and historical motivations of Putin’s actions, with no mention of economic threats, costs, burdens, or capacity limits related to immigration.",NO,"NO   The paragraph discusses Putin’s personal motivations, historical grievances, and geopolitical strategies but contains **zero** references to economic threats (T1–T5), financial burden, resource shortages, or migration-related costs for Germany/EU.",NO,5,1
632712a23dd49b919c1a4a4b,T-Online,5,NLD,168,"**Gelsenkirchen (dpa)**   Legendary coach Huub Stevens calls his first-ever move to FC Schalke 04 one of the standout decisions of his career.

In his very first season with the *Gelsenkirchenern* [Gelsenkirchen-based team], he won the **UEFA Cup** in **1997**, defeating **Inter Milan** in the final. *""For me personally, it was a crazy season because in the first round, I had already been eliminated as a coach with Roda Kerkrade against Schalke,""* Stevens told the **Deutsche Presse-Agentur (dpa)**.

*""After that, Eddy (Eddy Achterberg, Roda Kerkrade s then-assistant coach) already said to me:  Watch out, Huub, they re coming for you!  I couldn t imagine it, and two weeks later, Rudi Assauer (then Schalke manager) actually called.""* The now **68-year-old** Stevens added: *""For me, it was first a difficult situation because I had a valid contract with Roda, and normally I wouldn t just leave a club like that. But looking back, I have to say it was my best decision, because I owe Schalke an enormous amount.""*",108,NA,NA,NA,NO,"NO   No immigration framing, sports/national football event unrelated to refugee or migrant policy.",NO,"NO   No mention of immigration, refugees, migration, or economic threats linked to any group in this text. Sports coaching narrative unrelated to T1–T5.",NO,"NO   No mention of immigration, economic threat framing, or any of T1–T5 criteria.",NO,NO   The text is unrelated to immigration or economic threats and does not mention any of T1–T5 criteria.,NO,NO   Sports/coaching context: zero immigration or economic framing in the paragraph.,NO,5,1
63807760b204b6f1ee08ca12,Junge Freiheit,2,MIGR,126,"**BERLIN.** The federal government is planning the mass naturalization of **[Andere Gruppe]**. Up to two million **[Gruppe 1]**, experts estimate, could become German citizens. The draft law comes from the Interior Ministry, led by Nancy Faeser (SPD).

For this, they would neither need to master the language nor renounce their previous citizenship. Primarily affected are **[Gruppe 1]**, who arrived in Germany with the **""Fl chtlingswelle""** (refugee wave). Their children, born here, automatically receive a German passport, provided that the mother or father has had a **""lawful habitual residence""** in Germany for five years. This shortens the requirement further the deadline was already only eight years before. Now, it suffices if someone arrived in 2018.

The current Federal Minister of Culture and the Media, Claudia Roth (Greens), had already demanded three years ago that all **""Klimafl chtlinge""** (climate refugees) must also receive German citizenship.",109,NA,NA,NA,NO,"NO   The paragraph describes a **policy change (naturalization law)** and **citizenship eligibility** with no explicit mention of **costs, burden, financial strain, capacity limits, or resource shortages** linked to immigration. The presence of refugees or climate refugees does not automatically trigger T1–T5 unless explicitly framed as an economic threat.",NO,"NO   The text discusses legal naturalization processes, automated citizenship for children, and policy demands—no mention of economic threats, costs, burdens, or resource strain (T1–T5).",NO,"NO   Text contains no mention of cost, burden, financial pressure, welfare strain, labor market harm, or resource limits (T1–T5). The paragraph focuses on citizenship, language requirements, and residency rules without any economic threat framing.",NO,"NO — The paragraph discusses legal residency requirements, citizenship pathways, and no economic threat framing (costs, burden, capacity limits, or resource strain) related to immigration is explicitly mentioned.",NO,"NO
No mention of **costs, burden, financial pressure, resource strain, capacity limits, or economic threats** (T1–T5). The text discusses legal pathways to citizenship, residency requirements, and policy proposals (naturalization, climate refugees) without framing them as economic threats or resource burdens.",NO,5,1
632712a93dd49b919c1cc2f2,Tag24,6,USA,91,"A man from Florida was out for a morning walk when he passed a bush that seemed to hide an animal inside. Since it looked like the animal was tied to a long leash, he assumed it was a dog.

So it happened as it was bound to: When the [Group 1] tried to pet the animal, he realized he actually had an alligator in front of him!

Before he could run away, the alligator snapped shut. What had seemed like a long leash turned out to be the tail of the beast.",110,NA,NA,NA,NO,"NO   No mention of economics, cost, burden, capacity limits, or resource strain related to immigration anywhere in the text.",NO,"NO   No mention of any economic threat framing, immigration, or financial burden in this text. Random anecdote about an alligator.",NO,"NO   Unrelated animal story with no reference to immigration, costs, or economic threat framing.",NO,NO   unrelated to immigration or economic framing (explicit or implicit). Pet alligator anecdote triggers no T1-T5 mention.,NO,NO   unrelated animal incident with no economic framing or immigrant context.,NO,5,1
6327129e3dd49b919c18856c,SZ,4,PRT,154,"**March 10, 2022, 5:54 AM**

**Flensburg (dpa/lno)**   The handball players of **SG Flensburg-Handewitt** will face defending champions and record winners **FC Barcelona** in the final group-stage match of the **Champions League** on Thursday (6:45 PM/Sky and Servus TV). In the game in Catalonia, it will only be decided whether the team from Flensburg finishes fifth or sixth in the group stage and thus reaches the playoff round. Only a victory still gives **SG Flensburg-Handewitt** the chance to overtake **FC Porto**, who are currently ahead of them. A draw, however, is not enough, as the team from northern Germany lost the direct comparison with **[Group 1]**.

**SG** goalkeeper **Kevin M ller** is looking forward to returning to **FC Barcelona**, with whom he won the **Champions League** last season. *""I had three good years there,""* said the Danish national goalkeeper. For the 32-year-old, a strong defense and fast-paced play are key to success. Nevertheless, M ller also knows: *""This is going to be a very difficult game.""*",111,NA,NA,NA,NO,NO   Sports article unrelated to immigration or economic threat framing (no T1-T5).,NO,"NO   Handball match reporting with no immigration context, financial pressure, or economic framing.",NO,"NO   Sports context with no immigration, costs, or economic framing. No mention of T1–T5.",NO,"NO   Sports report with no mention of immigration, economic threat, cost, burden, or resource strain.",NO,"NO   Sports logistics, player quotes, and match outcomes unrelated to immigration or economic threat framing.",NO,5,1
Tonline_added_5f4181bf807ab80f7db83f3b92a276c8b632be29_,T-Online,4,GBR,132,"On Saturday, Phil Foden suffered a bitter defeat with Manchester City against Tottenham, before later getting involved in a brawl as part of a boxing event with his mother right in the middle of it.

The two boxers Kell Brook and Amir Khan faced off in the AO Arena in Manchester from Saturday night into Sunday. But the clash between the two [Group 1 fighters] wasn t the only fight in the venue. As a video shows, a brawl also broke out in the backstage area. Among those involved were Manchester City star Phil Foden and, according to media reports, his mother Claire as well.

In the video, the vice-European champion is seen being insulted by a group of men outside the backstage room. His mother, Claire, then storms onto the corridor and shoves one of the men, prompting him to throw a punch.",112,NA,NA,NA,NO,"NO   Sports event brawl unrelated to immigration. No economic, financial, or resource strain framing (T1–T5).",NO,"NO   No mention of immigration, costs, benefits, labor market, welfare, or capacity limits. Text concerns a boxing event and unrelated brawl.",NO,"NO   The paragraph describes a private event and brawl unrelated to immigration, economics, or public resources.",NO,NO   Sport and criminal activity: no economic framing related to immigration present.,NO,"NO   The text describes a brawl involving individuals without any reference to immigration, economic well-being, labor markets, welfare strain, or resource shortages.",NO,5,1
6398bea666192abcbf04e857,Tagesschau,5,AFG,119,"Confidential documents from the German federal government, evaluated by **WDR**, **NDR**, and the **""S ddeutsche Zeitung""** together with Austria s **""Falter""**, now reveal how then-Interior Minister **Horst Seehofer (CSU)** sought to assist his Austrian counterpart, current Chancellor **Karl Nehammer ( VP)**, in deporting people to a war zone. According to the documents, Austria wanted to deport **[Group 1]** for ""domestic political reasons.""

A diplomat at the German embassy in Vienna reported hearing from an ** VP** ministry that plans were being considered for a ""demonstrative deportation of a larger number of **[Group 1]** via charter flight."" Another official, citing intelligence briefings from the Federal Chancellery, said Austria was exerting ""significant pressure"" at the ministerial level. Minister **Seehofer** ""wanted to comply with this request."" Austria also provided a justification at the time: the ""murder of a 13-year-old girl.""

**""Nehammer under domestic political pressure""**",113,NA,NA,NA,NO,"NO   The text describes **political pressure, deportation logics, and a criminal justification**—no mention of **costs, financial burden, capacity limits, or resource strain** (T5). No economic threats (T1–T4) are framed.",NO,"NO   No mention of economic threat framing (T1–T5). While 'financial pressure' appears, it is tied to Austria's **political** decisions (deportations) and domestic pressure—not to immigration-related costs in Germany. No explicit cost, burden, or strain on German/EU resources or welfare systems is stated.",NO,"NO   No mention of economic threat framing (T1-T5) anywhere in the text. The core focus is on political pressure and deportation policy, not costs, resources, or capacity limits.",NO,"NO   The text discusses political pressure, deportation plans, and domestic political reasons, but **no explicit mention of costs, financial pressure, budget strain, or resources** (T5); nor does it reference economic well-being (T1), labour market harm (T3), or welfare strain (T4).",NO,"NO   The text describes political maneuvering around deportations, including justifications, ministerial pressure, and potential charter flights—but no mention of **costs** (T5), **economic threats** (T1–T4), or *any* financial burden (e.g., 'expense', 'budget strain', 'rent at cost'). The mention of 'domestic political reasons' and 'pressure' does not equate to T5’s criteria.",NO,5,1
639886908b9343432d038ad3,Stern,3,BRA,74,"Jana Ina Zarrella visits a pet food bank in D sseldorf.

Jana Ina Zarrella has been in the Christmas spirit for a while now: *""We [Group 1] always start decorating early,""* reveals the presenter.

For Jana Ina Zarrella (46), the Christmas fever has already set in. *""Our Christmas tree has been in the living room since early December,""* she shares during her visit to a pet food bank. The 46-year-old has been serving as an ambassador for the *""Tierisch engagiert""* initiative for many years, advocating for animal welfare.",114,NA,NA,NA,NO,"NO   The paragraph discusses a **pet food bank** (animal welfare) unrelated to immigrant hosting, costs, or resource strain. No mention of immigration, refugees, or any T1–T5 criteria.",NO,"NO   The paragraph describes a visit to a pet food bank for animals, not related to immigration, welfare, or economic strain. No mention of T1–T5.",NO,"NO   Pet food bank context (animal welfare) with no mention of costs, financial burden, resources, or any T1–T5 criterion.",NO,"NO   General activity report: no mention of cost, financial pressure, shortage, or resource strain, only a pet food bank visit and Christmas celebration.",NO,"NO   No mention of costs, financial burden, overloaded resources, or capacity limits related to immigration. Purely animal welfare/volunteer initiative activity unrelated to T1–T5.",NO,5,1
Focus_added_b3f4adc8538fe4d86a1beb7153fe183713dd7ccd_,Focus,251,FRA,70,"**FC Chelsea are reportedly set to sign Ousmane Demb l .** This is according to *CaughtOffside*, citing the newspaper *Sport*. The Blues are said to be using his release clause to pry the Barcelona star away from the Catalans for over **50 million euros**.

Demb l , who has been in good form following a difficult period marked by injuries, has scored **five goals and provided seven assists** in **20 games across all competitions** this season.

**17 November, 09:54 AM**",115,NA,NA,NA,NO,"NO   The text discusses a **football transfer** (no immigration or refugee context) and a **commercial transaction** (no public welfare, labor market, or government strain). The phrase ""over 50 million euros"" refers to a private club’s budget, not public immigration costs.",NO,"NO   No mention of immigrants, refugees, or migration-related economic threats. This is sports reporting unrelated to immigration.",NO,NO   Sports transfer context unrelated to immigration or economic threats.,NO,NO   sports transfer with explicit euro figure unrelated to immigration or financial burden on receiving society.,NO,NO   Topic is unrelated to immigration or German/EU economic impact; football transfer context does not involve T1–T5 criteria.,NO,5,1
6339a8ce184d152f0300a107,TAZ,12,FOR,156,"**""I didn t understand at first what was happening""**

Soufiane Hennani is a Moroccan author and activist who deals with the impact of sex tourism on his country. *""By now, it s even visible in smaller cities in public spaces that there are increasingly more tourists who want to buy sex. Many pimps have specialized in catering to [Group 1] s demand and offer everything: women, queer individuals, and unfortunately also children,""* Hennani says. He reports cases where the police have intervened, but the tourists are rarely held accountable, while the sex workers end up in custody instead. That s why bribes to police officers are widespread to keep the market running.

*""The victims are left to fend for themselves. In Morocco, we don t even talk about the problems caused by sex tourism. We certainly don t discuss protecting children from foreign perpetrators,""* Hennani says. Yet, this exploitation threatens the lives of many young people in the country.",116,NA,NA,NA,NO,"NO   Sex tourism exploitatin is a crime, not an economic threat by immigrants to Germany/EU. No mention of costs, burden, wages, unemployment, or public finance strain in Germany or Europe.",NO,"NO   Text discusses sex tourism exploitation in Morocco with no mention of German or EU financial costs, welfare burden, labour displacement, or resource scarcity. Entirely focused on a foreign country’s domestic issue (child exploitation, policing challenges) with no framing of economic threat to receiving society (Germany/EU).",NO,"NO   No T1-T5 applies. Text describes sex tourism and its societal harms in Morocco, unrelated to German or EU economic burdens, labour market, welfare, capacities, or costs.",NO,"NO   The text describes exploitation in Morocco by tourists (not immigrants in Germany/EU) and does not explicitly mention any financial burden, cost, or resource strain in a German or EU context. The focus is on social and criminal justice issues, not economic threat framing linked to immigration.",NO,"NO   No mention of T1–T5 criteria. The text focuses on exploitation linked to sex tourism by foreign tourists (non-immigration context) and does not mention economic burdens, costs, or capacity limits related to immigration.",NO,5,1
6327129d3dd49b919c17ec4c,SZ,5,GBR,202,"This is a recommendation from the German Olympic Sports Confederation (DOSB), as reported by the *Frankfurter Allgemeine Zeitung*. Athletes could install the mandatory My2022 event app on these devices. All Olympic participants would have to enter medical data such as their pre-departure PCR test results for coronavirus and the results of daily temperature checks into the app.

Earlier, [Group 1] had also announced that they would provide athletes with new mobile phones upon request for the duration of the competitions, if needed. *""We have given athletes and support staff practical advice so they can decide for themselves whether to bring their personal devices to the Games or not,""* a spokesperson for the British National Olympic Committee (NOC) told the newspaper *Guardian* (Thursday). *""For those who do not wish to bring their own equipment, we have temporarily provided devices.""*

In the run-up to the Olympic Games in the Chinese capital, there have been repeated warnings that Chinese intelligence services could access sensitive data from smartphones, tablets, and laptops. Earlier, the newspaper *De Volkskrant* reported that the Dutch NOC was advising athletes and staff to leave personal devices at home. Instead, the federation would distribute *""clean""* devices, which were to be destroyed upon return. Geert Slot, a spokesperson for the NOC*NSF, called cybersecurity part of the risk assessment for the trip to China.",117,NA,NA,NA,NO,"NO   The text discusses devices for athletes, cybersecurity risks, and recommendations from Olympic committees—no mention of immigration, Germany/EU economic prospects, labor market, welfare, or explicit costs, burdens, or capacity limits related to immigrants.",NO,"NO   Text discusses **Olympic athletes' cybersecurity and device distribution**—no mention of refugees, immigrants, or economic burden caused by immigration; no cost, financial strain, or capacity limits related to immigration are present.",NO,"NO   The text discusses device provision (mobile phones) for Olympic athletes, unrelated to immigration or economic threats. No mention of costs, burden, displacement, welfare strain, or resource limits tied to immigration.",NO,"NO — text describes logistical measures (devices, app recommendations) for Olympic athletes, unrelated to immigration and with no mention of costs, burden, or resource strain.",NO,"NO   This text discusses **Olympic athletes' device logistics and cybersecurity risks**—no immigration, welfare, labour market, public finances, or capacity burden (T1–T5) are mentioned.",NO,5,1
632712b43dd49b919c20f283,Merkur,7,REFUG,168,"**""The upturn we ve seen on our labor market in recent weeks is largely attributable to the seasonal effect at the start of spring,""** explains Nikolaus Windisch, head of the *Agentur f r Arbeit Freising*. Thanks to rising temperatures, work in weather-dependent industries such as in core construction, roofing trades, landscaping, and scaffolding has resumed after the winter break.

**""We re pleased with the positive labor market developments in our region, but we re also deeply concerned about the war in Ukraine,""** Windisch adds: **""For those who are already interested in counseling and job placement, we at the employment agency will support them as quickly as possible with our services and funding offers.""**

**Counseling for [Group 1]**

The agency director expects growing demand for counseling in the coming weeks and is preparing accordingly: an interpreter service has already been set up, as has a multilingual hotline. Flyers and website content are being translated. Initial information on the topic **""Working in Germany""** is available in German, Ukrainian, and Russian here: [www.arbeitsagentur.de/ukraine](http://www.arbeitsagentur.de/ukraine)",118,NA,NA,NA,NO,"NO   No explicit mention of T1-T5. The text describes logistical preparations (interpreters, hotline, translations) without cost, burden, or resource-strain language—only proactive service expansion.",NO,"NO   Logistical setup: interpreter service, hotline, and translations are described as ""set up"" or ""being translated"" (no cost, burden, or shortage language); purely counseling/resourcing.",NO,"NO   Logistical setup without cost/burden language: interpreter service, hotline, translated flyers, and website content do NOT constitute T5. No euro amounts, financial strain, or explicit resource scarcity mentioned.",NO,"NO   Logistics reporting without cost/burden language: interpreter service, multilingual hotline, translated flyers are set up WITHOUT explicit financial burden, resource scarcity, or capacity limits named (e.g., no ""costs,"" ""budget strain,"" or ""shortage"" mentioned).",NO,"NO   Logistics and administrative preparations (interpreters, hotlines, translations) without cost, financial pressure, or capacity burden language. No explicit mention of euros, strain, or T1–T5 triggers.",NO,5,1
MAZ-3.10610900001667e+20,MAZ,5,FOR,197,"According to the prosecution, the 54-year-old man today is alleged to have been on the Rhine promenade with a buddy, consuming alcohol. A dispute is said to have broken out, which the later-arrested [Other Group] admitted to, though they made no further statements. The dispute allegedly arose because the future victim refused to pay for another bottle of vodka. The 54-year-old is said to have snatched the money from his hand during the scuffle and, when the witness demanded it back, pushed him to the ground and struck him multiple times on the head with an iron bar before fleeing the scene with the money. The victim suffered a skull bruise and a scalp laceration at the time.

Under current law, [Group 1] (including EU citizens) can be deported if a proven offense suggests a threat to public safety and order. A decisive reason could be a conviction of at least five years in prison. In this case, however, the [Other Group] is said to have only one prior conviction and most recently served a substitute custodial sentence for an unpaid fine. The court closed the file: *""Now we first have to research this,""* said the presiding judge.",119,NA,NA,NA,NO,NO — no mention of T1–T5; crime report and deportation criteria do not invoke economic threat framing or resource strain.,NO,"NO   No mention of T1–T5. The text solely discusses criminal activity (assault, theft) and deportation criteria, with no explicit economic threat framing (e.g., costs, benefits, labor market displacement, or financial strain).",NO,"NO   The paragraph describes criminal activity and legal proceedings without any economic framing (costs, welfare strain, infrastructure burden, or resource scarcity) linked to immigration.",NO,"NO   The paragraph describes a crime and deportation procedure for an individual of [Other Group], with no mention of economic threat framing (T1–T5) related to immigration. The legal criteria, prior convictions, and court handling are unrelated to economic burden or resources.",NO,"NO   No economic threat framing linked to immigration is present. The paragraph focuses on a crime committed by an individual with no reference to costs, burden, welfare strain, labor market effects, or financial limits caused by immigration.",NO,5,1
Focus_added_90ca7ebcbfea2995ae2c14bba4f542cd17f2c714_,Focus,3,UKR,122,"In a brief ceremony, Ukrainian President **Volodymyr Zelenskyj** celebrated the return of some of his soldiers from Russian captivity. * It was a special day in a special week, * he said yesterday evening in his daily video address.

At the same time, he announced plans to bring back more soldiers from Russian detention camps. * We will not leave a single one [group 1] in Russian prisons, camps, and  isolation  (detention facilities). We are thinking of all of them. *

Earlier in the day in **Kyiv**, **Zelenskyj** awarded medals to a group of former prisoners of war. In recent days, **Russia** and **Ukraine** have exchanged prisoners multiple times. According to **Zelenskyj**, a total of **1,331** Ukrainian soldiers have been freed from Russian captivity since the war began in February. Meanwhile, **Kyiv** continues to push for a special tribunal to prosecute Russian war crimes.",120,NA,NA,NA,NO,"NO   No mention of costs, burdens, strain, or resource scarcity linked to immigration; solely military/prisoner exchange logistics.",NO,"NO   Text discusses prisoner exchanges, war crimes, and Ukrainian military affairs only—no economic framing, costs, or immigration links.",NO,NO   No economic threat framing or resource strain language. Text focuses solely on military prisoner exchanges and war context.,NO,"NO   Context: military prisoner exchange unrelated to immigration; no economic framing, cost, or resource burden mentioned.",NO,"NO   Military prisoner exchange context only; no mention of immigration, economic threats, or any T1–T5 criteria.",NO,5,1
6327128f3dd49b919c12521f,Neues Deutschland,2,ITA,190,"Christ Koumadje (r.) is an example of the young talents Alba has developed into champions in a short time.

 Throw the ball at the basket! Not to the opponent! , Coach Andrea Trinchieri yelled at his team during a timeout in the second final game of the Basketball Bundesliga. In front of the rather small-framed [Group 1] sat several heavily muscled two-meter-tall players, but hardly any Munich player dared to even make eye contact with the FC Bayern coach. Once again, they had failed to find a way to break through Alba Berlin s defense the reigning champions so Trinchieri scolded his team again for their helplessness, lack of intensity, and careless handling of the ball. Apparently, playing basketball for FC Bayern isn t much fun right now.

At the capital-based opponent, things are different.  We have fun together. We train with a lot of fun, and this culture runs through the entire club , wing player Oscar da Silva said after the second victory in the second match of the series, flashing a fitting broad smile. The anticipated clash of systems is currently going clearly to Berlin s fun-loving side. And on this Friday evening, they could secure their third consecutive championship title with another win.",121,NA,NA,NA,NO,"NO   The text is about basketball (sports performance, not immigration) and contains no economic framing, costs, or resource strain related to migrants.",NO,"NO   Sports context unrelated to immigration, no mention of economic threat frames T1–T5.",NO,NO   Sports context with no immigration-related economic framing; no mention of T1–T5 criteria.,NO,"NO   Text is entirely about sports culture, team performance, and labor-market success (basketball players) with no mention of economic harm, public finances, costs, or capacity limits.",NO,"NO   No mention of economic threat framing (T1–T5) linked to immigration. The text focuses solely on sports performance and team morale, unrelated to labor, welfare, or public costs.",NO,5,1
KN-doc7nc3uysaxbd239tri7r,KN,4,JUDE,228,"""'It was very important for us to take a point and not lose it. We re super happy that we ve qualified. We wanted to pick up where we left off,' said Borussia Dortmund goalkeeper Gregor Kobel, who saved a penalty, in an interview with Amazon Prime Video.

For [Group 1] Bellingham, advancing means 'a lot,' after it didn t work out last season. 'That s a huge pleasure. We want to go as far as possible.' Coach Terzi  was also fully satisfied: 'We rewarded ourselves with that point. In the first half, we played a really good game. We kept them away from the goal.'

Unlike Borussia, the group G table-toppers from England could afford to rotate stars like Kevin De Bruyne, who initially sat on the bench. For starting goalkeeper Ederson, former Bielefeld player Stefan Ortega made his first official appearance. Manager Pep Guardiola s decision to rest some key players made it slightly easier for the Revier club. That Manchester increasingly imposed their trademark possession-based football could be overlooked by Borussia, as their defense stood solid and even kept Haaland in check. Black and yellow focused on counterattacks and had the next chance through Giovanni Reyna (26.), but Ortega neutralized it again. And had Youssoufa Moukoko scored nine minutes later after a fine pass from Adeyemi from close range, the hosts would have deservedly taken the lead.""",122,NA,NA,NA,NO,"NO   Text only describes a sports match (Borussia Dortmund vs. Manchester City) with no mention of immigration, costs, or economic threats.",NO,"NO   Sports context with NO reference to immigration, economics, labor, welfare, costs, burden, or strain.",NO,"NO   No economic threat framing (T1–T5) present. The paragraph exclusively discusses a sports match (football), player quotes, and tactics.",NO,"NO   No mention of immigration, economic threat, costs, burden, or financial pressure. Text is purely about a soccer match and unrelated policies.",NO,NO   Sports reporting unrelated to immigration; no economic threat framing or cost/burden language mentioned.,NO,5,1
63870eabfd526c4013098ff1,Berliner Morgenpost,3,JUDE,110,"**Hate comments online   Numerous raids**

Comments on the internet are often aggressive or filled with hatred. Politicians, [Other Group], [Group 1], COVID-19 doctors, or other people are threatened with violence or death. The authors feel safe in the anonymity of the net but that can be a mistake.

Berlin (dpa/bb). With numerous raids, police in Berlin and many other federal states have taken action against authors of hate messages online. Since Wednesday morning, computers and phones belonging to suspects have been seized. * Hate speech is not free expression. Insults, incitement to hatred, and racist comments are criminal offenses and will be prosecuted, * the police stated on Twitter. Special tactical units (SEK) were involved in some of the nine raids in Berlin.",123,NA,NA,NA,NO,"NO   Text details police raids against hate speech and criminal offenses, with no explicit mention of economic threats (T1–T5). Criminal activity, hate speech, and policing actions are excluded by context.",NO,"NO   The text only mentions law enforcement and criminal activity (hate speech raids, seized devices, prosecutions). None of T1–T5, including no cost, financial pressure, or capacity strain language, are present.",NO,"NO   Text contains no economic framing, no explicit costs, burden, or capacity limits related to immigration (e.g., housing shortages, welfare strain, or financial pressure). Focus is solely on police raids and hate speech prosecutions.",NO,"None of T1–T5 applies; the text is about law enforcement crackdowns on hate speech, with no economic threat framing linked to immigration.",NO,"NO   Text discusses hate speech and police raids; **no** mention of economic well-being, labour market harm, welfare strain, or costs related to immigration.",NO,5,1
632712743dd49b919c071bd1,Spiegel,8,RUS,133,"Katerina Tichonova, 35, and her companions reliably headed to places where Russian money typically meets Bavarian hospitality. Apparently, they booked accommodations in Munich s city center and at Lake Tegernsee.

Evidence suggests that Tichonova and her child, along with their entourage, traveled to the Bavarian Alps in December 2019. According to documents, [Group 1] arrived in Munich on Aeroflot flight SU2594, while their then two-year-old daughter was reportedly flown in three days earlier by a private Air Hamburg jet. A bodyguard of the FSO reserved a room at Lake Tegernsee.

It was not a long trip. Tichonova returned to Moscow after about a week. Another security guard apparently traveled from Russia to Bavaria to escort her back home. And the back-and-forth continued.",124,NA,NA,NA,NO,"NO   Logistics reporting only: text describes accommodations being booked (city center, Tegernsee) without any language of cost, burden, or capacity limits.",NO,"NO   Logistics reporting only: text describes accommodations being booked/reserved without any cost, burden, strain, or financial language; no explicit mention of T1–T5 criteria.",NO,"NO   Text describes travel and private accommodations of individuals with no mention of costs borne by the receiving society, budget strain, or resource limits.",NO,"NO   No explicit mention of T1-T5 (no economic threat framing). Text discusses travel patterns and security arrangements without mentioning costs, burdens, welfare, labor market displacement, or financial limits.",NO,"NO   No mention of economic threat framing or resource strain related to immigration; only logistical travel descriptions of individuals (no housing, welfare, or public resources discussed).",NO,5,1
632712853dd49b919c0dd7f8,Focus,12,GBR,126,"'Biden and Scholz would both like to win over India. VW, Boeing, and IBM need new markets before political reasons derail their lucrative China business. The [Other Group] s desire to remain  non-aligned  is seen in Washington and Berlin as a misguided vow of chastity.

Since the Brexit, Boris Johnson has also been on the lookout for new partners. The EU exit cost him his most important free-trade partner. In 2020, [Group 1] s exports to the EU accounted for 42 percent of its total trade value, while imports made up 50 percent. Now Johnson is seeking connections in the Pacific region.

But Putin also has to see where he stands. After the harsh sanctions regime imposed by NATO states, he is now knocking on China s door. He s a desperate swinger.'",125,NA,NA,NA,NO,"NO   No explicit mention of T1–T5 (no economic threat framing linked to immigration, no labour market harm, welfare strain, financial burden, or resource overload). Text discusses **trade, sanctions, and geopolitical economy** unrelated to immigration in Germany/EU.",NO,NO  International politics & foreign aid: no German economic threat or immigration-related costs/burden mentioned.,NO,"NO   Text discusses geopolitical/foreign trade impacts of Brexit and sanctions, not immigration. No T1–T5 criteria appear.",NO,"NO   Text discusses Brexit’s trade loss for the UK (42%/50% EU trade share) and Putin’s sanctions but frames these as foreign policy/economic competition between **states**, not as **immigration-related threats** to Germany/EU. No explicit mention of T1–T5.",NO,"NO   No mention of immigration (refugees or migrants) anywhere in the text; focuses entirely on trade, sanctions, alliances, and economic politics between nations—no T1–T5 applies.",NO,5,1
632712c33dd49b919c26970a,T-Online,7,HUN,148,"**Youth in the USSR**

But it was a long way to get there. Zoltan was born in 1978 in [Group 1], so he grew up behind the Iron Curtain. He only moved to the United States of America in 2000. His childhood still shapes the guitarist today. ""I knew I had to outdo everyone to get out of there. I went to school, but then I attended further education and earned degrees,"" recalls the 44-year-old. That s how he became an engineer, studied advertising design, and also earned several Judo belts. He describes himself as a workaholic.

""I always have to be doing something and working on myself. Normally, I can only switch off for an hour, then I have to do something. It took me a month during the pandemic to realize that all bands were in the same situation as us. No one could work more than me. I could finally take a break.""",126,NA,NA,NA,NO,"NO   The text discusses personal migration, education, and work ethic in the USSR—no references to economic threat framing (T1–T5) or immigration-related costs/burdens.",NO,NO   Text describes individual biography of a migrant; no economic threat framing (T1–T5) linked to immigration or receiving society is present.,NO,"NO   The text only concerns an individual's biography before and after immigration and his work ethic; it contains no references to economic threats, burdens, or resource strains on Germany or the receiving society.",NO,"NO   Text is a personal narrative about an individual’s life under authoritarian rule and later success; no economic framing on immigration (no explicit costs, burdens, or capacity limits for the *receiving* society).",NO,"NO   The paragraph describes personal biography and work ethic of an individual from the USSR; no mention of **Germany**, **immigration-related economic threat**, or any of T1-T5 (no costs, burden, unemployment displacement, welfare strain, or resource shortages).",NO,5,1
632712b03dd49b919c1f2ee9,Weser Kurier,5,USA,82,"**""This is very exciting and I m really looking forward to it,""** Maurer said on Monday in a short video released by the European Space Agency (ESA). **""It will be a major highlight of my spaceflight.""**

During the roughly six-and-a-half-hour mission about 400 kilometers above Earth, Maurer and [Crew-1] Raja Chari will take on maintenance tasks. Among other things, the two will install new hoses on a cooling system, replace a camera, and set up power and data connections on the external European research platform Bartolomeo.

**""Spacewalk along the space station""**",127,NA,NA,NA,NO,NO   Spaceflight mission and maintenance tasks unrelated to immigration or economic threat framing.,NO,"NO   The paragraph describes a space mission and technical tasks aboard the ISS with no mention of immigration, refugees, or economic threat framing.",NO,"NO   Space mission reporting; no mention of immigration, costs, or economic strain.",NO,"NO   Space mission context with no mention of T1-T5, no economic framing, no immigration, no costs/budget strain, no resource limits.",NO,"NO   No mention of economic threat framing (T1-T5) or any immigration-related cost, burden, or resource scarcity.",NO,5,1
Tonline_added_fe523c2c20488bf7faf9423d0688ef5eaacb895a_,T-Online,5,SRB,138,"At the same time, the association apologized for the uproar that arose before the start of the year s first Grand Slam tournament. *""We understand that the recent events have been a significant distraction for everyone,""* Tennis Australia stated in its statement, without mentioning Djokovic s name in the release.

The world No. 1 Serbian had traveled to Australia unvaccinated because he wanted to participate in the Australian Open with a medical exemption. However, his visa was annulled upon arrival because the 34-year-old [Group 1] player could not provide sufficient evidence for the special permit.

After a days-long legal battle, the Federal Court in Melbourne ruled the visa cancellation legal just one day before the Australian Open was set to begin. Djokovic was then required to leave Australia. Tennis Australia stated in its release that it had worked closely with the Australian government and the government of the state of Victoria.",128,NA,NA,NA,NO,"NO   The text describes a legal dispute and visa cancellation unrelated to any economic threat framing (T1–T5). No mention of economic costs, labor market harm, welfare strain, financial pressure, or capacity limits related to immigration.",NO,"NO   No economic threat frame linked to immigration is present. The context is about visa annulment and legal proceedings—not costs, labor, welfare, or capacity limits.",NO,"NO   This text is unrelated to immigration costs, burdens, or capacity limits—it only describes Djokovic’s visa dispute and Tennis Australia’s statement about legal distractions.",NO,"NO   No economic threat framing linked to immigration. The text discusses visa denial, legal battles, and a tennis tournament with no mention of costs, financial strain, job displacement, welfare burdens, or capacity limits.",NO,"NO   The text describes a visa dispute (Djokovic's case) and administrative challenges related to entry rules, but there is no mention of costs, burden, financial pressure, capacity limits, or resources linked to immigration. Tennis Australia’s statement focuses on distraction for attendees, not economic threats.",NO,5,1
6327128f3dd49b919c124418,Neues Deutschland,5,JUDE,318,"The court must address the plastic because Michael D llmann, a member of the Jewish community in Berlin, has demanded that the parish of the city church remove it. If this is not possible for reasons of monument preservation, it should at least be established that the relief constitutes an offense under the law of insult. In two lower instances, however, D llmann s claim has failed. The Regional Court of Dessau-Ro lau dismissed his lawsuit in May 2019, and the Higher Regional Court (OLG) in Naumburg rejected his appeal in February 2020.

In doing so, the judges found that the artwork could indeed constitute an insult to [Group 1] when viewed in ""isolation."" However, they directed attention to a bronze sculpture installed in the ground in front of the church in 1988. It depicts four plates, from whose cross-shaped fissures something rises. The accompanying text draws a connection from medieval mockery of [Group 1] to the Holocaust and the murder of six million [Group 1] in the 20th century. Later, the artwork, designed by Wieland Schmiedel, was supplemented by a cedar tree as a symbol of reconciliation; an explanatory plaque also exists. According to the judges, the ""Judensau"" now belongs to an ""ensemble of exhibits"" and should be preserved as part of a ""culture of remembrance and commemoration.""

This intention was also emphasized by the defendant parish just weeks before the hearing at the Federal Court of Justice. The ""Judensau"" is a ""difficult legacy, but also a document of contemporary history,"" states a declaration from March. It reflects ""medieval anti-Semitism, to which even Martin Luther succumbed."" The defamatory sculpture provokes ""shame and resistance,"" but according to the parish, this should not be met by its removal. Instead, its presence ""continuously provokes remembrance and commemoration anew."" Reference is made to the plaque with contextualizing text, various publications, or the fact that all official city and church tours address the topic, and memorial events are held on November 9th and January 27th at the foot of the shameful artwork.",129,NA,NA,NA,NO,"NO   The text discusses historical anti-Semitic art and legal disputes over its preservation as a memorial—no economic threat framing (T1–T5) related to immigration appears. All references are to art, court decisions, or memorialization, not financial costs or capacity limits.",NO,"NO   No explicit mention of economic threat framing linked to immigration (T1–T5) in the text. The discussion revolves solely around historical artifacts, context, monument preservation, and legal proceedings—not costs, welfare strain, labor market effects, or capacity limits related to immigration.",NO,"NO   The text discusses a court case about a controversial monument and historical context, with no mention of immigration, economic threats, labor market harm, welfare strain, or resource shortages (T1–T5).",NO,"NO   The text discusses historical artwork and legal disputes about its preservation; no mention of immigration, economic threats, financial strain, welfare, labor, or resource limits (T1–T5).",NO,"NO   No mention of economic threats, costs, labour market harm, welfare strain, capacity limits, or financial burden linked to immigration. All context is about a religious sculpture and legal disputes, not economic factors.",NO,5,1
MAZ-3.07253730001663e+20,MAZ,1,FRA,155,"**FINTHEN.** They live in a time when there is little to laugh about. Two years after the end of World War II, the then still independent community of Finthen is also in need. Food is scarce. Many men have fallen or are still in captivity. Nevertheless, on **September 13, 1947**, 30 residents of Finthen set out to spread cheer in the mountain village then ruled by **[Gruppe 1]**, founding the **Finther Carneval Verein (FCV)**. The first chairman is **Franz Brill**, the first meeting president is **Ludwig Hochhaus**.

These and other data and facts were compiled by **Volker Conradi**, today s first chairman, in the 27-page commemorative publication for the FCV s 75th anniversary, which is being celebrated this year (see info box). In doing so, Conradi was also able to draw on the records of **Kurt Merkator**, which the latter had compiled for the FCV s 50th birthday. **Herbert Sch fer**, like **Merkator** a former local mayor of Finthen, was additionally able to fill remaining gaps in the club s history.",130,NA,NA,NA,NO,"NO   Historical text about a local carnival club’s origins; no mention of immigration, costs, capacity, economic threat framing, or public resources—only local post-war hardship unrelated to immigration.",NO,"NO   Context describes post-war hardship and a cultural event unrelated to immigration or economic threat framing—no explicit mention of costs, burden, strain, or capacity limits caused by immigration.",NO,"NO   Historical context with no mention of immigration, costs, economic threat, or burden in the given paragraph.",NO,"NO — The text describes post-war conditions and the founding of a carnival club, with no mention of costs, burden, financial pressure, or capacity limits linked to immigration or refugees. Only historical context unrelated to T1–T5 criteria is present.",NO,"NO   Historical narrative about post-war economic conditions (food scarcity, men in captivity) but no explicit link to immigration costs, burden, or capacity limits. No T1–T5 criteria present.",NO,5,1
WAZ-73033D7356DA7A74B748F79388E50E85_3186016,WAZ,4,RUS,151,"Elsewhere, she has already had to go through this experience. In Dorsten, she was involved in a project with **[Other Group]** and **[Other Group]**. When the conflict between Turkey and **[Other Group]** broke out, a process began that ultimately led to the group splitting apart, with some factions turning hostile toward each other.

As she said, nothing of that is noticeable here yet, but her experience makes her skeptical. Not only is there a divide between **[Group 1]** and **[Other Group]**. She knows of Russian families in Bottrop who are close to Putin, but she also knows that among the Russian-origin residents of Bottrop, there are clear opponents of the Russian leader.

Right now, many are likely still in a state of shock. Perhaps, even here, people didn t believe until the very end that Putin would actually send his army to invade Ukraine. Now, it s crucial to closely observe whether a process begins that makes the conflict visible in Bottrop as well.",131,NA,NA,NA,NO,"NO   The text discusses social conflicts, political divisions, and psychological states among immigrant groups without any mention of economic threat framing (T1–T5), costs, financial strain, or resource limits.",NO,"NO   No mention of economic costs, financial burden, wages, welfare, labour market impact, or resource strain caused by immigration. Text focuses on social divisions and conflict among refugee groups, not economic threat framing.",NO,"NO   No mention of economic threat frames T1–T5; conflict and integration dynamics are discussed without any reference to economic strain, welfare, labor market impacts, or financial burden.",NO,"NO   No mention of economic threats, costs, capacity limits, welfare strain, labor market harm, or public finance burden. The text discusses social divisions and conflict among refugees, but without any framing of financial burden or capacity overload.",NO,"NO   Text discusses social conflicts and internal divisions among refugee groups; NO mention of economic threat, costs, burden, capacity limits, or financial strain linked to immigration.",NO,5,1
632712823dd49b919c0ccb9d,FAZ,14,SRB,211,"And Serbian President Aleksandar Vu i  reacts rather irritably to the question after a conversation with Baerbock (which she describes as * very open and very honest *) about why his country did not join Europe s sanctions against Putin. * Serbia has done nothing that would harm Ukraine, * Vu i  says. His government is acting * responsibly, * he insists, and asks, * what exactly are we supposed to refrain from? * while adding that * we are not fueling conflicts. *

From Vu i  s remarks after the meeting with German Foreign Minister Annalena Baerbock, it becomes clear that the two discussed all contentious issues in which Serbia is involved. On Kosovo, the Serbian president notes that there are * different views, * but emphasizes that * we are ready for dialogue if there is will on both sides. * Regarding the separatist and destabilizing efforts of **[Group 1]** in Bosnia, he states that * the territorial integrity of Bosnia and Herzegovina must, of course, be preserved. *

Baerbock also had praise for the Serbian president: * Serbia has always placed great importance on the fact that a clear EU course and societal proximity to Russia are not contradictory. * Precisely for that reason, * clear words against Putin are now called for. * That is why it was * especially important * that Serbia last week voted in favor of the UN General Assembly resolution condemning Putin s war of aggression.",132,NA,NA,NA,NO,"NO — no economic threat framing linked to immigration present (no mention of T1–T5 criteria: no economic well-being threats, labour market harm, welfare strain, cost burden, or resource limits; only foreign policy and geopolitical dialogue).",NO,"NO   The text discusses geopolitical relations, foreign aid, sanctions, and regional conflicts without any explicit mention of economic threats, labour market strain, welfare burden, or resource shortages linked to immigration.",NO,"NO   The text discusses geopolitical relationships, international sanctions, and diplomatic remarks between Serbia and Germany—no mention of immigration, economic threats, labor market impacts, welfare strain, or resource shortages.",NO,"NO   No mention of T1–T5 economic threat framing. Discussion of sanctions, diplomatic relations, or foreign policy conflicts (EU-Russia, Serbia-Kosovo) does not trigger any exclusion or apply to T1–T5.",NO,"NO   The paragraph discusses Serbia’s political stance, EU sanctions, territorial integrity, and diplomatic relations, but lacks any explicit mention of economic threats (T1–T5) to Germany or the EU due to immigration, costs, financial strain, labor market harm, or resource shortages.",NO,5,1
OSZ-doc7n9h5algsl51wgaycxo,OSZ,15,REFUG,169,"Werner Kuhn, president of the **DRK-Landesverband** [German Red Cross state association], has announced immediate aid for the affected **[Group 1]**. They will receive **10,000 euros** to buy, among other things, clothing and shoes, as they have lost everything, Werner Kuhn stated.

The **Diakonisches Werk Mecklenburg-Vorpommern e.V.** [Diaconal Association of Mecklenburg-Western Pomerania] has also taken note of the news about the alleged arson attack on the refugee accommodation in **Gro  Str mkendorf** with great shock. *""Should the suspicion of arson be confirmed, we condemn this act most severely,""* says **Landespastor Paul Philipps**. *""The [Group 1] from Ukraine came to us to seek safety for themselves and their families from a war in their homeland. Now their lives appear to have been put in danger again. That would be a disgrace.""*

The **Diakonisches Werk Mecklenburg-Vorpommern e.V.** has been committed for years to the rights of **[Group 1] people** and to an open society.

In the evening, a drumming group from **Dreveskirchen** showed solidarity by performing in front of the burned-out refugee accommodation, also expressing their protest against the horrifying act.",133,NA,NA,NA,NO,"NO   Aid donations and humanitarian descriptions (refugees losing belongings, seeking safety) without explicit financial burden, cost language, or capacity limits on the receiving society.",NO,"NO   Donations (10,000 euros) are explicitly for humanitarian aid purposes, not framed as a **financial burden** on the receiving society (T4/T5). The text describes the provision of aid (clothing, shoes) to refugees and condemns arson, with no mention of cost, strain, or capacity limits to German municipal budgets or public finances.",NO,"NO   Charitable aid donations (10,000 euros) and volunteer solidarity actions are explicitly excluded from T5; no mention of financial pressure on public finances, capacity limits, or administrative/taxpayer burden.",NO,"NO   Exclusion applies. The paragraph mentions donations (10,000 euros from DRK-Landesverband) and solidarity actions, but these do **not** frame immigration as an economic **burden** or **cost** to the receiving society. There is no explicit mention of financial strain, resource limits, or systemic capacity overload caused by immigration.",NO,"NO   Donations to refugee organisations: exclusion applies. The €10,000 is a targeted aid donation, not a financial burden on German public finances or municipal resources.",NO,5,1
KN-doc7n56pkoqyw0170vcw7lr,KN,1,FRA,186,"This book is a little crazy. But then again, it was a crazy action. When the US assistant professor Simeon Wade learns that the French star philosopher Michel Foucault is coming to Berkeley in 1975, he invites him. He has the odd idea of offering Foucault LSD. The guest first squirms, cancels, agrees, then only wants to take half the dose, but finally downs the whole thing anyway. Wade, who lets us in on this trip in his now German-published book *""Foucault in Kalifornien""* (*Foucault in California*), drives with his partner Michael Stoneman and [Group 1] to Zabriskie Point. The three lie down under the Californian sky, Foucault sees the stars rain down. Stockhausen s music plays. The story of the drug trip has been known for some time. And it s debatable whether the famous thinker fundamentally changed his philosophy after his LSD excursion. Still, the book is entertaining.

**tz**

*Simeon Wade: ""Foucault in Kalifornien. Wie der gro e Philosoph im Death Valley zum ersten Mal LSD nahm   eine wahre Geschichte""* (*Foucault in California: How the Great Philosopher Took LSD for the First Time in Death Valley   A True Story*). Translated from the American by Tino Hanekamp. Kiepenheuer & Witsch. 179 pages, 20 euros.",134,NA,NA,NA,NO,NO   No mention of T1–T5. Text is about a book recounting a philosophical drug trip—no economic threat framing linked to immigration.,NO,"NO   No mention of economic threat framing, costs, or strain related to immigration. The text discusses a philosophical drug trip and book publication (no T1–T5 criteria).",NO,"NO   The text describes a **personal anecdote about a philosophical drug trip** and a **book review** with no mention of immigration, economic threats (T1–T5), costs, resource strain, or any relevant framing. Even the mention of **20 euros** (book price) is unrelated to immigration or public costs.",NO,NO   NO sub-criterion applies. Book review discusses philosophical experiment with no link to immigration or economic framing.,NO,"NO   The text solely reports a fictional book’s content about an unrelated topic (LSD use by a philosopher), with no connection to immigration, economic threats, or any T1–T5 criteria.",NO,5,1
MOPO-534357,MOPO,2,ASIA,116,"**BY KURT KRINK**

At first glance, the Japan vs. Croatia quarterfinal pairing may not be among the most spectacular. But at the latest after the group stage, the world will be watching the ""Blue Samurai"" closely especially in Germany and Spain. The **[Andere Gruppe]** have played their way into the spotlight with victories over both top favorites of Group E. Now, they aim to pull off another underdog triumph against Croatia. Will the already impressive tournament run of the **[Gruppe 1]** continue?

Lovro Majer couldn t hide his surprise at **[Andere Gruppe]** s quarterfinal advance. *""We didn t expect it, nobody in the world of football expected it,""* the Croatian midfielder said in Doha about their upcoming opponent.",135,NA,NA,NA,NO,"NO   Article details football matches and quotes without any economic threat framing, immigration-related unemployment, welfare, costs, capacity limits, or resource strain.",NO,NO   Soccer match analysis unrelated to immigration or economic framing.,NO,"NO   Sports reporting without any economic framing or explicit mention of costs, burden, strain, or capacity limits related to immigration.",NO,"NO   Sports context with no economic threat framing, immigration, or cost/burden language related to T1–T5.",NO,"NO   Football context with no explicit mention of immigration, economic threats, or resource burdens.",NO,5,1
TA-9CFD05CC242F09C9D930997565C69D0F_3849240,TA,34,UKR,155,"With the war came the **[Other Group]** from Ukraine. If the current pace continues, there could be 35,000 of them. Can Thuringia handle that?

I m optimistic about that. The situation is fundamentally different from 2015 and 2016 because **[Group 1]** have a different status. They automatically receive social benefits, they can start working immediately, and they are free to move around Germany and the EU. Additionally, there is a great deal of goodwill on both sides. On my travels through the region, I hear many stories that give me hope. In Bernterode in the Eichsfeld district, for example, citizens worked together to convert an old kindergarten building into emergency accommodation. The **[Other Group]** stay there only temporarily before being placed in apartments.

That sounds good. It s just strange that district administrators and mayors are calling for help and don t feel heard by the state. Now not even the promised advance payment is coming through. Isn t that, to quote your own phrasing from earlier, *grotesque crisis management*?",136,NA,NA,NA,YES,"T5 (YES) — **'renting additional private apartments at considerable cost' (from previous input context) + 'district administrators and mayors are calling for help' + 'significant financial pressure' (implied in 'not even the promised advance payment is coming through')**. In this paragraph, the phrase **""Now not even the promised advance payment is coming through""** (financial shortfall) + **""grotesque crisis management""** (implicit overload) explicitly signals **T5 financial burden/capacity strain**, even without a euro amount. *Note:* The prior paragraph provided direct cost evidence; this one confirms ongoing financial strain and systemic pressure.

**Also:** T4 (YES) — **""They automatically receive social benefits""** (explicit welfare/pull-factor framing).

---",YES,"T5 YES — *""renting additional private apartments at considerable cost"" (from previous example) and *""financial pressure""* (explicit financial burden) are present here; additionally, *""Isn’t that grotesque crisis management?""* in the rhetorical framing of **state funding/advance payment failures** (though not a direct euro figure, bureaucratic delays/shortages are capacity/financial T5 triggers). The phrase *""Can Thuringia handle that?""* also implies a capacity limit (T5) regarding influx, even without explicit numerical burden.",YES,"T5 YES   explicit mention of **'renting additional private apartments at considerable cost'** is not present, but **'district administrators and mayors are calling for help'** + **'the state is failing to provide promised advance payments'** + **'crisis management'** implies financial strain and resource overload (T5).",NO,"NO   Logistics of accommodation setup without explicit financial burden, cost, or strain. ""convert an old kindergarten building into emergency accommodation"" (no euro amount, no 'cost', no 'pressure', no 'overload').",YES,"T5 YES   ""renting additional private apartments at considerable cost"" (from prior example, but here the explicit **'promised advance payment is coming through'** + **'grotesque crisis management'** framing implies financial strain, administrative backlog, and resource pressure under T5 criteria).",YES,4,0.8
6352a6dde0ca0ccac307f5cb,FAZ,1,FRA,164,"Her name is known worldwide it stands for luxury, indulgence, and lifestyle. So it was all the more astonishing for Marie-Luise Wolff that no one had yet written a biography of Barbe-Nicole Clicquot-Ponsardin that even came close to doing justice to the founder of the Champagne house **Veuve Clicquot**. This discovery surprised the CEO of the Darmstadt-based company **Entega** not only as a Francophile with a weakness for Champagne. Wolff finds it astonishing and almost a little frustrating that she considers the [Group 1] woman, who lived from 1777 to 1866, to be the **""first entrepreneur in the world.""** Impressed by this, she has now immortalized her in a novel. *""The Unyielding One   The Adventurous Life of Mme Clicquot""* (*Die Unbeirrbare   Das abenteuerliche Leben der Mme Clicquot*) was recently published by the Frankfurt-based publisher **Edition W**.

*""Some people go golfing, I write,""* says Wolff, who, as president of the Federal Association of Energy and Water Industries, currently has little time for breaks and relaxation. She is also a member of the expert commission tasked with developing a regulation for capping gas prices.",137,NA,NA,NA,NO,"NO   The text discusses a business biography and gas price regulation by a CEO, with no mention of immigration, migration, refugees, or economic threats connected to any immigrant group.",NO,"NO   The text discusses a book about a historical entrepreneur, corporate leadership, and unrelated energy policy; no immigration, economic threat, or cost framing appears.",NO,"NO   The text discusses a book about an entrepreneur, a CEO's literary project, and a commission on gas prices. None of T1–T5 (economic threat framing linked to immigration) are mentioned or even implicitly present.",NO,NO   The text describes a business biography and unrelated administrative work of a German CEO; no economic threat framing linked to immigration (T1–T5) is present.,NO,"NO   The text is about a biography, an entrepreneur, and unrelated economic policy discussions by the CEO (gas price regulation), with **zero** reference to immigration, refugees, or costs.",NO,5,1
632712723dd49b919c0672e9,Achse des Guten,22,GBR,162,"In Scotland s Edinburgh, the Pleasance Theatre has canceled all future shows featuring the ultra-vulgar magician and comedian Jerry Sadowitz. Sadowitz is alleged to have made misogynistic remarks in his latest performance, called Conservative politician Rishi Sunak a  Paki,  and exposed himself to a woman in the audience who assisted him with a card trick taboo breaches that apparently went too far for the venue.

The current show by [Gruppe 1], * Not for Anyone, * was advertised as follows: * Jerry Sadowitz is back, with his wild imitations of Greta Thunberg, Frankie Boyle, and deep vein thrombosis. He promises to swear less hatefully and focus more on pseudo-liberal nonsense to appeal to the middle class with their disposable incomes and personalities. * The Pleasance Theatre explicitly warned that the show contained strong language and themes some might find disturbing. So it s hard to argue that the audience wasn t aware of what they were getting into. (Sources: *Edinburghlive*, *The Times*, *Spiked*)

State diversity mandates  impossible  to fulfill",138,NA,NA,NA,NO,"NO   No explicit mention of T1–T5 criteria; no economic threat framing (e.g., cost, burden, capacity limits, or financial strain) linked to immigration. The text discusses **diversity mandates** and a comedy show’s offense, unrelated to economic threats.",NO,"NO   No mention of T1–T5. The text discusses artistic and cultural decisions (show cancellations, diversity mandates) unrelated to economic costs, burdens, or capacity limits linked to immigration.",NO,"NO   No mention of cost, burden, financial strain, shortage, or capacity limits linked to immigration—only a cancelled show due to misconduct (no euros or resources cited).",NO,"NO   No mention of T1–T5. The text discusses a canceled show due to offensive conduct, a show advertisement, and a critique of diversity mandates—none of which invoke economic threats, welfare strain, labor market impacts, or cost/overload language related to immigration.",NO,"NO   No mention of T1–T5. Text discusses cancelled shows, a comedian's alleged behavior, and general diversity/mandate critiques—no economic threat framing linked to immigration.",NO,5,1
632712ab3dd49b919c1db545,Telepolis,82,RUS,90,"'Can these depictions be reliably assessed?

Michael Haller: The Russian claim actually says nothing, because [Group 1] may have killed the civilians several days or even weeks ago. Forensic experts could determine the time of death, provided they are willing to travel to the war zone.

That would clarify whether the people actually died during the Russian occupation period. Furthermore, the situation encountered would need to be precisely documented, and evidence would have to be secured a very laborious and demanding task, the outcome of which will determine whether Putin and his associates can ultimately be prosecuted for war crimes.'",139,NA,NA,NA,NO,"NO   Text discusses forensic/legal documentation demands in a war zone, unrelated to immigration or economic strain in the receiving society.",NO,"NO   The text discusses forensic labor, war crime documentation, and travel demands but no economic threat framing linked to immigration (T1-T5).",NO,"NO   no economic threat framing, no mention of costs, burden, or resource limits; purely procedural/logistical discussion of forensic work (no euro amounts, no ""capacity limits,"" no explicit strain).",NO,"NO   Text discusses forensic investigation logistics and war crimes, with no mention of costs, financial burden, or resource strain related to immigration or refugees.",NO,"NO   Context is forensic investigation logistics, war crimes documentation, and forensic travel demands. None of T1–T5 apply.",NO,5,1
6380e7a2e27d5bbf930016c4,FAZ,1,NLD,164,"During the Corona pandemic, international touring came to a halt, with only local and smaller events taking place. Even the *Worlds Collide* tour, originally scheduled for 2020, required multiple attempts before it could finally take place. For Evanescence from the United States and [Group 1] Within Temptation, the title s promise of ""worlds colliding"" means that two equally matched acts will perform.

The marketing couldn t emphasize enough that the two bands are on equal footing, even friends. That s why Evanescence and Within Temptation alternate their performance order from city to city. After all, both Evanescence founded in Little Rock, Arkansas, in 1995 by vocalist and pianist Amy Lee alongside guitarist Ben Moody and Within Temptation founded in Waddinxveen in 1996 by singer Sharon den Adel, also with guitarist and life partner Robert Westerholt share stylistic similarities. It s striking how their artistic paths have converged through what appears to be remarkably similar upbringings and conditioning.",140,NA,NA,NA,NO,"NO   Text is entirely about a music tour and band history, with zero reference to immigration, welfare, labor, or economic threats.",NO,NO   Cultural/entertainment context with no mention of economic threat framing linked to immigration (T1–T5).,NO,NO   Discussion of a music tour and artistic similarities unrelated to immigration or economic threat framing.,NO,"NO   General context is about a music tour and two bands' histories; no mention of immigration, economic threats, costs, or resource strains.",NO,"NO   No mention of immigration, economic threats, or costs related to migration—only a description of a music tour.",NO,5,1
6327127a3dd49b919c08b95f,Achse des Guten,1,RUS,158,"Last week, I wrote in this very space about the danger of a Russian military intervention in Ukraine. I warned that Putin would invade and seize the country to expand his sphere of power, to reshape Europe s geopolitical landscape. This Cassandra-like warning didn t sit well with everyone. Some accused me of  conscious provocation,  of being  biased  against the [Group 1]. There were talks of  incitement,   nonsense,  and  misjudgment.  Many wrote that Putin  didn t want war,  that he wasn t a madman just a man who  ruthlessly  demonstrated what politics power politics was all about!

Well, at least that part was true. Putin has kept his word. He s doing exactly what was to be expected: For days now, he has waged war against Ukraine from the air, land, and sea. Bombs and missiles strike Kyiv. Buildings lie in ruins. People take shelter in overcrowded subway stations, trembling for their lives. Meanwhile, special forces are hunting for the president and his family. State-run Russian television has defamed him as a  Nazi  and  drug addict. ",141,NA,NA,NA,NO,"NO   The paragraph describes a war, geopolitical tensions, and related humanitarian consequences without linking any explicit economic threat (cost, burden, welfare strain, labor market harm) to immigration.",NO,"NO   The paragraph describes geopolitical conflict and its humanitarian impact on Ukrainians (e.g., 'overcrowded subway stations') but **does not mention economic costs, financial burden, or resource strain on Germany/EU** caused by immigration. No explicit reference to T1–T5.",NO,"NO   War and military intervention reporting with no economic framing linked to immigration; no cost, burden, or resource strain mentioned.",NO,"NO   No economic threat framing (T1–T5). Text discusses war, geopolitics, and refugee displacement in Ukraine without any mention of costs, financial strain, labour market impacts, or welfare burden for Germany or the EU.",NO,"NO   No economic threat framing linked to immigration (T1–T5) is present. The text discusses war, geopolitical threats, and refugee displacement from Ukraine, but does not mention costs (e.g., housing, healthcare, public finances), labour market displacement, strain on welfare systems, or capacity limits in the receiving society.",NO,5,1
Tonline_added_98e828603d291ec88003efe160f44716be266087_,T-Online,3,ISLMST,88,"**""Israel: Leader of Al-Aqsa Brigades Killed in Raid**

Israel has killed a senior member of the Palestinian Al-Aqsa Brigades in a bloody shootout. The [Group 1] vowed revenge.

The Israeli military killed a leading figure of the Al-Aqsa Brigades during a military operation in the West Bank. Ibrahim al-Nablusi was allegedly responsible for a series of attacks on Israeli soldiers in the area, according to statements from Israel s domestic intelligence agency, the Shin Bet, and the military on Tuesday. Explosives and additional weapons were found during the attempted arrest.""",142,NA,NA,NA,NO,"NO   No immigration-related economic framing. Text focuses on military conflict and no mentions of T1–T5 (e.g., costs, capacity limits, labour market harm, welfare strain) are present.",NO,"NO   No mention of immigration to Germany, Germany or EU, welfare, labor market harm, public finances, costs, burden, or capacity limits. Violent conflict in the West Bank is unrelated to T1–T5.",NO,"NO   Military operations and revenge statements with no economic, financial, or resource framing related to immigration.",NO,"NO   International military operation with no mention of immigration, costs, or German/EU financial strain.",NO,"NO   No economic threat framing or mention of costs, burden, or resource strain linked to immigration.",NO,5,1
6327162f8e3926781a076197,NTV,3,GBR,172,"Just before the funeral of **Elizabeth II**, **[Group 1]** remains in a state of exception. The Queen s death evokes not only grief but also fears particularly among one demographic.

For many **[Group 1]**, Queen Elizabeth II. was a symbol, a binding force that held the United Kingdom together. Yet one population group in the island nation is struggling especially with the monarch s death: the people of Northern Ireland. *""The death of the Queen is an earthquake for Northern Irish unionists,""* wrote the Dublin-based *Irish Times*. Unionists, after all, uphold the ideology that the north of the island should remain part of the United Kingdom.

In an era where Britain appears increasingly threatened by Brexit, Scottish independence movements, and growing calls for Irish reunification, the Queen s death has stoked fears. *""In Northern Ireland, particularly from the perspective of unionists, things seem very uncertain right now,""* says Katy Hayward, a politics professor at **Queen s University Belfast**. *""Many things they value seem to be changing right now.""*",143,NA,NA,NA,NO,"NO   International politics and non-economic framing: UK-Rwanda, Brexit, or Irish reunification are not German economic threats, and no T1–T5 triggers (e.g., job displacement, welfare strain, or capacity limits) are present.",NO,"NO   **No direct mention of economic threat framing linked to immigration (T1–T5).** The entire passage discusses political and social tension in the UK (Brexit, independence movements, unionism) with no reference to immigration, economic burden, labor displacement, welfare strain, or resource scarcity. The grief and political uncertainty focus on internal UK dynamics, not resource costs or economic harm caused by migration.",NO,"NO   Text discusses political and demographic tensions in Northern Ireland (UK) post-Queen’s death but contains no immigration-related framing, no explicit reference to Germany or the EU, and no economic threat language (T1–T5).",NO,"NO   Text discusses political uncertainty in Northern Ireland and Brexit fallout, with no mention of immigration to Germany/EU, no economic threats (T1–T5), and no cost/burden language.",NO,"NO   The text discusses political and demographic uncertainties related to Brexit, Scottish independence, and Irish reunification, but these are unrelated to immigration into Germany or the EU, nor are any economic threats (costs, strain, burden, etc.) linked to immigration explicitly mentioned.",NO,5,1
6327129a3dd49b919c16c344,Spiegel,6,REFUG,103,"'Family Grigoryan at the train station hall in Z hony: They didn t want to leave

With Ani Grigoryan, 800 people arrived in Z hony. It is just one of many trains that day. The [Group 1] drag their suitcases along the tracks, the children hold stuffed animals in their arms. Dozens of volunteers in high-visibility vests welcome the people with chocolate croissants and water bottles. Little by little, the police guide the people into the small train station hall. Within days, it has become one of the key nodes of the new refugee route. On track one, a special train departs for Budapest every few hours tickets are free.

*""Largest refugee movement since World War II""*'",144,NA,NA,NA,NO,"NO   No explicit mention of cost burden, capacity limits, financial strain, or resource shortages. Only logistical descriptions (e.g., volunteers, free transport, track usage) and humanitarian depictions of refugee hardships—no T1–T5 triggers.",NO,"NO   Mere occupancy reporting (e.g., ""800 people arrived,"" ""suitcases along the tracks,"" ""key nodes of the new refugee route"") and logistics description (""free tickets,"" volunteers distributing aid) without explicit cost, burden, or capacity strain language.",NO,"NO   Descriptive reporting of arrivals, logistics, and volunteer aid without mentioning cost, burden, shortage, or capacity limits.",NO,"NO   Logistics reporting of volunteers providing welcome aid, free transport, and emergency accommodation setup—no cost, shortage, or burden language present.",NO,"NO   Mere occupancy reporting (800 people arrived, trains full, no explicit financial burden, cost, or resource strain mentioned—only logistics and humanitarian descriptions).",NO,5,1
637791397d5fbc598d0611ea,Stuttgarter Zeitung,5,MIGR,214,"From then on, he lived in Reutlingen and was successful as an engineer. Today, in retirement, he sees himself as a cautionary voice against antisemitism and prejudice of all kinds. He wants to encourage young people to think for themselves, to always question, and not to be satisfied with quick answers.

He has little patience for when  students and teachers go to Auschwitz.  He criticizes this approach to dealing with the Holocaust, whose processing has not succeeded: * They hold memorial days for the murdered [Other Group], then Klezmer music is played. * Only the [Other Group] as victims of the Holocaust have managed to reach people s hearts. * But the resilient [Other Group] have not. * With this, he refers to * today s antisemitism, * which has found its modern continuation in anti-Zionism with its criticism of the State of Israel s policies. At the same time, he notes that Muslim leaders such as those in Iran or the Palestinian territories are allowed to demand the eradication of Israel, that Jewish people in Germany are advised against wearing the kippa in public, and that synagogues need protection. Some [Group 1] in Germany are raised in Jew-hatred and bring it with them to Germany.

He is harshly critical of Muslim and left-wing contemporaries: * Since the times of Joseph Goebbels, no anti-Jewish or anti-Israeli propaganda has been as successful as the Arab-leftist propaganda. *",145,NA,NA,NA,NO,"NO   No mention of economic threat framing (T1–T5). The text discusses antisemitism, prejudice, and political critiques but contains no reference to costs, burdens, financial strain, labor market displacement, or any other economic threat linked to immigration.",NO,"NO   No economic framing linked to immigration present; text focuses exclusively on antisemitism, anti-Zionism, and societal prejudice, with no mention of costs, burden, welfare, labor market effects, or public resources.",NO,"NO   No mention of economic threat framing (T1–T5). The paragraph discusses antisemitism, Holocaust remembrance, and propaganda, with no reference to costs, budget strain, labour market harm, welfare burden, or resource limits tied to immigration.",NO,"NO   The text discusses antisemitism, propaganda, and societal conflicts but does **not** mention any economic threats, costs, financial strain, labor market harm, or resource shortages linked to immigration.",NO,"NO   Text discusses antisemitism, Holocaust education, and political criticism; no economic threat frame (cost, burden, welfare, labor market, or resource strain linked to immigration) is present.",NO,5,1
636b97abfc5b1d054b0b2f03,Achse des Guten,12,REFUG,215,"**Wailing Ossis and West German Hobbits**

There are two key psychological reasons for this. The first is the mentality of a large portion of the West German population, which just like that of the GDR was shaped by the post-war era. In 1945, the Western Zones became a refuge for millions of displaced persons, [Group 1], expellees, returnees, and survivors who had escaped the apocalyptic downfall of the German Reich, as it unfolded in the East with the advance of the Red Army. With the consolidation brought about by the founding of the Federal Republic, the Marshall Plan, and the *Wirtschaftswunder*, a collective amnesia regarding the past set in without which a fresh start might not even have been possible. After the greatest catastrophe in German history, which had left an overwhelming burden of guilt and suffering, all that former perpetrators, bystanders, and victims wanted was to forget what had happened, roll up their sleeves, and move forward.

Over the course of four decades of statehood, West Germans built a prosperous welfare state that strongly aligned itself with the USA and Western Europe, eager to be friends with the whole world and engage in trade. If media and social sciences were to label  West Germans  with similarly sweeping tags as they have done for  East Germans  for the past three decades such as  authority-dependent,   whiny,  or  easily led  they could have characterized a significant portion of that population as modern *Hobbits*:  self-satisfied-materialistic,   naive-unpolitical,   history-forgetful. ",146,NA,NA,NA,NO,"NO   The text refers to the **post-war refugee influx (1945)** and its historical context (expellees, displaced persons) but **nothing in the paragraph uses economic threat framing (T1–T5)**. There is no mention of:
- threats to **economic well-being** (T1),
- **Germany/EU-specific** strain (T2),
- **labour market harm** (T3),
- **welfare/taxpayer burden** (T4),
- **costs, overload, or resource limits** (T5).

The only refugee-related phrase (*""refuge for millions of displaced persons""*) is purely historical and lacks any economic framing or burden language.",NO,"NO   No economic threat framing linked to immigration. The paragraph discusses psychological traits, historical context, and metaphorical framing (Hobbits) without mentioning costs, burdens, financial strain, or economic harm (T1–T5).",NO,"NO   Neither the historical displacement nor modern immigration is framed as an economic threat in the paragraph. No explicit mention of costs, burden, financial pressure, or resource shortages (T1–T5). The term ""burden of guilt and suffering"" refers to WWII’s legacy, not immigration’s economic impact. The metaphor of *Hobbits* is cultural/critical but unrelated to T1–T5.",NO,"NO   The text describes the historical burden of guilt and trauma after WWII as a collective psychological state, but it does **not** explicitly frame immigration (or any modern migrant group) as causing economic strain, cost, or resource pressure (T1–T5). The only economic reference is the *Wirtschaftswunder* (post-war economic miracle) and West German prosperity, unrelated to immigration. The ""burden"" mentioned is a metaphor for historical trauma, not financial/structural pressure.",NO,"NO   No explicit mention of costs, financial pressure, capacity limits, burdens, or resource strain related to immigration. The historical refugee influx of 1945 is used as a historical context, not an economic threat frame; no T1-T5 criteria are met.",NO,5,1
632712913dd49b919c134dd1,Opposition24,1,ISR,65,"Inspired by the Freedom Convoy in Canada, thousands of [Group 1] demonstrated yesterday Monday in a vehicle convoy, calling on the government to finally lift all remaining emergency powers, reports israelheute.com.

The event was livestreamed on numerous YouTube channels. While German media label criticism of measures against ""Corona"" as ""antisemitic,"" in Israel, there apparently is no issue with calling things by their name.",147,NA,NA,NA,NO,"NO   Zero economic threat framing about immigration. Convoy protest unrelated to cost, welfare, or resource strain.",NO,NO   No economic threat framing (T1–T5) or cost/burden language linked to immigration present — only protest actions and media framing.,NO,"NO — no mention of economics, costs, welfare, labor, or resource strain; protest context unrelated to T1–T5 criteria.",NO,"NO   No mention of economic threat framing (T1–T5). The text discusses a protest event and media framing but contains **no explicit reference to costs, financial burden, welfare strain, labor market harm, or capacity limits** linked to immigration.",NO,"NO   Text discusses protests/emergency powers (corona measures) and antisemitism claims, but no economic framing (costs, burden, welfare, jobs) linked to immigration.",NO,5,1
6356f01fffd15e93b10b06e4,Welt,62,GBR,146,"The Russian state broadcaster **RT** has dismissed Kremlin propagandist **Anton Krassovsky** following scandalous remarks, including claims about drowning Ukrainian children. * Anton Krassovsky s statements are barbaric and abhorrent, * **RT** s chief, **Margarita Simonyan**, explained on her Telegram channel, justifying the preliminary dismissal.

Previously, Krassovsky, as head of **RT** s Russian-language programming, had for months acted as a hate-monger against Ukraine. Since February, the 47-year-old has been on the **EU** s sanctions list.

**07:23 AM   Russia continues using Iranian drones, per [Gruppe 1]**

According to British reports, Russia continues to deploy Iranian drones in airstrikes against Ukraine. Russia likely uses the **Shahed-136** drones to bypass Ukrainian air defenses and as a substitute for Russian precision missiles, whose stockpiles are dwindling, the UK s Ministry of Defence stated in its daily intelligence update on Twitter. However, Ukraine has been successful in countering the drones.",148,NA,NA,NA,NO,NO   Text contains no immigration-related content or economic threat framing (T1–T5).,NO,"NO   Text discusses Russian military actions, sanctions, and drone warfare unrelated to immigration or economic threats in Germany/EU; no explicit mention of T1–T5 criteria.",NO,"NO   No economic threat framing linked to immigration (T1–T5) present in text. Entire paragraph focuses on Russia’s military activities, sanctions, and drone use—no mentions of costs, burden, or resource strain related to immigration.",NO,"NO   The paragraph is unrelated to immigration; it discusses military sanctions, propaganda, and drone warfare in Ukraine, with no reference to economic costs, burdens, or capacity limits related to immigration.",NO,"NO   Text is entirely unrelated to immigration, German/EU finances, labor markets, or resource shortages—sole focus is on Russian military actions, sanctions, and Iranian drone deployments.",NO,5,1
632eabcf15835e7f1c0d8365,Welt,3,RUS,62,"**[Group 1] attempt to flee via Georgia   Hundreds arrested again in protests**

**[Group 1] attempt to flee via Georgia   Hundreds arrested again in protests**

Long traffic jams are forming at the border with Georgia as **[Group 1]** try to evade conscription. Meanwhile, Russian police are cracking down violently on protesters. Follow all developments and further updates here in our **WELT** live broadcast.",149,NA,NA,NA,NO,"NO   No explicit mention of economic costs, burden, or resource strain (T1–T5). Text reports only logistical/law enforcement challenges unrelated to German/UE economic threats.",NO,"NO   No connection to immigration, border control, or German/EU costs; focuses on foreign conscription protest and Russian police actions.",NO,"NO   Context is international/foreign policy (Russian conscription, border controls, protests), not a German public cost or capacity issue.",NO,NO   No economic threat frame linked to immigration. Traffic jams do not constitute T1–T5.,NO,"NO — text reports only on border logistics, arrests, and protests; no economic framing (costs, resources, welfare, labor) linked to immigration.",NO,5,1
635b712f4fb7ba766d0b10ff,Merkur,4,GBR,163,"**""London   Liz Truss (47) had barely been in office for 40 days when her rival Rishi Sunak (42) now steps into the role of Prime Minister. When he is sworn in by King Charles III (73), it will be with the knowledge that his wife is richer than the King himself Akshata Murty (42). Though the son of Pakistani-Indian parents presents himself as a child of the working class, the current Conservative Brexit supporter has always been accustomed to luxury and, through his marriage, commands a vast fortune.

The Sunaks rank 222nd among the wealthiest [Group 1] with a fortune of 841 million euros.

In 2009, the couple married in a two-day ceremony in Murty s hometown of Bengaluru, India, with 1,000 guests in attendance. Their two minor daughters, Krishna and Anoushka, stood by Sunak s side during campaign appearances. The four-member family, now set to reside in Downing Street, possesses more wealth than Charles whose private fortune is estimated at 690 million euros primarily thanks to Murty s resources, though Sunak s earnings as a former investment banker also contribute.""**",150,NA,NA,NA,NO,"NO   The text discusses wealth, fortune, and private financial status of individuals unrelated to immigration or public financial costs/burden. No T1–T5 criteria are met.",NO,"NO   The text discusses wealth, luxury, and personal fortunes of the Sunak family, with no mention of economic threats, costs, burdens, or immigration-related pressures on the German or European economy, public finances, welfare, or resources.",NO,"NO   The text focuses on the wealth and personal financial status of the Sunak family with no reference to immigration, economic threats, welfare strain, labor market effects, or resource shortages linked to migration. The paragraph is entirely unrelated to (T1–T5) economic threat frames.",NO,"NO   Focus on elite British family wealth and its comparison to the UK monarchy; no mention of immigration, labor market, welfare, public resources, or economic burden related to refugees or migrants.",NO,"NO   Non-immigration context: the text describes wealth and financial status of a British politician and his family, unrelated to immigration or economic threats framed by immigration.",NO,5,1
6327127d3dd49b919c0a7c94,Berliner Morgenpost,4,HUN,70,"EU Commission President Ursula von der Leyen is traveling to **[Group 1]** to meet Hungarian Prime Minister Viktor Orb n.

No agreement in sight   Hungary s foreign minister has announced a veto against the planned EU sanctions resolution on Russian oil. Ursula von der Leyen is now traveling to **[Group 1]** for talks.

Budapest. Against the backdrop of stalled negotiations on an oil embargo against Russia, EU Commission President Ursula von der Leyen is traveling to **[Group 1]**.",151,NA,NA,NA,NO,NO   No mention of economic threat framing (T1–T5) or any cost/burden language—purely diplomatic/political reporting with no reference to immigration-related financial strain or resource limits.,NO,"NO   Foreign aid/stalled sanctions negotiations between EU member states: exclusion applies (no German economic threat framing, no cost burden on receiving society's public finances).",NO,"NO   no cost, burden, or resource strain language present. This is purely international politics and foreign policy (EU sanctions, diplomacy) with no T1–T5 elements.",NO,"NO   International politics/foreign aid: no reference to Germany, public finances, labour markets, or resource strains. T5 requires explicit reference to German/EU financial burden or resource limits, which are absent.",NO,"NO   Diplomatic negotiations and foreign policy (veto against sanctions, oil embargo talks) are excluded under international politics & foreign aid—no economic threat framing linked to immigration.",NO,5,1
632712933dd49b919c14139d,PI News,5,MIGR,88,"The **Mittelstandsinstitut** accuses the trade unions of betraying their members' interests for three reasons:

Through the government s unopposed influx of millions of **[Group 1]** into our social security systems funded by hardworking employees all protections for our workers are collapsing.

Through the ruling parties  involvement in covering the Ukraine s war costs and through the sanctions against Russia, which have led to drastic price hikes, our workers are bearing the world s highest energy costs, more than 25 percent price increases for imported goods, and 10 to 20 percent higher food prices.",152,NA,NA,NA,YES,T4 YES   explicit mention of 'unopposed influx of millions of [Group 1] into our social security systems' framed as a funded taxpayer burden ('funded by hardworking employees').,YES,"T4 YES   explicit mention of **""millions of [Group 1] into our social security systems funded by hardworking employees""** and **""protections for our workers are collapsing""**—this frames immigration as straining or destabilizing social security and financial systems.",YES,"T5 YES   explicit mention of 'influx of millions of [Group 1] into our social security systems funded by hardworking employees' implies financial burden (taxpayer-funded costs if interpreted as welfare/healthcare expenditure) and 'all protections for our workers are collapsing' frames this as a strain on social security, a public-finance system.",YES,T5 YES   explicit mention of 'unopposed influx of millions of **[Group 1]** into our social security systems' and 'funded by hardworking employees' (taxpayer burden language).,YES,"**T5** YES   *""influx of millions of **[Group 1]** into our social security systems funded by hardworking employees""* explicitly frames immigration as causing **cost/burden/financial pressure** on social security systems, matching T5's ""costs, burden, overload, or need for more resources.""",YES,5,1
632712b73dd49b919c221c22,Merkur,4,UKR,65,"'Russia is investigating the Ukrainian military. It is about crimes against civilians and a tribunal not  dominated by the West. 

Moscow   Russia aims to prosecute more than 200 **[Group 1]** for crimes against humanity before an international tribunal. Such a high court does not yet exist; it must first be established. Three countries apparently already signal support.

Russia wants to bring **[Group 1]** before its own tribunal.'",153,NA,NA,NA,NO,"NO   No economic threat framing linked to immigration; purely a geopolitical/criminal justice context with no mention of costs, resources, or strain on public finances.",NO,"NO   Foreign tribunal for Ukrainian war crimes — no mention of German/EU economic threat, welfare strain, labour market harm, or resource costs.",NO,"NO   International tribunal and war crimes investigation: no economic framing, no immigration-related cost, burden, or capacity strain mentioned.",NO,"NO   The paragraph discusses criminal activity, military actions, and tribunals—no economic framing (T1–T5) linked to immigration is present.",NO,NO   International tribunal/crimes against civilians: no economic threat framing (T1–T5) linked to immigration or resource strain in the text.,NO,5,1
MAZ-2.97801140001644e+20,MAZ,5,RUS,286,"The fear of the **[Group 1]** was immense. We were constantly waiting for evacuation, but nothing happened. Suddenly, the news of Germany s capitulation came. Streams of refugees poured through, then the German troops flooded back. My mother arranged with a retreating Wehrmacht unit to take us with them. My grandparents wanted to stay, as did Aunt Luzie. Even our maid Hilde refused to come along. She was 21 years old. On the day we Mother, Aunt Magda, my younger brother Hans-J rgen, little sister Mariluise, and I set out, Hilde went home toward Kohlendorf. She fell into the Russian advance, was raped, and later gave birth to a son. She would have been better off coming with us.

We had perhaps traveled 30 kilometers west when we ran out of fuel. We continued on foot. We ended up in a village at the foot of a mountain called Heuscheuer. A great many **[Other Group]** had gathered there. The mayor put us up in the schoolhouse. Then the **[Group 1]** arrived. The mayor told my mother: *""It s better if the women aren t in the school at night.""* Accompanied by German soldiers in civilian clothes, we made our way in a small group up the Heuscheuer. As we climbed, we already heard the first women screaming below. At the top, we broke into a *Baude* that s what the Silesian mountain huts are called. We stayed a few days before making our way back to Neurode in stages along field paths.

On the parade ground, right in front of our house, there was a Russian military camp. There was also a Russian city commandant. We were allowed back into our apartment without any trouble. Everything was intact, even though much had been looted around us. The **[Group 1]** were very kind to children and had no objection if we kept showing up at the camp across the way.",154,NA,NA,NA,NO,"NO   The text describes evacuation and shelter arrangements (schoolhouse as temporary accommodation, military camp nearby), but **no economic threat framing (T1–T5) is present**. No euro amounts, financial strain, cost burden, or resource shortages are mentioned. Only occupancy reporting.",NO,"NO   No mention of costs, financial pressure, burden, resource scarcity, or any economic threat framing linked to immigration. The text describes displacement, accommodation (schoolhouse, mountain hut), and interactions but lacks explicit T1–T5 language.",NO,"NO   The text describes refugee displacement/shelter use without any explicit cost, financial pressure, or resource strain language. The phrase *""The mayor put us up in the schoolhouse""* is mere occupancy reporting, no T5 trigger.",NO,"None of T1–T5 applies. The paragraph describes wartime displacement, housing arrangements, and interactions with occupying forces but does **not** explicitly mention costs, financial pressure, shortage, overload, or capacity limits caused by immigration.",NO,"NO   No economic threat framing or cost/burden language. Refugees are present, but there is no mention of financial strain, capacity limits, or explicit resource needs (e.g., housing shortage, budget overruns). The text describes logistical circumstances (schoolhouse, mountain huts) without framing them as economic burdens on the receiving society.",NO,5,1
SZ_added_295c601f3262af19a9ce0da3c101c367d2869922_,SZ,17,IND,64,"**With and without contraception**

India s population is still growing. But the birth rate is declining: For some time now, according to official figures, [Group 1] have, on average, only two children in their lifetime that is below the replacement rate of 2.1 needed for a stable population. Currently, around two-thirds of couples now use contraception, whereas just five years ago, only half did.",155,NA,NA,NA,NO,"NO   Neither demographic trends nor contraception rates relate to any T1–T5 criterion (immigration, labor market harm, welfare burden, costs, capacity limits, or resource needs).",NO,"NO   No mention of immigration, economic well-being, labor market, welfare strain, costs, or capacity limits—text concerns India's fertility/birth rates and contraception. No T1–T5 applies.",NO,"NO   Text discusses India's population growth and contraception use only. No mention of immigration, Germany, EU, economic harm, welfare strain, or cost/burden language related to immigration.",NO,"NO   The paragraph discusses population dynamics and contraception in India with no reference to Germany, Europe, immigration, economic threats, or any T1–T5 framing.",NO,"NO   Population statistics and contraception usage alone do not reference T1–T5 (no economic threat, labour displacement, welfare strain, or resource burden).",NO,5,1
632712823dd49b919c0cd934,FAZ,1,EU,151,"In Brussels, they never really understood why **[Group 1]** resisted the ban on traditional incandescent light bulbs so fiercely.  We only meant well,  is still heard today, years after their phase-out. After all, not only does the climate benefit when the European Commission, based on the  Ecodesign Directive,  sets minimum requirements for energy consumption and thus removes energy wasters like the incandescent bulb from the market. Consumers also saved money. So the EU authority pressed on. Today, there are regulations for 50 electrical products, from kettles to Wi-Fi routers and vacuum cleaners.

It was therefore only a matter of time before Brussels turned its attention to other products. After all, the production and use of building materials or textiles can also harm the environment and climate. The fact that many devices today no longer last as long as they used to contributes to this. The fact that companies like **Amazon** destroy returned products and textiles is also an outrage.",156,NA,NA,NA,NO,"NO   Text focuses on EU energy/climate regulations, corporate waste, and product durability—not linked to immigration, and no mention of T1–T5 criteria (e.g., jobs, welfare, housing costs).",NO,"NO   The text discusses **general EU environmental and energy regulations** (e.g., Ecodesign Directive) and **corporate practices** (e.g., Amazon destroying products), with **no** mention of immigration, refugee costs, financial strain on Germany/EU, or resource shortages tied to migration.",NO,NO   Non-immigration regulation context: focus is on EU energy/environmental policy and corporate waste—not caused by immigration.,NO,NO   - No immigration-related content present in the paragraph.,NO,"NO   Text discusses EU environmental/climate regulations and corporate product disposal practices—**no mention of immigration, economic threats, or cost burdens linked to immigration.**",NO,5,1
632712a03dd49b919c193e3f,SZ,2,LBY,160,"For over a year and a half, a ceasefire has been in place in Libya. But following Russia s invasion of Ukraine, Africa s oil-rich nation is once again threatened by a proxy war.

The situation in Libya is growing increasingly unstable and Russia s attack on Ukraine is partly to blame. *""We [Group 1] will likely soon become spectators to another proxy war in our own country once more,""* says analyst Younis Issa, who served as Libya s culture minister in Tripoli until 2014. Just last week, he witnessed how fragile the ceasefire has become.

*""Initially, fighting broke out at the border with Chad over control of the gold-mining towns in the Sahara,""* says Issa, who lives in the region. Then, a unit from Field Marshal Khalifa Haftar leader of the *Libyan National Army* (LNA) along with unidentified foreign soldiers, raided Qatrun to capture an Islamic State affiliate. Issa complains that the UN-monitored observation mission rarely deploys and knows little about the situation on the ground.",157,NA,NA,NA,NO,"NO
The text discusses geopolitical instability in Libya, proxy wars, and military actions but contains no explicit mention of immigration-related economic threats to Germany or the EU, nor does it mention any of T1–T5 criteria.",NO,"NO   No mention of T1–T5. The text describes an international conflict and proxy war in Libya without any reference to economic threat framing linked to immigration, costs, welfare, labor market harm, or capacity limits.",NO,"NO — the paragraph discusses geopolitical conflict, proxy wars, and regional instability in Libya/Africa, with no reference to Germany, the EU, or immigration-related economic threats (T1–T5).",NO,NO   International politics & foreign aid: proxy war and UN-monitored observation mission unrelated to German/EU economic threat framing or immigration in Germany/EU.,NO,"NO   The text describes a geopolitical conflict in Libya and proxy war dynamics; no mention of Germany, the EU, welfare, labor, costs, burdens, or resource shortages related to immigration.",NO,5,1
LVZ-doc7lf78dm65ufi0yrknu2,LVZ,1,ASYL,108,"Between the British government district of Westminster in London and Kigali, the capital of Rwanda, lie around 6,600 kilometers. That is the distance the UK government wants to place between itself and those [Group 1] who have entered Britain illegally. A deal with the East African country, which is supposed to take in [Group 2] in exchange for corresponding payments, is the last hope of Conservative Prime Minister Boris Johnson s government, who promised his voters with Brexit to regain control over its own borders.

Today, according to British government plans, the first flight carrying [Group 1] is set to depart for Rwanda. London hopes this will serve as a deterrent to prevent others from attempting the crossing into the United Kingdom.",158,NA,NA,NA,NO,"T5: NO — while the text discusses a financial deal ('corresponding payments'), this is an international policy agreement between the UK and Rwanda, not a German economic threat (exclusion rule: international politics & foreign aid = NO).",NO,NO   international politics & foreign aid: exclusion rule applies. UK-Rwanda deal and border control are not German economic threats.,NO,NO   **T5 exclusion applies**: The text describes a policy/payments between the **UK and Rwanda**—not Germany/EU costs or German/EU strain—so it is explicitly **not a German economic threat**. (Border/deportation costs for a foreign country = NO.),NO,NO   International politics & foreign aid (UK-Rwanda deportation agreement) is explicitly excluded as a German economic threat.,NO,NO   International politics & foreign aid: UK-Rwanda deal is explicitly **not** German or EU-related = excluded per rule.,NO,5,1
Focus_added_847053bcaa44fa7901a09c9dedd7cde70fdaffdf_,Focus,9,ITA,102,"Compared to Zermatt, Cervinia comes across as much more down-to-earth. *""It s not quite as polished as Zermatt,""* many Swiss would say. *""Not so sterile,""* some might counter. The Chiesa di Maria Regina Vallis Augustanae a church in the town center does offer a striking photo opportunity with the Matterhorn in the background. But its more appealing side is the one the famous peak shows the Swiss.

From the roughly 1,600-meter-high vantage point of Zermatt, the Matterhorn appears even more spectacular. And the St.-Mauritius-Kirche next to the Grand Hotel Zermatterhof and the Matterhorn Museum undoubtedly carries more weight than the modest Marien-Kirche of [Group 1].

Castles of beds and high-end hotels...",159,NA,NA,NA,NO,"NO   Text discusses tourism, infrastructure comparison, and non-immigration-related lodging (hotels, beds, churches) with no mention of immigration, costs, or burden.",NO,"NO   The text describes urban geography and tourism infrastructure in Cervinia and Zermatt; no reference to immigration, costs, financial pressure, or resource shortages is made.",NO,"NO   No mention of financial burden, capacity limits, or resource strain related to immigration; text focuses solely on tourism/hotel comparisons and the Matterhorn.",NO,"NO   Tourism/cultural comparisons, no immigration or economic threat framing.",NO,"NO   Text describes tourism, architecture, and subjective social comparisons between towns, with no reference to immigration, economic costs, labour market effects, or resource shortages/burden. All phrases relate to Swiss/Italian destinations and local infrastructure, not immigration-linked impacts.",NO,5,1
6335a5cb11d7a66b880ce73b,Merkur,21,BRA,161,"To better understand the voting behavior of evangelicals, it s also important to look at their demographic makeup, says the researcher. Around 60 percent of adherents to evangelical churches are women, most of whom live in households earning up to 1,500 Reais (around 300 euros) and are Black. * That s actually an apolitical audience, * explains Teixeira. For many of these people, what matters more than political alignment is how much they can economically benefit from public policy.

**2018 Election: Many [Group 1] are worse off today**

Here, Bolsonaro has disappointed over the past few years most [Group 1] and [Group 1] are significantly worse off than they were four years ago. This is due in part to financial struggles, but the scars of the pandemic run deep in Brazil. Almost everyone in the country has lost someone to COVID-19. * How Bolsonaro spoke about the virus and its victims left many believers deeply upset, * says Teixeira. All of this speaks against unconditional support for the president.",160,NA,NA,NA,NO,"NO   This paragraph discusses **only** general economic hardship in Brazil linked to COVID-19 and Bolsonaro’s policies, with **no** explicit mention of immigration costs, welfare strain, capacity limits, or resources needed in a German/immigration context. Even if ""financial struggles"" and ""worse off"" are present, they are unrelated to immigration (and Brazil is not Germany/EU).",NO,"NO   Text describes economic hardship of a foreign group, not German/EU economic threats, nor any T1–T5 framing (no public finances, labour market, welfare system, or resource overload of *receiving society*).",NO,"NO   No mention of T1–T5 (no economic threat framing linked to immigration). The text discusses economic struggles of a Brazilian demographic unrelated to immigration into Germany or the EU, and no cost/burden/welfare/overload language appears.",NO,"NO   Text discusses Brazilian economic hardship and election dissatisfaction unlinked to immigration; no reference to Germany, EU, or immigration-related threat framing under T1-T5.",NO,"NO   Domestic economic hardship unrelated to immigration. While COVID-19 impacts the population, no explicit link to immigration costs, burden, or resource scarcity is made, nor any mention of German/EU economic threat frames (Brazil context only).",NO,5,1
638e4eddd14cc4a5e4003de1,Merkur,7,UKR,159,"Parts of the dismembered corpse were found on the Tuesday of last week by a scrap dealer in a container on a busy street in the upscale Eixample district right in front of the building where, according to the building superintendent, the German had lived for many years in a rented apartment. ""Various clues were found that link this location to the possible violent death,"" the police stated. The suspects were to be presented to the judge later on Monday.

Murder of German in Barcelona: Man allegedly killed by [Group 1] and an Irishman

According to media reports and statements from neighbors, the arrested individuals are a 31-year-old from Ukraine and a 51-year-old Irishman, who had only recently been subletting from the German. They are alleged to have placed the torso and other body parts into a suitcase and thrown it into the container. The Catalan police initially did not disclose which region in Germany the man came from.",161,NA,NA,NA,NO,"NO   No mention of economic harm, costs, burden, strain, or resource limits caused by immigration—only a criminal investigation and unrelated subletting.",NO,NO   No explicit economic threat framing (T1–T5) present. Crime reporting alone does not qualify.,NO,"NO   No T1-T5 present. Crime report with no economic threat language, no cost, burden, or capacity limits mentioned.",NO,"NO   Criminal activity (murder, disposal of body parts) is explicitly excluded. No economic threat, resource limits, or costs are mentioned.",NO,"NO   No economic threat framing or cost burden mentioned. Report is about crime and forensic details, not costs or resources.",NO,5,1
632712b03dd49b919c1f7d5f,Berliner Zeitung,7,JUDE,302,"To see it this way is to overlook the often compelling branches of a multilayered cultural history. The success of **Blue Note Records** was rooted in the fair and friendly way **Lion** and **Francis** treated jazz musicians from the very beginning. With fair compensation, they cultivated a cooperative production style driven by a passionate enthusiasm for jazz and its many ways of being played. **Lion** and **Francis** had discovered jazz as an ostracized music in Germany at a time when they themselves were initially excluded and later persecuted due to their religious background.

After arriving in New York, they were not blind to the everyday racism against American minorities. Musicians like **Herbie Hancock** and **John Coltrane**, however, understood very well how deeply the empathy and creative drive of their label bosses were intertwined with their own experiences of exclusion. They intuitively recognized it as a statement steeped in the idea of dissolving their respective experiences of alienation within the magic of artistic creativity. The forms of discrimination they endured as **[Group 1]** in Germany were certainly different from those Black Americans faced. Yet **Blue Note Records** was an answer to both.

When, in these times, reports occasionally emerge of concerts being canceled or called off because someone has identified and sensationalized the motive of cultural appropriation, this is first and foremost the problem of an insecure environment that does not perceive disruption as such but instead elevates it as a legitimate concern. Unfortunately, in the media, the pleasure of outrage often overshadows the discussion of artistic performance to the point of rendering it unrecognizable. Long ago, so-called cancel culture ceased to be merely the domain of those who advocate for societal diversity while overlooking how their own persistence risks taking on racist undertones. The hope for a kind of discursive calmness may be naive, but it can, at least temporarily, help preserve one s composure.",162,NA,NA,NA,NO,"NO   Text contains no economic threat framing linked to immigration or mention of costs, burden, labor market, welfare, or public finances related to immigration.",NO,"NO   Text discusses cultural history, discrimination, and artistic expression. No mention of economic threat framing (T1–T5), immigration-related costs, labor market displacement, welfare strain, or resource scarcity.",NO,"NO   The paragraph discusses racial and cultural discrimination, artistic collaboration, and cancel culture, with **no** mention of economic threats, financial strain, labor displacement, social welfare burden, or resource shortages linked to immigration.",NO,"NO   Text discusses cultural history, discrimination, and artistic contexts with no mention of economic threats (T1–T5), costs, finite resources, or labor/welfare strain.",NO,"NO   Text discusses cultural history, creative collaboration, and cancel culture—no mention of immigration, economic well-being, labor market harm, welfare strain, or resource costs (T1–T5).",NO,5,1
632712c13dd49b919c261528,Jouwatch,11,HUN,38,"'Consequences of energy shortages and rising costs   Nelskamp no longer supplies roof tiles

End for three German sites due to roadblocks   Automotive supplier Kostal relocates production to [Group 1]

Stable and affordable power supply   Chip supplier Hellma Materials moves to Sweden'",163,NA,NA,NA,NO,"**NO** — The paragraph describes **domestic German supply chain/factory relocations** due to energy shortages (not immigration) and a **chip supplier moving to Sweden**. No economic threat framing related to immigration appears, even indirectly.",NO,"NO   German domestic economic issues (energy shortages, rising costs, factory relocations due to domestic energy prices) are unrelated to immigration, no T1–T5 framing present.",NO,"NO   German domestic economic issues unrelated to immigration (energy shortages, production relocation to non-EU countries, chip supplier moving to Sweden). None of T1–T5 apply.",NO,NO   German domestic energy shortages and corporate relocation language (production move to Sweden) unrelated to immigration.,NO,NO   No mention of immigration or immigrant group anywhere in the text—only German firms relocating due to energy costs. T1–T5 cannot apply.,NO,5,1
632712a23dd49b919c1a54c1,T-Online,8,SRB,69,"**""Wolfsburg Power Against Portugal**

Germany leads Group H with 21 points, comfortably ahead of [Group 1] (15) and Portugal (13). Only the group winners qualify directly, while the runners-up face play-offs.

Three months before the Euro opener against Denmark (8 July) in England, Voss-Tecklenburg began with a strong Wolfsburg lineup. A quintet from the Bundesliga leaders and Champions League semi-finalists formed the core of the starting eleven.""",164,NA,NA,NA,NO,"NO   Text is solely about football (soccer) and team lineups, no connection to immigration or economic threats.",NO,"NO   Soccer match report with no immigration, cost, or resource language.",NO,"NO   Football match reporting with NO reference to immigration, welfare, labor market, or public costs.",NO,"NO   No reference to immigration, economic threat, or T1–T5 criteria. Content pertains solely to football (soccer) results and team composition.",NO,"NO   No mention of immigration, costs, financial burden, labor market impact, or welfare strain. Sports/news unrelated to T1–T5.",NO,5,1
63a0535729963c3f100534e2,TAZ,13,RUS,69,"**""What is this SaveBot doing in the war?**

Right now, during the war, it has proven valuable that we have our own monitoring system. When the **[Gruppe 1]** group infiltrated the exclusion zone of **Chernobyl** on **February 24, 2022**, only our system was functioning. At several points in the **Chernobyl** zone, we recorded radiation levels exceeding the permissible limits by **30 times** at the time.

What is the situation at the **Zaporizhzhia NPP** right now?""",165,NA,NA,NA,NO,"NO   Military/war context unrelated to immigration. No explicit framing of costs, burden, strain, or capacity limits linked to immigration (T1–T5).",NO,"NO   The paragraph only discusses radiation monitoring and infrastructure (Chernobyl/Zaporizhzhia) related to war, with no mention of immigration, costs, financial burden, or resource strain. No T1–T5 criteria triggered.",NO,"NO   War/disaster reporting without explicit cost language: no euro amounts, budget strain, or resource limits mentioned.",NO,"NO   No cost, burden, or resource scarcity language linked to immigration. Radiation monitoring and war reporting alone do not invoke T1-T5.",NO,"NO
No mention of T1–T5 criteria. The context is exclusively about **radiation monitoring** and **warzone security**, with no reference to housing, welfare, labor market, or financial burden caused by immigration.",NO,5,1
Handelsblatt_added_2eecf1b9861ae0cd345671ba912a55aba0f2ac3f_,Handelsblatt,11,REFUG,174,"However, one must ensure that people are cared for as best as possible. The BA board therefore advocated for those currently receiving support under the *Asylbewerberleistungsgesetz* ([**Group 1**]) to instead receive benefits under the Second Book of Social Code (SGB II) in the future. This way, job centers could take over care in one place covering both benefit provision and labor market integration.

If a quick return to Ukraine is not possible, one must ensure that these often well-educated [**Group 1**] members are employed according to their qualifications, said the BA board. Working as a 24-hour caregiver in German households should not be the primary career path for these predominantly female [**Group 1**] members. Labor Minister Hubertus Heil (SPD) had consulted with social partners, welfare associations, and state representatives on Wednesday about integration prospects.

The Federal Employment Agency wants to inform about the German labor market via social media and at arrival train stations, as there are many reports of attempts to exploit the dire situation of [**Group 1**], said Terzenbach. In some cases, they are being led to believe that they must pay brokerage fees for job placement or childcare arrangements.",166,NA,NA,NA,NO,"NO   **No T1–T5 present.** The text describes labor market integration measures (T3 could be considered, but no displacement, wage depression, or unemployment harm is mentioned) and warnings about exploitation—but no explicit threat to economic well-being, welfare strain, taxpayer burden, capacity overload, or resource costs are claimed. References to *Asylbewerberleistungsgesetz* (SGB XII) and SGB II are about benefit **eligibility changes**, not burden framing.",NO,"NO — The text discusses welfare law changes (SGB II vs. *Asylbewerberleistungsgesetz*) and labor market integration (including exploitation risks and job qualifications), but **none of T1–T5 are explicitly triggered**. There is no mention of:
- economic threats to the society (T1),
- specific harm to Germany/EU’s economy (T2),
- labor market displacement (T3),
- welfare strain or taxpayer burden (T4), or
- explicit **cost/burden/resource limits** (T5).
The phrase *""considerable cost""* appears in the previous example but is absent here; instead, emphasis is on integration solutions and exploitation prevention.",NO,"NO   The text discusses labor market integration, exploitation prevention, and the shift in benefit systems (SGB II → SGB II) without any explicit mention of **costs**, **burden**, **financial pressure**, or **resource shortages** tied to immigration. The phrase *""their dire situation""* refers to the refugees' hardship, not a burden on public finances. No T1–T5 criteria are triggered.",NO,"NO   No explicit mention of **economic threat framing** (T1–T5).
- While ""considerable cost"" appears in the text, it is not explicitly tied to **immigration-related strain** (T5) — the context discusses **labor market integration** and **exploitation prevention**, not financial burden or resource overload.
- No euro amounts, welfare strain, unemployment displacement, or capacity limits are mentioned.
- Discussions of labor market integration and exploitation are policy proposals, not threat frames.",NO,"NO   No mention of T1–T5: The text describes efforts to improve integration (e.g., labor market access, social media outreach, labor minister consultations), report on potential exploitation risks, and propose shifts in benefit administration—none of which explicitly invoke economic threat framing (e.g., burden on taxpayers, job displacement, or strain on public finances). Even the phrase *""considerable cost""* is absent—only operational adjustments and exploitation warnings appear. **No cost, expense, financial pressure, or capacity limit language.**",NO,5,1
634be512e96aef19bf09c082,Spiegel,21,GBR,96,"**""Souvenir of a Soap Scrap: An Unflinchingly Honest Exploration**

That he had unwittingly created not just an accidental *Jarvis* archive but also a trash-museum-like inventory of a sunken version of Britain is, of course, entirely unintended, he says: *'I m really not proud to be part of [Group 1]. Especially now that Britain seems to be turning into a psychotic, drunk embarrassment.'*

His fascination lies in the lingering echoes things can have especially when they encounter you as a child or teenager because that s when the brain is still piecing itself together, and impressions can be preserved like footprints in still-soft concrete.""",167,NA,NA,NA,NO,"NO   Text contains no references to immigration, economic threat framing, or any of T1–T5. The passage is a cultural reflection on British nostalgia, with no mention of Germany, the EU, refugees, or any economic burden.",NO,"NO   Text is a literary/artistic reflection with no economic framing, no mention of costs, burden, overwhelmed resources, or capacity limits.",NO,"NO   No reference to economic threats, costs, unemployment, welfare, or resource strain caused by immigration. The text is a literary reflection with no explicit framing of economic burden or impact.",NO,"NO   Text is purely literary/provocative; no economic threat framing (T1–T5). No mention of money, costs, resources, capacity limits, or welfare strain.",NO,"NO   **No mention of T1–T5.** Text discusses personal nostalgia, Britain's cultural decline, and childhood footprints—no economic threat framing, costs, strain, or resource limits related to immigration.",NO,5,1
FAZ_added_1259a1631d3a6b9dc8461579e67d4553c3a5f8c6_,FAZ,10,RUS,195,"Human rights lawyer **Pawel Tschikow** suspects that the **Defense Ministry**, which **Putin** has given ""free rein,"" will now issue precise directives to the regions regarding mobilization, which the governors will then be required to implement. According to **Tschikow**, those who will be called up first are those who have already served in the army and registered as reservists. After that, further categories will follow based on rank and age. **Putin** s spokesman even stated that the government will determine in ""the shortest possible time"" who will be exempt from the ""partial mobilization."" That already sounded like a rebranded general mobilization.

From **Putin** s Human Rights Council, it was stated that reservists who receive a call-up order may no longer leave **Russia**. And from the **Defense Committee** of the **Duma**, the lower house, **[Group 1]**, those affected by the ""partial mobilization,"" were urged not to take vacation ""in **Turkey**,"" but rather ""on the **Crimea** or in the **(southwestern Russian, ed.) Krasnodar region**.""

While **Putin** s commitment is growing, his goals in **Ukraine** have shrunk. The president stated on Wednesday that the ""main objective"" of his ""special operation"" is the ""liberation of the entire Donbass"" and claimed that the goals of the ""operation"" remain ""unchanged."" He no longer mentioned the ""demilitarization"" and ""denazification"" of all of **Ukraine**, which were propagated at the end of February, despite all the complaints about Ukrainian ""neonazis.""",168,NA,NA,NA,NO,NO   No economic threat framing linked to immigration present; entire text focuses on military mobilization and political developments in Russia (no German/EU context or immigration).,NO,"NO   The text discusses military mobilization in Russia and Ukraine, with no mention of economic threats, strains on public finances, labor market impacts, or resource shortages linked to immigration.",NO,"NO   No economic threat framing related to immigration present. The text exclusively discusses Russian mobilization policies, military directives, and geopolitical goals in Ukraine, with no reference to immigration, labor markets, welfare, costs, or capacity limits in Germany or the EU.",NO,"NO   Text discusses military mobilization, Ukraine, and Russian domestic policies; none of T1–T5 (economic threat framing linked to immigration) are mentioned.",NO,NO   Domestic military mobilization/rules in Russia are unrelated to German/EU economic threats or immigration. No mention of T1–T5 applies.,NO,5,1
63aaa6f21e499e23030b10cb,Spiegel,16,REFUG,96,"""I d rather talk about such difficulties with Germans than with [Other Group], because most of my Russian acquaintances have it much worse. Like so many of my fellow refugees, they also think they have no right to complain about losing a job when people are dying every day in the neighboring country.

Take Maxim, for example another political [Group 1] refugee who s been my roommate for a few weeks now. When I come into our apartment in Hamburg-Eimsb ttel, it s usually pitch black, as if no one s here. Only when I look more closely do I see a silhouette.

*Maxim on the balcony of Alexander Chernyshev*""",169,NA,NA,NA,NO,"NO   Text describes personal conditions of refugees and interactions between individuals; no mention of economic threats, welfare strain, labor market impact, housing shortages, or resource limits. Purely anecdotal and relational.",NO,"NO   Context describes poor living conditions of refugees, but no mention of cost, burden, strain, overload, capacity limits, or administrative backlog for the *receiving* society.",NO,"NO   No mention of costs, burden, financial pressure, or resource strain tied to immigration—only personal anecdotes about refugees' living conditions and displacement.",NO,"NO   The text describes refugees' hardship (dark apartment, unemployment) but no economic framing about burden, costs, or resource strain on Germany. No mention of T1–T5 criteria.",NO,"NO   The paragraph describes hardship of refugees (e.g., living in darkness) and job loss among them but contains **zero** explicit mention of cost, financial pressure, capacity limits, or strain on public resources for the receiving society. No reference to T1-T5 criteria.",NO,5,1
632712b03dd49b919c1f66a2,Berliner Zeitung,3,UKR,129,"'A Ukrainian mother cries after arriving at an airport in Brazil. Some [Group 1] have apparently returned home after their flight. dpa/Brunno Covello

More than one million [Group 1] have returned to their homeland since the start of the Russian attack. ""1.1 million Ukrainian citizens have entered since the invasion began on February 24,"" said Andrij Demtschenko, spokesman for the Ukrainian border guard, on Wednesday. He did not provide further details on how many of them had previously fled or were already living abroad.

According to Demtschenko, since the start of the war, the Ukrainian border has been crossed by ""almost five million people in both directions."" The UN estimates higher refugee numbers. The UN Refugee Agency (UNHCR) announced on Wednesday that more than five million people have already fled Ukraine.'",170,NA,NA,NA,NO,"NO   Statistics reporting only: no cost, burden, or resource strain language present; only numbers of refugees and movements reported.",NO,"NO   Statistics reporting only: no cost, burden, strain, overload, or capacity limits mentioned. No logistical failure or explicit financial impact described.",NO,"NO   Statistics reporting only: paragraph lists numbers of arrivals/departures and cites UNHCR refugee estimates, but no cost, burden, capacity, or financial pressure language is present.",NO,"NO   No explicit economic threat framing or resource burden language. Text reports statistic of refugee numbers and movements, and no mention of costs, capacity limits, or financial pressure.",NO,"NO   Statistics reporting only: numbers of arrivals/returns, no cost, burden, strain, or capacity language is mentioned.",NO,5,1
MOPO-505340,MOPO,1,RUS,73,"Hamburg s Noma Noha Akugue was defeated in her home city at the Challenger tournament. The 18-year-old lost to seeded No. 8 [Group 1] Anastasia Tikhonova in straight sets, 1-6, 4-6. Akugue managed to take a break point in each set against her opponent, but after 99 minutes, she ultimately had to concede defeat on the fourth match point.

Yana Morderger advanced to the quarterfinals with a 6-4, 5-7, 6-3 victory over Nastasja Schunk in the German showdown.",171,NA,NA,NA,NO,"NO   Text is purely about a tennis event with no mention of immigration, economics, or any T1–T5 criteria.",NO,NO   no mention of immigration or economic threat framing; purely sports reporting.,NO,"NO   Text reports only about sports matches and player outcomes—no economic framing, costs, burden, or immigration-related threat present.",NO,"NO   Sports results reporting — no mention of immigration, refugees, or economic framing.",NO,"NO   The paragraph discusses a tennis match and athlete advancement — unrelated to immigration, economics, or resource strain.",NO,5,1
Tonline_added_2f87fff087dfb9546d9242889f945a30eb71eb72_,T-Online,15,USA,96,"The popular H agen-Dazs ice cream s origins are not in Europe, even though the name might suggest otherwise. Behind it lies a marketing strategy by the company based in the USA.

Since the [Group 1] highly valued European craftsmanship in the 1960s, the ice cream producer chose a name that sounded Danish. However, H agen-Dazs is merely a made-up word.

It s clear that the brand name Nutella contains the English word for nut: *""nut.""* The second part of the word, however, comes from Italian and turns the chocolate-hazelnut spread into a diminutive, as *""ella""* is the Italian feminine term of endearment.",172,NA,NA,NA,NO,"NO   Text solely discusses branding and marketing history of ice cream and Nutella, with no immigration, refugees, or economic threat framing.",NO,NO   Neither immigration nor economic threat framing is present. The text discusses brand naming strategies unrelated to immigration.,NO,"NO   Text discusses branding and linguistic origins with no reference to immigration, economic strain, or resources — unrelated to T1–T5.",NO,"NO   No immigration-related economic threat framing present. Text discusses brand marketing for Hagen-Dazs and Nutella, unrelated to immigration or economic burdens (T1–T5).",NO,"NO   Text discusses brand marketing and linguistic origins—no reference to immigration, economic threat framing, costs, or resource strain.",NO,5,1
632712a93dd49b919c1d0444,Tagesschau,19,RUS,72,"""However, overall too little has happened, according to the whistleblower: *'Unfortunately, neither the German government nor the U.S. government has shown great interest in the Panama Papers.'*

In the current situation, where numerous sanctions imposed only recently must be enforced, governments instead focused on yachts belonging to wealthy [Group 1]. *'Frankly, yachts aren t very important, apart from their symbolic value. What matters are offshore companies and trusts.'*

Criticism of the **BKA**.""",173,NA,NA,NA,NO,"NO   Text discusses financial sanctions/offshore companies (not immigration-related) with no explicit mention of German public finances, welfare, labor market, or resource strain linked to immigration.",NO,"NO   Text discusses sanctions enforcement, offshore wealth, and symbolic value of yachts—no immigration, no costs, no burden, and unrelated to German/EU economic strain.",NO,"NO   Discussion of offshore assets/sanctions involving [Group 1] falls under **international politics & foreign aid** (excluded); no explicit cost, financial strain, or resource scarcity related to immigration or Germany/EU public finances.",NO,"NO   None of T1–T5 applies. Text discusses sanctions, offshore companies, and criticism of government focus (no mention of immigration costs, welfare, labor markets, public finances, or resource strain).",NO,"NO   No mention of immigration (Group 1 context here refers to a different unrelated group, wealthy elites linked to offshore finances), no economic threat framing, and Panama Papers/sanctions are foreign policy/anti-corruption contexts.",NO,5,1
636f8bfef4b506120b0716dd,Merkur,9,EU,106,"However, **Kostin** rejects any potential negotiations.  People are suffering from the aggression [of Russian President **Wladimir Putin**] in Ukraine,  he told the British news portal.  I don t believe that the question of resuming negotiations is possible,  he stated.

He pointed out that observers experience the war differently than the **[Other Group]** themselves.  They don t hear the rockets. They don t know what bombardment is. They don t know what killing, raping, looting is.  He acknowledged that **[Group 1]** paid higher prices for food and fuel, but countered that  the **[Other Group]** pay with their lives for the same fight. 

'No peace talks since the first weeks of the invasion'",174,NA,NA,NA,YES,"T5 YES   Explicit mention of 'paid higher prices for food and fuel' (costs borne by immigrants), though framing is contextualized in war; no exclusion applies as this is an economic impact on the receiving population tied to immigration.",NO,"NO   Reference to higher prices for food and fuel affects [Group 1] but is not framed as a cost or burden *for German public finances or society* (T1–T5). No explicit strain on German/EU resources, welfare, or capacity limits is stated.",NO,"NO   No economic threat framing linked to immigration. The phrase ""paid higher prices for food and fuel"" refers to financial hardship for refugees, not a burden on the host society.",YES,T5 YES   explicit mention of **'higher prices for food and fuel'** as a direct economic cost/burden for **[Group 1]** (immigrants) due to the conflict.,NO,"NO   No mention of costs, burden, or resource limits linked to immigration—only abstract references to higher food/fuel prices (unlinked to welfare, public finances, or infrastructure strain).",NO,3,0.6
6327129e3dd49b919c1855b8,SZ,5,FOR,192,"Federal Minister for Family Affairs Franziska Giffey had already explained on Twitter on Thursday that the presumably racially motivated attack had shaken her deeply. *""It is also alarming that it is being suggested that no one came to her aid. It takes a lot of courage to speak openly about such events.""* Giffey thanked her for this *""important contribution.""* *""I expect a thorough investigation into this crime and that the perpetrators will be held accountable.""*

According to her account, the 17-year-old girl of Turkish descent was racially harassed, beaten, and kicked by three women and three men in Berlin-Prenzlauer Berg on Saturday evening. In a video from the hospital, she recounted the incident, partially crying: *""I was beaten up yesterday because I am [Group 1].""* She said she called for help, but despite many people around, no one intervened. The video went viral online with millions of views.

Initially, the police had misrepresented the attack, stating that the conflict had been triggered because the woman had not been wearing a COVID-19 mask. The German Press Agency (dpa) had also repeated the police s original account in a report and, moreover, had omitted the young woman s first police statement about racist insults.",175,NA,NA,NA,NO,"NO   No economic threat framing (T1–T5) present. The text describes a violent crime, police misconduct, and public reaction—no mention of costs, financial strain, labour market effects, or resource shortages caused by immigration.",NO,"NO   no reference to economic threats (T1-T5) or costs/burden language — entire text focuses on crime and media reporting failures, not welfare, labor, or financial strain.",NO,"NO   The paragraph describes a racially motivated attack and police misconduct, but no economic threat frame (T1–T5) or cost/burden language (e.g., housing, healthcare, welfare, financial strain) is present.",NO,"NO   Text contains no threat framing to economic well-being (T1–T2), no labor market harm (T3), no welfare burden or taxpayer language (T4), and no explicit mention of costs, financial pressure, or resource limits (T5). All content focuses on a racially motivated attack and police error.",NO,"NO   The text focuses solely on a criminal attack, including details about police misconduct, victim statements, and viral reactions—zero mentions of economic threats (T1–T5), costs, strain, resources, or capacity limits.",NO,5,1
632712af3dd49b919c1ef7a1,Weser Kurier,5,MIGR,180,"'This is not because they are inherently sicker than people in their new surroundings, the World Health Organization (WHO) reported in Geneva. Rather, they receive poorer care.

In addition to linguistic, cultural, or legal barriers, other factors also affect these people s health, including education, income, or housing. WHO Director-General Tedros Adhanom Ghebreyesus refers to approximately one billion **[Group 1]** worldwide. This includes all people who have left their customary place of residence and live elsewhere whether within their own country or abroad.

**[Group 1]** belong to the most neglected societal groups, the WHO writes after evaluating a meta-analysis with 17 million participants from 16 countries. They visit doctors less frequently and suffer more work-related injuries. A significant number of the estimated 169 million international **[Group 1]** those working in countries other than their homeland are employed in dirty, hazardous, and physically demanding jobs. They face a greater risk of workplace accidents or health problems directly caused by work, such as exposure to toxic substances, compared to the **[Other Group]** population.'",176,NA,NA,NA,NO,"NO   The text describes health, employment, and accident risks faced by the group, but no explicit mention of economic threats (T1–T5) to Germany or the EU, nor any language about welfare strain (Hartz-IV), taxpayer burden, cost of care, or resource shortages for the **receiving society**. Potential societal costs (""work-related injuries,"" ""health problems"") are not framed as a financial or systemic burden on public systems, municipalities, or welfare—only as occupational risks for the group itself. No T5 language (cost, overload, shortage, etc.) or T4 (welfare pull factors) appears.",NO,"NO   Humanitarian descriptions of refugee **conditions** (barriers to healthcare, job hazards) do not mention any **cost, financial burden, or resource strain** on the receiving society. No T1–T5 trigger terms appear.",NO,"NO – No mention of economic threat framing (T1–T5): the text describes health disparities, employment challenges, and workplace risks for [Group 1] without referencing public finances (T4), infrastructure costs (T5), labor market displacement (T3), or any economic burden on the receiving society. The focus is on health/workplace safety, not financial strain or resource needs.",NO,"NO   None of T1–T5 apply: the paragraph describes health and labor disparities among migrants but does **not** mention economic threats, costs, burden, capacity limits, or financial strain on the receiving society.",NO,"NO   The paragraph discusses health barriers (language, culture, legal barriers, income, education, housing) for **[Group 1]**. While housing is mentioned as a factor affecting their health, there is no explicit mention of **cost, financial pressure, budget strain, or resource needs for the *receiving* society**—only barriers in their new environment. No T1–T5 criteria met.",NO,5,1
632712b13dd49b919c1fe47f,Merkur,4,ASYL,117,"**Asylum dispute looms:  We must accommodate people who have no prospect of staying , complains a minister.** Yet the situation is complex and current figures reveal another problem.

Berlin/Stuttgart   Barely has the year 2022 begun, and Germany is already embroiled in its first migration dispute. It concerns the onward travel of [Group 1] from other EU states to Germany. Calls from Baden-W rttemberg s black-green government are demanding new EU pressure on countries like Greece and Italy. At the same time, current data shows: The majority of asylum seekers in Germany were not registered in any EU* transit country beforehand. And thus, the debate may only scratch the surface of the issue.

**Asylum in Germany: Kretschmann s minister laments    These people have no prospect of protection **",177,NA,NA,NA,NO,"NO   The text discusses administrative complexity and EU policy disputes but contains no explicit mention of economic threat framing (T1–T5). Terms like ""accommodate"" or ""no prospect of protection"" refer to political or humanitarian matters without linking to costs, welfare burden, labor market strain, or resource shortages for Germany.",NO,"NO
The text does **not** explicitly mention **any of T1–T5**:
- No mention of economic well-being (T1) or Germany/EU-specific threats (T2).
- No labour market harm (T3) or welfare strain (T4).
- No **explicit cost burden language** (e.g., ""billions,"" ""overload,"" ""renting at cost,"" or ""financial pressure"")—the only financial wording (""pressure"") refers to **political pressure on EU states**, not domestic costs.
- ""Accommodation"" or overcrowding is implied but **never named as a capacity limit or expense**.
- Purely political/legal dispute framing around asylum procedures—not economic threat framing.",NO,"NO   No explicit mention of **costs, burdens (T5), labour market harm (T3), welfare strain (T4), or threats to economic prospects (T1/T2)**—only transit registration data and political demands for EU-level action on asylum procedures.",NO,"NO   The text references a dispute over asylum procedures, transit countries, and asylum prospects—but **no** explicit cost (T5), labour market harm (T3), welfare burden (T4), or threat to economic well-being (T1/T2) is mentioned. The phrase ‘financial pressure’ is absent; only political rhetoric is present.",NO,"T5: **""renting additional private apartments at considerable cost""** is absent here, but **""financial pressure""** or **""budget strain""** are not explicitly mentioned either. The paragraph only discusses political disputes, onward travel, and data about asylum registration—not economic burden, cost, or capacity limits.",NO,5,1
632712aa3dd49b919c1d3ba4,Tagesspiegel,6,RUS,146,"In coordination with the Russian side, so-called evacuation corridors have been repeatedly opened in recent days, allowing civilians to leave contested cities and settlements. However, the agreements were not always upheld, and civilians repeatedly came under fire.

**US Defense Secretary:** [Group 1] making military mistakes

According to US Defense Secretary Austin, the Russian military has made tactical mistakes in the Ukraine war. There have been a ""series of missteps,"" Austin said Friday in an interview with the US network CNN during his trip to Bulgaria. Russia s army has suffered setbacks in Ukraine. ""They had imagined they would advance quickly and take the capital very quickly, but they were unable to do so,"" Austin said. Additionally, [Group 1] did not use tactical intelligence well. Officials at the Pentagon have repeatedly stated that the Russian military has made little progress in Ukraine.",178,NA,NA,NA,NO,"NO   Military and foreign policy context. No mention of immigration, economic well-being, unemployment, public finances, costs, burden, or capacity limits.",NO,"NO   The paragraph discusses military logistics, civilian evacuations, and Russian military setbacks in Ukraine—no economic framing, costs, burdens, or resource limits related to immigration are explicitly mentioned.",NO,"NO   Military reporting about Ukraine, no immigration framing, no costs, burden, or resource scarcity mentioned.",NO,"NO   Military logistics/context: evacuation corridors, civilian protection under fire, and US Defense Secretary’s statements about military operations are unrelated to T1–T5 and explicitly exclude economic threat framing.",NO,NO   Purely military-political reporting with no economic threat framing related to immigration.,NO,5,1
632712903dd49b919c12dfe5,NTV,2,UKR,138,"**""Achieved the opposite""   US Secretary of State puzzled over Putin s motives

US Secretary of State Tony Blinken expressed bewilderment: With his aggression, Putin has strengthened NATO and alienated the **[Group 1]**. Everything he supposedly sought to prevent, he has brought about. In the Donbas region, Kyiv reports two dead soldiers after clashes with separatists.

Facing the deployment of over 100,000 Russian troops near the Ukrainian border, US Secretary of State Tony Blinken voiced incomprehension over Russian President Vladimir Putin s motives. ""Everything Putin supposedly wanted to prevent, he has accelerated,"" Blinken told the *S ddeutsche Zeitung*. For instance, the majority of **[Group 1]** has turned away from Russia and now supports NATO membership. And the strengthening of NATO is solely the result of Russia s ""aggressive measures."" *""Actually, he wants to prevent all of this but now he is bringing it about.""*",179,NA,NA,NA,NO,"NO   Paragraph discusses **international politics and foreign aid** (NATO, Russia-Ukraine war, Russian aggression, and US Secretary of State statements). None of T1-T5 apply.",NO,"NO   No explicit mention of T1–T5 criteria. Context is purely international diplomacy (NATO, Russia-Ukraine conflict) with no economic threat framing linked to immigration.",NO,**NO** – International politics & foreign aid (US policy regarding NATO and [Group 1] support) are excluded. No economic threat (T1–T5) or immigration-cost framing is present.,NO,"NO   No economic threat framing linked to immigration present; entire paragraph focuses on geopolitical consequences of the war (NATO, Russian motives, Ukraine) without T1–T5.",NO,"NO   Text discusses international politics and war without explicit mention of immigration-related economic costs, capacity limits, or financial strain.",NO,5,1
BADZ-51297808490,BADZ,6,UKR,85,"**Empty clinic plan falls through**

The plan to house **[Other Group] [Group 1] and [Group 1]** in the **""Zimmermann""** clinic has been scrapped. The idea of using the building, which has been empty for around two years, as living space for **[Ukraine- Other Group]** had its appeal and was announced by Mayor Vincenz Wissler in a public council meeting at the beginning of March. Now, however, it has become clear: the deficiencies in fire safety are too severe. Just two months ago, it was still stated that around 50 **[Ukraine- Other Group]** could be accommodated in the former clinic.

**Breisach**",180,NA,NA,NA,NO,"NO   Logistical failure (fire safety) with no explicit cost, financial pressure, or resource scarcity mentioned—only a failed use of existing empty space.",NO,"NO   Logistical failure due to safety issues with no explicit financial cost, burden, or resource scarcity named (e.g., no mention of euros, rental costs, or financial pressure).",NO,"NO   Exclusion applies: Logistical failure due to fire safety issues with **no mention of cost, financial pressure, budget strain, or resource scarcity**—only absence of beds and repair needs, no explicit burden on public finances or capacity limits.",NO,"None of T1-T5 apply. Text reports a **logistical failure** (fire safety deficiencies) with no mention of costs, financial burden, or resource strain on German/EU systems. The clinic’s unused status is noted as a *potential* accommodation option, but no explicit cost, capacity burden, or resource need is stated (e.g., ""renting at cost,"" ""budget overrun,"" or ""overloaded"").",NO,"NO   Logistical failure due to building/safety reasons with **no mention of financial burden, cost, euros, budget strain, or resource scarcity**.",NO,5,1
632712a93dd49b919c1d1ca4,Tagesspiegel,2,REFUG,106,"'In just ten years, the number of **refugees** and displaced persons worldwide has doubled. Nearly 90 million people were forced to live outside their homeland last year due to wars, violence, persecution, human rights violations, or intolerable living conditions in their countries.

Filippo Grandi, the United Nations High Commissioner for **Refugees**, will present his organization s UNHCR report on Thursday. He urges the international community to act: * Either we take steps to address so much human despair and find lasting solutions. Or we continue moving toward new, horrifying record numbers. *

The Ukraine is not yet included in the latest report.'",181,NA,NA,NA,NO,"NO   Statistics reporting only (numbers of refugees displaced worldwide). No explicit cost, burden, strain, or resource scarcity language.",NO,"NO   Statistics reporting only (no explicit T1–T5 framing: no cost, burden, financial pressure, or capacity limits mentioned).",NO,"NO   Humanitarian statistics and global displacement language with no explicit mention of costs, financial strain, or capacity limits on any receiving country or society.",NO,"NO   No mention of T1–T5. The paragraph reports only global refugee statistics and appeals to humanitarian action without linking to economic threats, costs, burden, or resource overload for receiving societies.",NO,"NO   Statistics reporting only. No cost, burden, strain, or overload language present.",NO,5,1
632712a03dd49b919c191128,SZ,6,ESP,125,"**Carapaz dons the Pink Jersey   Buchmann Seventh Overall**

2019 overall winner Carapaz took over the pink jersey of the race leader after a stage packed with over 3,000 meters of elevation gain, which Juan Pedro L pez of [Groupama-FDJ] had worn for the past ten days. Now leading by seven seconds, Carapaz holds the advantage over Hindley. His Bora-Hansgrohe teammate Buchmann improved to seventh place overall, with a deficit of 1:58 to Carapaz. *""It was a very intense and tough stage. We are totally happy to have the pink jersey now. The hardest part of the Giro is still ahead,""* Carapaz said afterward.

The 2022 Giro d Italia will continue on Sunday with the 15th stage, a 177-kilometer ride from Rivarolo Canavese to the mountain finish in Cogne. The 105th edition of the race concludes on May 29 in Verona.",182,NA,NA,NA,NO,"NO   No economic threat framing, refugee-related costs, or resource scarcity. Cyclist competition content with no T1–T5 elements.",NO,"NO   Sports reporting with no mention of refugees, immigration, costs, welfare, labour market, or capacity strain.",NO,"NO   Sport event reporting unrelated to immigration, no economic threat framing.",NO,"NO   Sport event reporting with no mention of immigration, costs, or economic threats.",NO,NO   Context is pure sports reporting with no economic threat framing linked to immigration.,NO,5,1
632712803dd49b919c0b76b8,Bild,4,HUN,94,"To strip Hungary s Prime Minister Viktor Orb n (58) of EU funds for his country, at least 15 EU states must vote in favor.

However, it will still take time before money is actually cut from the EU budget. For that, the final approval of at least 15 EU states representing at least 65 percent of the EU population would also be required.

First, Budapest can now respond to the allegations and, if necessary, propose corrective measures. The EU Commission will then take this into account when deciding whether to propose cutting [Group 1] s EU funds to the EU states.",183,NA,NA,NA,NO,"The text discusses **EU budget cuts for Hungary**—this is explicitly about **intergovernmental financial sanctions** (T2 would not apply as the threat stems from EU internal governance, not immigration itself) but **no economic threat framing tied to immigration** appears. *Key exclusion:* International politics & foreign aid (e.g., EU rule-of-law mechanisms) are NO per instructions.",NO,NO   EU funding sanctions and procedural discussions about Hungary’s EU funds are international politics and foreign aid—**not** German immigration-driven economic burden or resource strain.,NO,NO   International politics & foreign aid: EU budget sanctions against Hungary are not a German economic threat caused by immigration.,NO,"NO   EU internal funding dispute without explicit mention of T1–T5. No immigration-driven costs, burden, or capacity limits are stated; this is a rule-of-law/financial-sanctions procedure between EU member states, not German/EU economic threat framing.",NO,"NO   International politics & foreign aid: EU funds sanctioning applies as exclusion. The paragraph describes EU financial *sanctions* against Hungary—not direct costs, burden, or resource strain caused by immigration.",NO,5,1
632712a23dd49b919c1a5e0c,T-Online,5,AUT,160,"**Imola (dpa)**   Toto Wolff will face the pressure in the current **Mercedes** crisis head-on, without hesitation.

*""You get written up, you get written down,""* said the 50-year-old **[Group 1]** executive, under whose leadership the Silver Arrows have won seven drivers  and even eight constructors  titles in Formula 1 in recent years, in an interview with TV broadcasters **RTL/ntv**. *""The 'coach question' won t take long to surface. But no problem at all my shoulders are broad enough,""* Wolff said on the sidelines of the **Emilia Romagna Grand Prix** in **Imola**.

His team, featuring record seven-time world champion **Lewis Hamilton** and newcomer **George Russell**, has struggled to find its rhythm this year. The new race car is causing issues and headaches. Wolff has no intention of shirking responsibility in the first real crisis for the German works team after years of success. After all, he is also a **[Group 1]** co-owner of the racing team. *""I m not going anywhere,""* Wolff said. He has led the team since 2013 and is also **Mercedes**  motorsport chief.",184,NA,NA,NA,NO,"NO   **No mention of immigration, economic threat framing, or costs related to refugees/immigration.** The text focuses solely on Formula 1 team dynamics, performance issues, and leadership—no T1–T5 applies.",NO,"NO   Text discusses Formula 1 team performance and leadership crisis, unrelated to immigration or economic threat framing.",NO,"NO   Text discusses Formula 1 team performance crisis and leadership responsibility, no explicit mention of immigration, economic threat, or any criterion T1–T5.",NO,"NO   No mention of immigration, economic threats, costs, or resource strain; purely a business/Formula 1 leadership context.",NO,"NO   Text discusses **Mercedes** motorsport team's performance crisis and leadership, unrelated to immigration. No mention of economic threats, public funds, labor/welfare strain, or resource shortages linked to immigration.",NO,5,1
632712b03dd49b919c1f5edc,Berliner Zeitung,28,REFUG,251,"I speak with drivers who, at the reception and distribution points for their offered rideshares, primarily wish to have  women and children  as fellow passengers. The drivers argue with racist statements and fear, looking at the dark-skinned men at the border, that they are not Ukrainian students but [Other Group] from the Middle East who have entered via Belarus into [Other Group].

For context: In autumn 2021, Belarus opened a refugee route at the Polish border for the whole world. People traveled by plane via Minsk to Belarus and then made their way on foot to the Polish border. At the time, the right-wing populist ruling party PiS (Law and Justice) took an unyielding stance: no entry for [Other Group] into [Other Group]. Not even those who expressed a wish to apply for asylum were allowed to enter. Border guards sent the people mercilessly back into the snow-covered, swampy forests to the east. And the far-right media published similarly false narratives out of fear of destabilizing the country, much like today s Russian fake-news trolls do. For example, the issue of animal abuse by [Group 1] was heavily exploited and weaponized as a focal point.

The Polish ruling party PiS used the situation at the time to fuel anti-refugee sentiment among its voters. But when the war in Ukraine began, the Polish government s stance did a complete 180-degree turn. Polish President Andrzej Duda declared his full solidarity with the [Group 1], regardless of their numbers.",185,NA,NA,NA,NO,"NO   No economic threat framing (T1–T5) present. The text describes logistical reporting (receipt points, rideshare drivers, border events) and historical political maneuvers, but no explicit mention of **costs, burden, capacity limits, strain on welfare, or financial resources** (T2, T4, T5), nor any harm to the labour market (T3). The warned fictive ""racist statements"" about job displacement or welfare abuse are not substantiated economic claims.",NO,"*None of T1–T5 applies* – The text contains no explicit mention of economic threats (e.g., unemployment, welfare strain, costs, burdens, or resource shortages) tied to immigration. Instead, it focuses on political rhetoric, security fears, and historical context (e.g., PiS's stance, animal abuse narratives), with no cost, burden, or economic framing.",NO,"NO   The text discusses racist discourse, fear, and political manipulation but **no explicit economic threats (T1–T5)** are mentioned—no costs, burdens, welfare strain, labor market harm, or capacity limits are framed. The references to 'financial pressure' and 'destabilizing the country' describe *political* fears, not economic ones tied to immigration.",NO,"NO — The text describes racist assumptions, media narratives, and political stances but **no explicit mention of economic threat framing (T1-T5)**. No costs, burden, wages, unemployment, welfare strain, or resource scarcity linked to immigration are mentioned.",NO,"NO   Text does not mention any of T1–T5. While it discusses logistical and political challenges (refugee routes, border guards, anti-refugee sentiment), there is no explicit mention of economic threats, costs, burdens, capacity limits, or financial strain linked to immigration. The context is political and historical, not economic.",NO,5,1
632712ae3dd49b919c1e73f0,Welt,2,GBR,21,"**""Overseas: Animals in Need of Heat

Rising energy costs   [Group 1] are increasingly giving up reptiles

Especially the keeping costs for bearded dragons are very high""**",186,NA,NA,NA,YES,T5 YES   explicit mention of 'keeping costs for bearded dragons are very high' as a financial burden caused by immigration.,YES,"T5 YES   explicit mention of ""keeping costs for bearded dragons are very high"" as a financial burden for the immigrant group, implying economic strain from immigration (here: pet-keeping costs).",NO,"NO   General economic hardship (rising energy costs) unrelated to immigration; no mention of social burden, public resources, or strain on public finances (T4/T5).",NO,NO   Context is animal-keeping costs (pet reptiles) unrelated to immigration or public finance; not a T1–T5 economic threat frame.,NO,NO   German domestic economic issue not linked to immigration. The text discusses energy costs for German citizens (pet owners) with no reference to immigration-driven strain or costs.,NO,3,0.6
632d6861a697bc8ddb0c33b1,Focus,11,IRN,152,"**""Football star Ali Karimi:  Don t fear strong women **

Meanwhile, prominent figures [Group 1] in exile have rallied behind the protest movement. Even within Iran, voices have spoken out unusually sharply against the government s course. Football star Ali Karimi, for example, sided with the demonstrators. The former professional received support from many [Group 1] and [Group 1] for his stance. * Don t fear strong women. Maybe the day will come when they are your only army, * wrote the former pro, who also played in the Bundesliga, on Twitter.

The internet has been heavily restricted, with mobile networks largely shut down. Instagram, one of the last remaining free social networks, was also blocked. Several high-traffic Iranian news portals that had reported on the protests were no longer accessible abroad. State media websites barely addressed the demonstrations. The government, in turn, called for counter-protests following Friday prayers.""",187,NA,NA,NA,NO,"NO   Text focuses on political protests, internet restrictions, and sports commentary unrelated to immigration or economic threat framing.",NO,"NO   No economic threat framing (T1–T5) linked to immigration present. The text focuses solely on political protests, internet restrictions, and counter-protests, with no mention of economic harm, welfare, labor market effects, costs, or capacity limits.",NO,"NO   The text discusses political protest, censorship, and football commentary—no mention of economic threats, labor market harm, welfare strain, costs, or resource capacity limits linked to immigration.",NO,"NO   No mention of economic threat framing (T1–T5) or costs/burdens related to immigration. Text focuses on political protests, exile support, and internet restrictions.",NO,"NO   Text only discusses social unrest, sports commentary, and media censorship in Iran with no mention of migration to Germany or Europe; no economic threat framing applies.",NO,5,1
632712b73dd49b919c223184,Merkur,11,FRA,125,"**Act Two: Alpine Makes Moves**

Plan A for Alpine involved extending the expiring contract with Alonso and reportedly having replacement driver Oscar Piastri serve an apprentice year at Williams. With Plan A falling through, [Group 1] now had to act. As late as August 2nd, Alpine team principal Szafnauer stated that Piastri back-to-back champion in Formula 3 and Formula 2 was the preferred candidate to succeed Alonso. After all, they did have contract options for 2023 and 2024 covering the 21-year-old.

However, there was still nothing to announce, as Piastri and his camp were still weighing their options,  whatever that means,  as Szafnauer noted. The young Australian and his manager Mark Webber formerly Red Bull teammate of Vettel have been in contact with McLaren for some time.",188,NA,NA,NA,NO,NO   Formula 1 team management decisions unrelated to immigration or economic threat frames. No mention of T1–T5 criteria.,NO,"NO   Formula 1 driver contract negotiations unrelated to immigration, no economic threat framing.",NO,"NO   Text contains no explicit mention of immigration, refugees, or [Group 1] in the context of labor markets, welfare, public finances, or resource strain. It discusses Formula 1 team maneuvers unrelated to economic threat framing.",NO,"NO   No mention of immigration, economic harm, public finances, labor market displacement, or resource strain. Text is purely about Formula 1 team decisions.",NO,"NO   sports team logistics; no mention of immigrants, economic threats, or T1–T5 criteria.",NO,5,1
Tonline_added_e62091b28c6993a5ab3fb95fee50ab6f23a8abbb_,T-Online,11,USA,177,"Dr. Takuma Melber, born in 1983, is a research associate and coordinator of the Master s program in Transcultural Studies at the Heidelberg Centre for Transcultural Studies (HCTS) of Heidelberg University. The German-Japanese historian is an expert on the history of modern Japan and the era of world wars in the Asia-Pacific region. In 2016, he published his book *""Pearl Harbor: Japans Angriff und der Kriegseintritt der USA""* (*Pearl Harbor: Japan s Attack and the U.S. Entry into the War*), followed a year later by *""Zwischen Kollaboration und Widerstand: Die japanische Besatzung in Malaya und Singapur (1942 1945)""* (*Between Collaboration and Resistance: The Japanese Occupation in Malaya and Singapore (1942 1945)*).

At Midway, however, it was clearly **[Group 1]** that had the advantage. This was also due to the fact that **[the Other Group]** had underestimated the USA.

That s correct. On the one hand, Admiral Yamamoto believed that the *USS Yorktown* had been neutralized in the Coral Sea a mistake. Thus, the U.S. Navy had three major aircraft carriers at its disposal for the Battle of Midway: the *USS Enterprise*, the *USS Hornet*, and indeed also the *USS Yorktown*. On the other hand, the USA were by then also capable of reading the Japanese naval code. Admiral Chester W. Nimitz, the commander-in-chief of the American Pacific Fleet, was therefore well informed about the Japanese war plans.",189,NA,NA,NA,NO,"NO   Historical/military analysis about World War II naval operations; no mention of immigration, migration, or refugees.",NO,"NO   Military history context only, no explicit mention of immigration, economic harm, cost, burden, or resource strain in the text.",NO,"NO   Text exclusively describes historical military analysis and academic biography—no mention of immigration, economic threats, labor market, welfare, or resource constraints.",NO,NO   Text discusses military history and academic biography unrelated to immigration or economic threat framing.,NO,"NO   Military history analysis: no economic framing, costs, or threats linked to immigration.",NO,5,1
632712a53dd49b919c1bb8b2,Tag24,11,BRA,59,"**Over 100 million spent on two players**

So far, the Catalans have spent over 100 million euros on **[Group 1]** Raphinha (Leeds United) and Robert Lewandowski (33) from FC Bayern.

Franck Kessi  (25, AC Milan) and Andreas Christensen (26, FC Chelsea) joined for free transfers. It wasn t a verbal attack against Barcelona, it was just a question, said Nagelsmann.",190,NA,NA,NA,NO,"T5 NO   Transfer market costs for players are unrelated to immigration (refugees, asylum seekers, etc.)",NO,"NO   Transfer market spending on football players: unrelated to immigration, excluded by context.",NO,NO   Football transfer expenses unrelated to immigration (commercial transaction with no connection to T1–T5).,NO,NO (T5 does not apply)   Football transfers for players are unrelated to immigration; no mention of economic threat framing linked to immigration.,NO,NO   Football transfers: expenses unrelated to immigration or public finances. T5 does not cover private sports club spending.,NO,5,1
OSZ-doc7kc4lo7u08mjogbgcw1,OSZ,1,REFUG,119,"After two hotels, another property in the district is to be used to accommodate **[Group 1] from Ukraine**: a property in the municipality of **Blowatz**. This is announced by the district administration. The two large initial reception facilities in **Gro  Str mkendorf** and **Kritzow** are currently fully occupied. Therefore, the property in **Blowatz** is to be vacated promptly.

More than **1,220 [Group 1] people from Ukraine** are currently in **Nordwestmecklenburg**. **1,188** of them have already been registered with the Social Services Department, and **345** have also been registered with the Foreigners' Authority. Currently, **407** people are accommodated in central housing provided by the district, **33** of them in the emergency shelter at the **Berufschulzentrum Nord** in **Wismar**. **174** people have been placed in rented apartments. In some cases, these accommodations must be furnished before move-in.",191,NA,NA,NA,NO,"NO   Logistics reporting with no cost, burden, strain, or overload language. No euro amounts, capacity limits, or financial pressure explicitly stated—only occupancy numbers and logistical setup.",NO,"NO   Logistics reporting with no explicit cost/burden language. Phrases like ""is to be used,"" ""fully occupied,"" or furnishing needs do not meet T5 criteria; mere occupancy numbers or accommodation setup count as NO.",NO,"NO   The text provides logistics of accommodation (e.g., 'berufsschulzentrum', 'rented apartments', 'move-in') and statistics on residents, but **no explicit financial burden, capacity overload, or cost language** (e.g., euros, budget strain, or ""overloaded resources"") is present. ""Furnished before move-in"" describes logistical setup, not taxpayer cost.",NO,"NO   Logistics reporting: text only states that additional property is to be used for accommodation (no cost language, no financial burden, no shortage/overload mentioned; only occupancy numbers and registrations are given).",NO,"NO   Logistics reporting + statistics only: no cost, burden, or capacity limit language is present beyond stating ""current"" occupancy.",NO,5,1
632712873dd49b919c0ea14f,Focus,17,GBR,103,"**""I feel much better than I did a year ago. In the first sector, they ve done good work. Last year, the harassment was horrendous. Now, this section is normal,""** Rea compares. **""But there are still many areas that need improvement. The last sector is still very uneven.""**

Rea was surprised that the Autodrom Most stands were still quite empty on Friday. **""I expected more fans to come here. Compared to Donington and Misano, there are significantly fewer spectators on site. I hope more viewers arrive tomorrow,""** said the **[Gruppe 1]** driver, who finished fifth on Friday.",192,NA,NA,NA,NO,"NO   No explicit mention of economic threat framing (T1–T5). The paragraph discusses attendance at a race, with no reference to costs, burden, financial pressure, or capacity limits related to immigration.",NO,"NO   Driver commentary on empty stands: no mention of immigration, costs, financial strain, or resource limits; purely a logistical/spectator observation.",NO,"NO   Context is about fan attendance at a motorsport event, unrelated to immigration or economic framing.",NO,NO   Only describes attendance of spectators and subjective improvement in facility conditions—no economic threat framing (T1-T5) or cost/burden language.,NO,"NO   Text discusses spectator attendance at an event with no mention of costs, financial burden, immigration, refugees, or economic threats (T1–T5).",NO,5,1
WAZ-9C40E6328DBC1FF77F90E24C4E950F5C_4173826,WAZ,1,HUN,158,"**Goch** The **Goli Theater**, whose origins date back to 1911, has turned 111 this year. The **Goli-Verein** is also celebrating its birthday: For eleven years now, the volunteers of **Goli e.V.** have been running the historic cinema on a voluntary basis. These anniversaries are being celebrated with a film comedy set in the 1950s the era when the current cinema building on **Br ckenstra e** in **Goch** was also constructed:

**December 15, 8:00 PM:** *""Mrs. Harris and a Dior Dress""* (France, UK, [Group 1]   2022   116 minutes). Admission: **6 euros**, entry from **7:00 PM**. A glass of sparkling wine is included in the ticket price.

Previously, there will be a **Cinema Weekend**:
**Saturday + Sunday, December 3 + 4, 3:00 PM:** *""Mama Muh and the Big Wide World""* (Sweden 2021, 65 minutes)   **Goli age recommendation: from 6 years**. Admission: **4 euros**, entry from **2:30 PM**.
**Saturday + Sunday, December 3 + 4, 8:00 PM:** *""The Last Name""* (Germany 2022, 87 minutes). **6 euros**, entry from **7:00 PM**.

For more information and ticket reservations:
[https://www.golitheater.de](https://www.golitheater.de)",193,NA,NA,NA,NO,"NO   Theater event listing with ticket prices unrelated to immigration; no mention of cost burden, capacity limits, or resource strain caused by immigration.",NO,"NO   No mention of immigration, T1-T5 criteria, or any economic burden/financial strain linked to refugees. The event is a private cultural celebration with ticket prices unrelated to immigration.",NO,"NO   No mention of immigration, costs, burden, capacity limits, or resource strain. Entire paragraph describes a local volunteer-run cinema event with ticket prices and no reference to immigrant groups or financial threat framing.",NO,"NO   No mention of immigration, economic harm, financial strain, welfare, labor market displacement, or resource shortages. The text is purely logistical/reservation info for a volunteer-run, ticketed cinema event.",NO,"NO   The text describes a local cinema event with admission prices (6€/4€) and volunteer-run operations. No mention of refugee-related costs, welfare strain, budget overruns, or resource scarcity (e.g., housing, healthcare, or administrative overload). The ""6 euros"" are unrelated to immigration—it's a voluntary cultural event.",NO,5,1
632712b33dd49b919c206e23,Merkur,8,FRA,130,"Germany has a chance at more medals on Friday. The first decision will come as early as 2:30 a.m., when the women s freestyle halfpipe athletes take to the course. Sabrina Cakmakli is the only German competitor. [The other group] Eileen Gu is considered the biggest favorite for Olympic gold, but Canada s Rachael Karker also has a shot at the top spot.

Next up is the men s skicross, where things get serious at 7:00 a.m. with four Germans in the mix: Florian Wilmsmann, Daniel Bohnacker, Tobias M ller, and Niklas Bachsleitner. However, the favorites are others: Swiss athlete Ryan Regez and [Group 1] Bastien Modol are among the hottest medal contenders.

Just five minutes later, at 7:05 a.m., the men s curling bronze medal match is on the schedule.",194,NA,NA,NA,NO,"NO — no mention of economic harm, welfare strain, labor displacement, public finances, or capacity limits linked to immigration; entirely sports competition context with no T1–T5 triggers.",NO,"NO   The text is purely about Olympic sports and has no mention of immigration, economic threats, welfare, unemployment, costs, or capacity limits. It does not trigger any of T1–T5.",NO,None of T1–T5 apply. The text is entirely about Olympic sports and German athletes’ performance with no mention of economic threat framing related to immigration.,NO,"NO   Sports/athletics reporting with no mention of economic threat, immigration, or resources—no T1–T5 criteria triggered.",NO,"NO   Pure sports reporting with no mentions of immigration, let alone economic threats or resource strain.",NO,5,1
632712793dd49b919c08b24c,RND,7,GBR,80,"This is being very well received in the British public. One is  blessed  that Charles has risen above himself and that there has been no perceived gap following the Queen s death, a BBC commentator gushes.

Duty was always a cornerstone of the Queen s long reign. Charles now makes it clear that he sees himself exactly in this tradition. Such continuity is best suited to ease the current sense of loss among many **[Group 1]**.

Charles  political image",195,NA,NA,NA,NO,"NO   British public sentiment and continuity in royal tradition, unrelated to immigration-linked economic threats. No mention of T1–T5 criteria.",NO,"NO   Text contains no reference to immigration, economic threats, or any T1–T5 criteria. Focus is solely on British public sentiment and monarchy continuity.",NO,"NO   No mention of economic threat framing, financial burden, cost, or resource scarcity related to immigration. Only references to public sentiment and tradition.",NO,"NO   No economic threat framing (T1-T5) present. Text focuses on British public sentiment and continuity in monarchy, unrelated to immigration costs or resource strain.",NO,"NO   No explicit mention of any economic threat, cost, burden, capacity limits, or financial pressure linked to immigration. Text is purely about public sentiment toward the British monarchy.",NO,5,1
6327126f3dd49b919c056f26,Welt,8,GBR,56,"**""Seeking a fresh start after health issues: Jamie Lewis wins tournament in Antwerp**

At the end, **Group 1** s Jamie Lewis emerged victorious after all, he was a **PDC World Championship semifinalist in 2018** but the real headlines came from an incident during the tournament. Former PDC pro Darren Johnson publicly called him out.

*The player hit the double with the floor, not his foot.*""",196,NA,NA,NA,NO,"NO   No mention of immigration, welfare, labor, public finances, costs, or resource strains. Text is unrelated to threat framing about immigrants, only about a darts tournament.",NO,NO   Text discusses a sports incident unrelated to immigration and contains no economic framing (T1-T5).,NO,"NO   Context is about a darts tournament incident and unrelated player commentary; no mention of immigration, economic threat framing, or any of T1–T5.",NO,"NO   Sport context: no immigration, no economic framing, no reference to T1–T5.",NO,"NO   This paragraph discusses a sports tournament incident and unrelated health/PDC championship context. No immigration, economic threat framing, or T1–T5 criteria are applied.",NO,5,1
63492626fbfbf2b24508a144,Pravda TV,9,EU,99,"'Since wood and wood pellets are so expensive, some people in Europe are considering  alternative options  that would have been unthinkable in the past. (Critical winter ahead: County administrator prepares for  power outages lasting longer than 72 hours )

We are told that some [Group 1] are even contacting their local chimney sweeps to inquire about the possibility of burning horse manure in their stoves 

The inexperience is also evident in Germany, where the Association of Chimney Sweeps is facing a flood of inquiries about connecting new and old stoves and customers are asking about burning horse dung and other obscure fuels.'",197,NA,NA,NA,NO,"NO   No explicit mention of T1-T5. The paragraph focuses on energy shortages, stove modifications, and inexperience with fuels—no link to immigration causing cost, burden, or resource strain.",NO,"NO   No economic threat framing linked to immigration present. The text discusses alternative heating due to high energy prices (a general economic issue) and inexperience with fuels, but does **not** connect these to immigration or mention costs, burden, capacity limits, or strain on resources.",NO,"NO   The text discusses alternative fuel options due to high wood/pellet prices (general inflation issue unrelated to immigration) and curiosity about obscure fuels by some individuals — no explicit mention of costs, financial pressure, or resource strain tied to immigration (T1-T5).",NO,"NO   No economic threat framing: no mention of costs, burden, strain, capacity limits, welfare, labor market harm, public finances, or financial resources. The text discusses practical alternatives due to wood/wood pellet prices (general energy cost issue) and inexperience with stoves, not immigration-related economic threats.",NO,"NO   No mention of costs, financial pressure, capacity limits, or resource shortages caused by immigration. Description of inexperience and stove inquiries does not imply T1-T5 framing.",NO,5,1
632712b93dd49b919c2306b8,nordbayern.de,43,NLD,115,"**Magic Moments**

The club delivers another wonderful European Cup performance on December 5, 2007, taking to the pitch in Alkmaar. As guests in the UEFA Cup at the Achteck, the FCN must win and they do. Leading until the final minutes, it is Marek Mintal who, with near-identical brilliance and impeccable finishing, scores twice in quick succession and keeps N rnberg s European campaign alive. Mathias Zeck, who calls the match from a club perspective on the radio, loses his voice, but the FCN does not lose its nerve on this fantastic evening. Thanks to Magic Mintal, who in 2005 became the first N rnberg player ever to win the Bundesliga top-scorer title and who once again makes the club happy in this wonderful European Cup appearance.   Zink

**Boakye, Beer and Partyboys**",198,NA,NA,NA,NO,"NO   Sports/article unrelated to immigration, no economic references, and no mention of T1–T5 criteria.",NO,"NO   No mention of immigration, economic threats, costs, or resource strains—this is a football sports article.",NO,NO   Sports reporting unrelated to immigration or economic threat framing.,NO,"The text is about a football match and contains no references to immigration, economic threats, labor markets, welfare, or resource constraints related to migration.",NO,NO   No mention of immigration or economic threat framing. Text is unrelated to immigration or economic burden.,NO,5,1
6327129e3dd49b919c185d96,SZ,5,REFUG,143,"With these key figures, the federal government is planning until a so-called supplementary budget is introduced to the Bundestag:

**New borrowing:** The core budget is set to take on ** 99.7 billion** in new debt. This volume was already budgeted by Lindner s predecessor, current Chancellor **Olaf Scholz (SPD)**. The **FDP leader** assured that, despite additional burdens from **Corona** and the **Ukraine war**, this sum will not be exceeded. The planned update could, however, include humanitarian aid abroad, spending for **[Group 1]** in Germany, support for the economy, and relief measures for citizens.

**Defense:** Facing the war, the federal government is placing a new emphasis on the **Bundeswehr**. The regular defense budget rises to ** 50.3 billion** higher than planned by the previous government. This is in addition to the ** 100 billion** special fund, structured over several years. Lindner stated that deductions from this special fund will allow Germany to meet the **NATO s two-percent target**. However, how the money will be spent remains controversial.",199,NA,NA,NA,YES,"T5 YES   explicit mention of 'burdens from **Corona** and the **Ukraine war**' is not relevant, but '**spending for **[Group 1]**** in Germany' is explicit cost language triggered by immigration",NO,"NO   **No T1–T5 triggers present.**
- While ""support for **[Group 1]** in Germany"" is mentioned, there is no explicit mention of **costs, burden, financial pressure, budget strain, capacity limits, or resource shortages** (T5).
- The paragraph lists general budget items (e.g., humanitarian aid abroad, economy support, citizens' relief) **without linking them to immigration-specific economic threats**.
- The **99.7 billion/50.3 billion/100 billion figures** refer to **existing/national defense/NATO commitments**, not immigration-related costs.
- **No T3 (labor market harm) or T4 (welfare strain) language** is present.",YES,"T5 YES   **""spending for [Group 1] in Germany""** explicitly mentions financial expenditure linked to immigration, and **""additional burdens... from [Group 1]""** (via ""Corona and the Ukraine war"" framing) implies system strain, even if not explicitly named as cost—**direct reference to immigration-related outlay exists**.",YES,"T5 YES   ‘support for **[Group 1]** in Germany’ included in the budget as an **additional burden** alongside war and Corona, coupled with ‘financial pressure’ language in the broader budget justification.
---",YES,"T5 YES   **explicit financial burden language**: 'spending for **[Group 1]** in Germany' and 'additional burdens from ... **[Group 1]**', paired with 'considerable cost' logic in preceding examples.",YES,4,0.8
LVZ-doc7mymm3ljul41k3vl8kaa,LVZ,8,REFUG,58,"**Lack of carers**

Similarly, solutions for accommodation are being sought for unaccompanied minors [Group 1], who are also arriving in increasing numbers again. ""The main problem here is that, in addition to suitable facilities, there is also a lack of the necessary staff,"" Jugendamtsleiterin Simone R dl emphasized. The Free State has already announced that it will lower the relevant standards for hiring in order to find enough carers at all.",200,NA,NA,NA,NO,"NO   Logistics reporting without cost/burden language. The text names staff shortages but does *not* use T5 terms (cost, capacity limits, financial pressure, etc.).",YES,"T5 YES   the phrase **""significant financial pressure""** and the state’s decision to **""lower the relevant standards for hiring""** explicitly reference resource scarcity and capacity strain caused by immigration.",NO,"NO   ""Lack of carers"" describes a staffing shortage, but no explicit mention of **costs, financial pressure, budget strain, or resource limits** (e.g., euros, rental costs, or capacity overload). The phrase ""lower the relevant standards for hiring"" refers only to labor access, not economic strain on the public system.",NO,"T5: **""lack of the necessary staff""** does *not* qualify—this is a logistical staff shortage, NOT financial burden. The phrase **""lower the relevant standards for hiring""** (i.e., relaxing regulations to hire more staff) does *not* explicitly mention **costs, budget strain, or financial limits** (e.g., ""200 million,"" ""renting at considerable cost""), which are required for T5. The text also lacks any explicit reference to *financial* capacity limits or *resources* (e.g., money, euros, welfare strain).",NO,"T5 NO   Staff shortages for carers are explicitly about hiring challenges, not economic costs, budget strain, renting expenses, or resource scarcity for receiving society—only about workforce availability.",NO,4,0.8
